event_id,date,match,outcome,odds,closing_odds,closing_fair_odds,p_model,p_devig,p_calibrated,raw_ev_pct,calibrated_ev_pct,status,actual_result,is_win,raw_clv,raw_clv_pct,fair_clv,fair_clv_pct,beat_closing,is_candidate_signal
2023-08-11_Burnley_Manchester City_home,2023-08-11,Burnley vs Manchester City,home,9.5,8.58,9.276,0.1737,0.105,0.1137,65.02,8.01,CALIBRATED_EV,away,False,0.1072,10.72,0.0241,2.41,True,True
2023-08-11_Burnley_Manchester City_draw,2023-08-11,Burnley vs Manchester City,draw,5.68,5.51,5.862,0.1863,0.1758,0.1776,5.82,0.85,MARGINAL_EV,away,False,0.0309,3.09,-0.031,-3.1,True,False
2023-08-11_Burnley_Manchester City_away,2023-08-11,Burnley vs Manchester City,away,1.39,1.37,1.386,0.64,0.7192,0.697,-11.04,-3.11,NO_EDGE,away,True,0.0146,1.46,0.0029,0.29,True,False
2023-08-12_Everton_Fulham_home,2023-08-12,Everton vs Fulham,home,2.3,2.27,2.321,0.3075,0.4332,0.398,-29.28,-8.46,NO_EDGE,away,False,0.0132,1.32,-0.009,-0.9,True,False
2023-08-12_Everton_Fulham_draw,2023-08-12,Everton vs Fulham,draw,3.57,3.45,3.568,0.212,0.2785,0.2599,-24.32,-7.21,NO_EDGE,away,False,0.0348,3.48,0.0006,0.06,True,False
2023-08-12_Everton_Fulham_away,2023-08-12,Everton vs Fulham,away,3.45,3.35,3.462,0.4805,0.2883,0.3098,65.77,6.88,CALIBRATED_EV,away,True,0.0299,2.99,-0.0035,-0.35,True,True
2023-08-12_Sheffield United_Crystal Palace_home,2023-08-12,Sheffield United vs Crystal Palace,home,3.31,3.28,3.379,0.3863,0.3029,0.3262,27.87,7.98,CALIBRATED_EV,away,False,0.0091,0.91,-0.0204,-2.04,True,True
2023-08-12_Sheffield United_Crystal Palace_draw,2023-08-12,Sheffield United vs Crystal Palace,draw,3.42,3.22,3.316,0.2344,0.2932,0.2767,-19.84,-5.37,NO_EDGE,away,False,0.0621,6.21,0.0314,3.14,True,False
2023-08-12_Sheffield United_Crystal Palace_away,2023-08-12,Sheffield United vs Crystal Palace,away,2.48,2.43,2.485,0.3793,0.404,0.3947,-5.93,-2.12,NO_EDGE,away,True,0.0206,2.06,-0.002,-0.2,True,False
2023-08-12_Arsenal_Nottingham Forest_home,2023-08-12,Arsenal vs Nottingham Forest,home,1.21,1.18,1.194,0.678,0.8261,0.8095,-17.96,-2.05,NO_EDGE,home,True,0.0254,2.54,0.0134,1.34,True,False
2023-08-12_Arsenal_Nottingham Forest_draw,2023-08-12,Arsenal vs Nottingham Forest,draw,8.5,7.86,9.098,0.1493,0.1171,0.1212,26.91,2.99,MARGINAL_EV,home,False,0.0814,8.14,-0.0657,-6.57,True,False
2023-08-12_Arsenal_Nottingham Forest_away,2023-08-12,Arsenal vs Nottingham Forest,away,17.5,15.67,19.044,0.1727,0.0568,0.0714,202.22,24.93,FAKE_EV,home,False,0.1168,11.68,-0.0811,-8.11,True,False
2023-08-12_Bournemouth_West Ham United_home,2023-08-12,Bournemouth vs West Ham United,home,2.8,2.7,2.769,0.3122,0.3582,0.3453,-12.58,-3.32,NO_EDGE,draw,False,0.037,3.7,0.0112,1.12,True,False
2023-08-12_Bournemouth_West Ham United_draw,2023-08-12,Bournemouth vs West Ham United,draw,3.62,3.47,3.582,0.2014,0.2772,0.256,-27.09,-7.34,NO_EDGE,draw,True,0.0432,4.32,0.0106,1.06,True,False
2023-08-12_Bournemouth_West Ham United_away,2023-08-12,Bournemouth vs West Ham United,away,2.75,2.71,2.78,0.4865,0.3646,0.3988,33.79,9.66,CALIBRATED_EV,draw,False,0.0148,1.48,-0.0108,-1.08,True,True
2023-08-12_Brighton_Luton Town_home,2023-08-12,Brighton vs Luton Town,home,1.36,1.33,1.347,0.4889,0.7361,0.7085,-33.51,-3.65,NO_EDGE,home,True,0.0226,2.26,0.0097,0.97,True,False
2023-08-12_Brighton_Luton Town_draw,2023-08-12,Brighton vs Luton Town,draw,6.0,5.65,6.108,0.2029,0.1678,0.1722,21.74,3.33,MARGINAL_EV,home,False,0.0619,6.19,-0.0177,-1.77,True,False
2023-08-12_Brighton_Luton Town_away,2023-08-12,Brighton vs Luton Town,away,10.5,9.61,10.641,0.3082,0.0961,0.113,223.61,18.7,FAKE_EV,home,False,0.0926,9.26,-0.0133,-1.33,True,False
2023-08-12_Newcastle United_Aston Villa_home,2023-08-12,Newcastle United vs Aston Villa,home,1.8,1.77,1.801,0.3852,0.5544,0.5354,-30.66,-3.62,NO_EDGE,home,True,0.0169,1.69,-0.0006,-0.06,True,False
2023-08-12_Newcastle United_Aston Villa_draw,2023-08-12,Newcastle United vs Aston Villa,draw,4.1,3.92,4.086,0.2296,0.2427,0.2377,-5.86,-2.53,NO_EDGE,home,False,0.0459,4.59,0.0034,0.34,True,False
2023-08-12_Newcastle United_Aston Villa_away,2023-08-12,Newcastle United vs Aston Villa,away,4.9,4.77,5.001,0.3852,0.2029,0.2233,88.75,9.44,CALIBRATED_EV,home,False,0.0273,2.73,-0.0202,-2.02,True,True
2023-08-13_Brentford_Tottenham_home,2023-08-13,Brentford vs Tottenham,home,2.85,2.76,2.835,0.4485,0.352,0.379,27.82,8.03,CALIBRATED_EV,draw,False,0.0326,3.26,0.0053,0.53,True,True
2023-08-13_Brentford_Tottenham_draw,2023-08-13,Brentford vs Tottenham,draw,3.83,3.65,3.777,0.2044,0.2622,0.246,-21.71,-5.77,NO_EDGE,draw,True,0.0493,4.93,0.014,1.4,True,False
2023-08-13_Brentford_Tottenham_away,2023-08-13,Brentford vs Tottenham,away,2.6,2.55,2.614,0.3471,0.3858,0.3749,-9.75,-2.52,NO_EDGE,draw,False,0.0196,1.96,-0.0054,-0.54,True,False
2023-08-13_Chelsea_Liverpool_home,2023-08-13,Chelsea vs Liverpool,home,3.05,2.97,3.056,0.1611,0.3303,0.3113,-50.86,-5.05,NO_EDGE,draw,False,0.0269,2.69,-0.002,-0.2,True,False
2023-08-13_Chelsea_Liverpool_draw,2023-08-13,Chelsea vs Liverpool,draw,3.82,3.64,3.765,0.1671,0.2641,0.2369,-36.17,-9.49,NO_EDGE,draw,True,0.0495,4.95,0.0146,1.46,True,False
2023-08-13_Chelsea_Liverpool_away,2023-08-13,Chelsea vs Liverpool,away,2.48,2.4,2.456,0.6718,0.4056,0.4354,66.61,7.99,CALIBRATED_EV,draw,False,0.0333,3.33,0.0098,0.98,True,True
2023-08-14_Manchester United_Wolverhampton Wanderers_home,2023-08-14,Manchester United vs Wolverhampton Wanderers,home,1.34,1.32,1.337,0.5605,0.7451,0.7244,-24.89,-2.93,NO_EDGE,home,True,0.0152,1.52,0.0022,0.22,True,False
2023-08-14_Manchester United_Wolverhampton Wanderers_draw,2023-08-14,Manchester United vs Wolverhampton Wanderers,draw,6.0,5.79,6.286,0.2301,0.1651,0.1733,38.06,3.98,MARGINAL_EV,home,False,0.0363,3.63,-0.0455,-4.55,True,False
2023-08-14_Manchester United_Wolverhampton Wanderers_away,2023-08-14,Manchester United vs Wolverhampton Wanderers,away,11.0,9.66,10.741,0.2094,0.0898,0.1048,130.34,15.32,FAKE_EV,home,False,0.1387,13.87,0.0241,2.41,True,False
2023-08-18_Nottingham Forest_Sheffield United_home,2023-08-18,Nottingham Forest vs Sheffield United,home,2.0,1.97,2.001,0.3569,0.5,0.484,-28.62,-3.21,NO_EDGE,home,True,0.0152,1.52,-0.0005,-0.05,True,False
2023-08-18_Nottingham Forest_Sheffield United_draw,2023-08-18,Nottingham Forest vs Sheffield United,draw,3.6,3.48,3.582,0.2196,0.2778,0.2615,-20.94,-5.86,NO_EDGE,home,False,0.0345,3.45,0.005,0.5,True,False
2023-08-18_Nottingham Forest_Sheffield United_away,2023-08-18,Nottingham Forest vs Sheffield United,away,4.5,4.37,4.522,0.4235,0.2222,0.2448,90.57,10.14,CALIBRATED_EV,home,False,0.0297,2.97,-0.0049,-0.49,True,True
2023-08-19_Fulham_Brentford_home,2023-08-19,Fulham vs Brentford,home,2.8,2.76,2.835,0.3189,0.3562,0.3458,-10.71,-3.19,NO_EDGE,away,False,0.0145,1.45,-0.0123,-1.23,True,False
2023-08-19_Fulham_Brentford_draw,2023-08-19,Fulham vs Brentford,draw,3.58,3.43,3.543,0.2373,0.2784,0.2669,-15.05,-4.45,NO_EDGE,away,False,0.0437,4.37,0.0104,1.04,True,False
2023-08-19_Fulham_Brentford_away,2023-08-19,Fulham vs Brentford,away,2.73,2.67,2.74,0.4438,0.3654,0.3873,21.16,5.74,CALIBRATED_EV,away,True,0.0225,2.25,-0.0036,-0.36,True,True
2023-08-19_Liverpool_Bournemouth_home,2023-08-19,Liverpool vs Bournemouth,home,1.26,1.23,1.247,0.6334,0.7925,0.7747,-20.19,-2.39,NO_EDGE,home,True,0.0244,2.44,0.0104,1.04,True,False
2023-08-19_Liverpool_Bournemouth_draw,2023-08-19,Liverpool vs Bournemouth,draw,7.5,7.14,8.11,0.1778,0.1317,0.1375,33.35,3.15,MARGINAL_EV,home,False,0.0504,5.04,-0.0752,-7.52,True,False
2023-08-19_Liverpool_Bournemouth_away,2023-08-19,Liverpool vs Bournemouth,away,13.0,11.46,13.421,0.1888,0.0757,0.09,145.44,16.99,FAKE_EV,home,False,0.1344,13.44,-0.0314,-3.14,True,False
2023-08-19_Wolverhampton Wanderers_Brighton_home,2023-08-19,Wolverhampton Wanderers vs Brighton,home,4.25,4.12,4.295,0.2015,0.2376,0.2275,-14.36,-3.3,NO_EDGE,away,False,0.0316,3.16,-0.0105,-1.05,True,False
2023-08-19_Wolverhampton Wanderers_Brighton_draw,2023-08-19,Wolverhampton Wanderers vs Brighton,draw,4.0,3.92,4.081,0.1832,0.2524,0.233,-26.72,-6.79,NO_EDGE,away,False,0.0204,2.04,-0.0198,-1.98,True,False
2023-08-19_Wolverhampton Wanderers_Brighton_away,2023-08-19,Wolverhampton Wanderers vs Brighton,away,1.97,1.88,1.915,0.6153,0.51,0.5395,21.21,6.28,CALIBRATED_EV,away,True,0.0479,4.79,0.0287,2.87,True,True
2023-08-19_Tottenham_Manchester United_home,2023-08-19,Tottenham vs Manchester United,home,2.95,2.85,2.928,0.3417,0.3397,0.3404,0.8,0.43,NO_EDGE,home,True,0.0351,3.51,0.0075,0.75,True,False
2023-08-19_Tottenham_Manchester United_draw,2023-08-19,Tottenham vs Manchester United,draw,3.96,3.82,3.955,0.2087,0.2532,0.2407,-17.35,-4.68,NO_EDGE,home,False,0.0366,3.66,0.0013,0.13,True,False
2023-08-19_Tottenham_Manchester United_away,2023-08-19,Tottenham vs Manchester United,away,2.46,2.41,2.465,0.4496,0.4072,0.4191,10.6,3.09,MARGINAL_EV,home,False,0.0207,2.07,-0.002,-0.2,True,False
2023-08-19_Manchester City_Newcastle United_home,2023-08-19,Manchester City vs Newcastle United,home,1.75,1.73,1.76,0.4724,0.5726,0.5446,-17.33,-4.7,NO_EDGE,home,True,0.0116,1.16,-0.0057,-0.57,True,False
2023-08-19_Manchester City_Newcastle United_draw,2023-08-19,Manchester City vs Newcastle United,draw,4.3,4.1,4.285,0.1921,0.2339,0.2222,-17.4,-4.47,NO_EDGE,home,False,0.0488,4.88,0.0035,0.35,True,False
2023-08-19_Manchester City_Newcastle United_away,2023-08-19,Manchester City vs Newcastle United,away,5.2,4.8,5.041,0.3355,0.1935,0.2094,74.46,8.89,CALIBRATED_EV,home,False,0.0833,8.33,0.0315,3.15,True,True
2023-08-20_Aston Villa_Everton_home,2023-08-20,Aston Villa vs Everton,home,1.76,1.72,1.749,0.5833,0.5691,0.5745,2.66,1.1,NO_EDGE,home,True,0.0233,2.33,0.0063,0.63,True,False
2023-08-20_Aston Villa_Everton_draw,2023-08-20,Aston Villa vs Everton,draw,4.1,3.99,4.163,0.2163,0.2449,0.2341,-11.32,-4.04,NO_EDGE,home,False,0.0276,2.76,-0.0151,-1.51,True,False
2023-08-20_Aston Villa_Everton_away,2023-08-20,Aston Villa vs Everton,away,5.4,5.06,5.319,0.2005,0.1861,0.1915,8.27,3.42,MARGINAL_EV,home,False,0.0672,6.72,0.0152,1.52,True,False
2023-08-20_West Ham United_Chelsea_home,2023-08-20,West Ham United vs Chelsea,home,3.86,3.68,3.811,0.3892,0.2599,0.2961,50.23,14.3,CALIBRATED_EV,home,True,0.0489,4.89,0.0129,1.29,True,True
2023-08-20_West Ham United_Chelsea_draw,2023-08-20,West Ham United vs Chelsea,draw,3.75,3.57,3.694,0.2216,0.2675,0.2547,-16.9,-4.5,NO_EDGE,home,False,0.0504,5.04,0.0152,1.52,True,False
2023-08-20_West Ham United_Chelsea_away,2023-08-20,West Ham United vs Chelsea,away,2.12,2.1,2.142,0.3892,0.4726,0.4492,-17.49,-4.77,NO_EDGE,home,False,0.0095,0.95,-0.0103,-1.03,True,False
2023-08-21_Crystal Palace_Arsenal_home,2023-08-21,Crystal Palace vs Arsenal,home,6.0,5.73,6.071,0.2566,0.1689,0.18,53.96,7.99,CALIBRATED_EV,away,False,0.0471,4.71,-0.0117,-1.17,True,True
2023-08-21_Crystal Palace_Arsenal_draw,2023-08-21,Crystal Palace vs Arsenal,draw,4.33,4.12,4.318,0.1879,0.2335,0.2207,-18.64,-4.42,NO_EDGE,away,False,0.051,5.1,0.0028,0.28,True,False
2023-08-21_Crystal Palace_Arsenal_away,2023-08-21,Crystal Palace vs Arsenal,away,1.68,1.63,1.657,0.5555,0.5976,0.5858,-6.68,-1.59,NO_EDGE,away,True,0.0307,3.07,0.0139,1.39,True,False
2023-08-25_Chelsea_Luton Town_home,2023-08-25,Chelsea vs Luton Town,home,1.33,1.3,1.313,0.317,0.7571,0.7078,-57.84,-5.86,NO_EDGE,home,True,0.0231,2.31,0.0129,1.29,True,False
2023-08-25_Chelsea_Luton Town_draw,2023-08-25,Chelsea vs Luton Town,draw,6.5,6.08,6.524,0.2253,0.161,0.1691,46.45,9.92,CALIBRATED_EV,home,False,0.0691,6.91,-0.0037,-0.37,True,True
2023-08-25_Chelsea_Luton Town_away,2023-08-25,Chelsea vs Luton Town,away,13.0,10.68,11.716,0.4577,0.0819,0.1119,495.01,45.52,FAKE_EV,home,False,0.2172,21.72,0.1096,10.96,True,False
2023-08-26_Bournemouth_Tottenham_home,2023-08-26,Bournemouth vs Tottenham,home,3.95,3.72,3.862,0.3301,0.2582,0.2783,30.39,9.95,CALIBRATED_EV,away,False,0.0618,6.18,0.0228,2.28,True,True
2023-08-26_Bournemouth_Tottenham_draw,2023-08-26,Bournemouth vs Tottenham,draw,4.1,4.04,4.204,0.1944,0.2489,0.2336,-20.3,-4.2,NO_EDGE,away,False,0.0149,1.49,-0.0247,-2.47,True,False
2023-08-26_Bournemouth_Tottenham_away,2023-08-26,Bournemouth vs Tottenham,away,2.05,1.95,1.987,0.4755,0.4929,0.4863,-2.52,-0.31,NO_EDGE,away,True,0.0513,5.13,0.0317,3.17,True,False
2023-08-26_Arsenal_Fulham_home,2023-08-26,Arsenal vs Fulham,home,1.27,1.24,1.256,0.6057,0.7902,0.7695,-23.08,-2.27,NO_EDGE,draw,False,0.0242,2.42,0.0111,1.11,True,False
2023-08-26_Arsenal_Fulham_draw,2023-08-26,Arsenal vs Fulham,draw,7.27,6.07,6.756,0.1701,0.1416,0.1464,23.66,6.47,CALIBRATED_EV,draw,True,0.1977,19.77,0.0761,7.61,True,True
2023-08-26_Arsenal_Fulham_away,2023-08-26,Arsenal vs Fulham,away,15.25,15.25,17.928,0.2241,0.0682,0.0807,241.75,23.08,FAKE_EV,draw,False,0.0,0.0,-0.1494,-14.94,False,False
2023-08-26_Brentford_Crystal Palace_home,2023-08-26,Brentford vs Crystal Palace,home,2.2,2.17,2.216,0.4522,0.4533,0.4529,-0.52,-0.37,NO_EDGE,draw,False,0.0138,1.38,-0.0072,-0.72,True,False
2023-08-26_Brentford_Crystal Palace_draw,2023-08-26,Brentford vs Crystal Palace,draw,3.54,3.43,3.546,0.2374,0.2812,0.269,-15.96,-4.78,NO_EDGE,draw,True,0.0321,3.21,-0.0017,-0.17,True,False
2023-08-26_Brentford_Crystal Palace_away,2023-08-26,Brentford vs Crystal Palace,away,3.75,3.62,3.748,0.3104,0.2655,0.278,16.4,4.27,MARGINAL_EV,draw,False,0.0359,3.59,0.0005,0.05,True,False
2023-08-26_Everton_Wolverhampton Wanderers_home,2023-08-26,Everton vs Wolverhampton Wanderers,home,2.42,2.34,2.393,0.4521,0.415,0.4254,9.41,2.95,MARGINAL_EV,away,False,0.0342,3.42,0.0113,1.13,True,False
2023-08-26_Everton_Wolverhampton Wanderers_draw,2023-08-26,Everton vs Wolverhampton Wanderers,draw,3.48,3.32,3.426,0.2145,0.2891,0.2682,-25.35,-6.66,NO_EDGE,away,False,0.0482,4.82,0.0158,1.58,True,False
2023-08-26_Everton_Wolverhampton Wanderers_away,2023-08-26,Everton vs Wolverhampton Wanderers,away,3.4,3.34,3.447,0.3334,0.2959,0.3064,13.36,4.17,MARGINAL_EV,away,True,0.018,1.8,-0.0136,-1.36,True,False
2023-08-26_Manchester United_Nottingham Forest_home,2023-08-26,Manchester United vs Nottingham Forest,home,1.34,1.32,1.338,0.5601,0.744,0.7234,-24.95,-3.06,NO_EDGE,home,True,0.0152,1.52,0.0015,0.15,True,False
2023-08-26_Manchester United_Nottingham Forest_draw,2023-08-26,Manchester United vs Nottingham Forest,draw,6.2,5.98,6.512,0.2195,0.1583,0.166,36.09,2.93,MARGINAL_EV,home,False,0.0368,3.68,-0.0479,-4.79,True,False
2023-08-26_Manchester United_Nottingham Forest_away,2023-08-26,Manchester United vs Nottingham Forest,away,10.0,9.11,10.12,0.2204,0.0977,0.1131,120.4,13.13,FAKE_EV,home,False,0.0977,9.77,-0.0119,-1.19,True,False
2023-08-26_Brighton_West Ham United_home,2023-08-26,Brighton vs West Ham United,home,1.58,1.54,1.564,0.5355,0.6318,0.6048,-15.39,-4.44,NO_EDGE,away,False,0.026,2.6,0.0102,1.02,True,False
2023-08-26_Brighton_West Ham United_draw,2023-08-26,Brighton vs West Ham United,draw,4.9,4.74,5.016,0.1678,0.2028,0.193,-17.78,-5.43,NO_EDGE,away,False,0.0338,3.38,-0.0231,-2.31,True,False
2023-08-26_Brighton_West Ham United_away,2023-08-26,Brighton vs West Ham United,away,6.0,5.81,6.195,0.2966,0.1655,0.182,77.96,9.19,CALIBRATED_EV,away,True,0.0327,3.27,-0.0315,-3.15,True,True
2023-08-27_Sheffield United_Manchester City_home,2023-08-27,Sheffield United vs Manchester City,home,19.5,16.72,20.243,0.1444,0.0529,0.0644,181.58,25.68,FAKE_EV,away,False,0.1663,16.63,-0.0367,-3.67,True,False
2023-08-27_Sheffield United_Manchester City_draw,2023-08-27,Sheffield United vs Manchester City,draw,8.6,7.73,8.881,0.1724,0.119,0.1257,48.26,8.09,CALIBRATED_EV,away,False,0.1125,11.25,-0.0316,-3.16,True,True
2023-08-27_Sheffield United_Manchester City_away,2023-08-27,Sheffield United vs Manchester City,away,1.21,1.18,1.193,0.6833,0.8281,0.8119,-17.32,-1.76,NO_EDGE,away,True,0.0254,2.54,0.0142,1.42,True,False
2023-08-27_Newcastle United_Liverpool_home,2023-08-27,Newcastle United vs Liverpool,home,2.3,2.2,2.245,0.5027,0.4371,0.4555,15.62,4.76,MARGINAL_EV,away,False,0.0455,4.55,0.0245,2.45,True,False
2023-08-27_Newcastle United_Liverpool_draw,2023-08-27,Newcastle United vs Liverpool,draw,4.1,3.95,4.092,0.1713,0.2461,0.2252,-29.77,-7.68,NO_EDGE,away,False,0.038,3.8,0.002,0.2,True,False
2023-08-27_Newcastle United_Liverpool_away,2023-08-27,Newcastle United vs Liverpool,away,3.18,3.13,3.223,0.326,0.3168,0.3203,3.67,1.85,NO_EDGE,away,True,0.016,1.6,-0.0133,-1.33,True,False
2023-08-27_Burnley_Aston Villa_home,2023-08-27,Burnley vs Aston Villa,home,3.46,3.39,3.5,0.2664,0.2858,0.2784,-7.83,-3.66,NO_EDGE,away,False,0.0206,2.06,-0.0114,-1.14,True,False
2023-08-27_Burnley_Aston Villa_draw,2023-08-27,Burnley vs Aston Villa,draw,3.7,3.65,3.776,0.2179,0.2671,0.2533,-19.38,-6.28,NO_EDGE,away,False,0.0137,1.37,-0.0201,-2.01,True,False
2023-08-27_Burnley_Aston Villa_away,2023-08-27,Burnley vs Aston Villa,away,2.22,2.18,2.225,0.5157,0.4472,0.4664,14.49,3.53,MARGINAL_EV,away,True,0.0183,1.83,-0.0022,-0.22,True,False
2023-09-01_Luton Town_West Ham United_home,2023-09-01,Luton Town vs West Ham United,home,5.0,4.82,5.03,0.404,0.2,0.2229,102.0,11.43,CALIBRATED_EV,away,False,0.0373,3.73,-0.006,-0.6,True,True
2023-09-01_Luton Town_West Ham United_draw,2023-09-01,Luton Town vs West Ham United,draw,4.2,4.04,4.196,0.1992,0.2381,0.2272,-16.34,-4.56,NO_EDGE,away,False,0.0396,3.96,0.001,0.1,True,False
2023-09-01_Luton Town_West Ham United_away,2023-09-01,Luton Town vs West Ham United,away,1.78,1.75,1.777,0.3968,0.5618,0.5433,-29.37,-3.28,NO_EDGE,away,True,0.0171,1.71,0.0017,0.17,True,False
2023-09-02_Sheffield United_Everton_home,2023-09-02,Sheffield United vs Everton,home,3.15,3.06,3.15,0.32,0.3171,0.3182,0.8,0.23,NO_EDGE,draw,False,0.0294,2.94,0.0,0.0,True,False
2023-09-02_Sheffield United_Everton_draw,2023-09-02,Sheffield United vs Everton,draw,3.36,3.27,3.372,0.2347,0.2972,0.2797,-21.14,-6.01,NO_EDGE,draw,True,0.0275,2.75,-0.0036,-0.36,True,False
2023-09-02_Sheffield United_Everton_away,2023-09-02,Sheffield United vs Everton,away,2.59,2.53,2.591,0.4453,0.3857,0.4024,15.33,4.22,MARGINAL_EV,draw,False,0.0237,2.37,-0.0004,-0.04,True,False
2023-09-02_Brentford_Bournemouth_home,2023-09-02,Brentford vs Bournemouth,home,1.77,1.75,1.78,0.6126,0.565,0.5783,8.43,2.36,MARGINAL_EV,draw,False,0.0114,1.14,-0.0056,-0.56,True,False
2023-09-02_Brentford_Bournemouth_draw,2023-09-02,Brentford vs Bournemouth,draw,4.3,4.14,4.321,0.2019,0.2326,0.224,-13.18,-3.69,NO_EDGE,draw,True,0.0386,3.86,-0.0049,-0.49,True,False
2023-09-02_Brentford_Bournemouth_away,2023-09-02,Brentford vs Bournemouth,away,4.94,4.62,4.838,0.1855,0.2024,0.196,-8.36,-3.16,NO_EDGE,draw,False,0.0693,6.93,0.0211,2.11,True,False
2023-09-02_Burnley_Tottenham_home,2023-09-02,Burnley vs Tottenham,home,3.99,3.97,4.143,0.4107,0.2483,0.2665,63.87,6.34,CALIBRATED_EV,away,False,0.005,0.5,-0.0369,-3.69,True,True
2023-09-02_Burnley_Tottenham_draw,2023-09-02,Burnley vs Tottenham,draw,4.2,4.04,4.219,0.1851,0.2358,0.2216,-22.26,-6.92,NO_EDGE,away,False,0.0396,3.96,-0.0045,-0.45,True,False
2023-09-02_Burnley_Tottenham_away,2023-09-02,Burnley vs Tottenham,away,1.93,1.88,1.917,0.4041,0.5159,0.4846,-22.01,-6.48,NO_EDGE,away,True,0.0266,2.66,0.0068,0.68,True,False
2023-09-02_Chelsea_Nottingham Forest_home,2023-09-02,Chelsea vs Nottingham Forest,home,1.43,1.39,1.409,0.3499,0.7001,0.6609,-49.96,-5.49,NO_EDGE,away,False,0.0288,2.88,0.0149,1.49,True,False
2023-09-02_Chelsea_Nottingham Forest_draw,2023-09-02,Chelsea vs Nottingham Forest,draw,5.35,5.1,5.445,0.205,0.188,0.1944,9.67,4.0,MARGINAL_EV,away,False,0.049,4.9,-0.0174,-1.74,True,False
2023-09-02_Chelsea_Nottingham Forest_away,2023-09-02,Chelsea vs Nottingham Forest,away,9.0,8.62,9.399,0.445,0.1119,0.1386,300.5,24.71,FAKE_EV,away,True,0.0441,4.41,-0.0425,-4.25,True,False
2023-09-02_Manchester City_Fulham_home,2023-09-02,Manchester City vs Fulham,home,1.18,1.15,1.162,0.7118,0.8485,0.8103,-16.01,-4.39,NO_EDGE,home,True,0.0261,2.61,0.0155,1.55,True,False
2023-09-02_Manchester City_Fulham_draw,2023-09-02,Manchester City vs Fulham,draw,9.7,8.93,10.522,0.1613,0.1049,0.112,56.46,8.66,CALIBRATED_EV,home,False,0.0862,8.62,-0.0781,-7.81,True,True
2023-09-02_Manchester City_Fulham_away,2023-09-02,Manchester City vs Fulham,away,22.0,18.11,22.497,0.1268,0.0466,0.0567,178.96,24.65,FAKE_EV,home,False,0.2148,21.48,-0.0221,-2.21,True,False
2023-09-02_Brighton_Newcastle United_home,2023-09-02,Brighton vs Newcastle United,home,2.62,2.59,2.654,0.3218,0.3787,0.3628,-15.69,-4.95,NO_EDGE,home,True,0.0116,1.16,-0.0128,-1.28,True,False
2023-09-02_Brighton_Newcastle United_draw,2023-09-02,Brighton vs Newcastle United,draw,4.1,3.94,4.082,0.1708,0.2411,0.2214,-29.97,-9.21,NO_EDGE,home,False,0.0406,4.06,0.0044,0.44,True,False
2023-09-02_Brighton_Newcastle United_away,2023-09-02,Brighton vs Newcastle United,away,2.61,2.58,2.644,0.5074,0.3802,0.4158,32.43,8.52,CALIBRATED_EV,home,False,0.0116,1.16,-0.0129,-1.29,True,True
2023-09-03_Crystal Palace_Wolverhampton Wanderers_home,2023-09-03,Crystal Palace vs Wolverhampton Wanderers,home,2.01,1.97,2.008,0.5896,0.4989,0.5243,18.51,5.38,CALIBRATED_EV,home,True,0.0203,2.03,0.001,0.1,True,True
2023-09-03_Crystal Palace_Wolverhampton Wanderers_draw,2023-09-03,Crystal Palace vs Wolverhampton Wanderers,draw,3.62,3.5,3.625,0.2035,0.2776,0.2569,-26.33,-7.01,NO_EDGE,home,False,0.0343,3.43,-0.0014,-0.14,True,False
2023-09-03_Crystal Palace_Wolverhampton Wanderers_away,2023-09-03,Crystal Palace vs Wolverhampton Wanderers,away,4.5,4.25,4.425,0.2069,0.2235,0.2172,-6.89,-2.24,NO_EDGE,home,False,0.0588,5.88,0.0169,1.69,True,False
2023-09-03_Liverpool_Aston Villa_home,2023-09-03,Liverpool vs Aston Villa,home,1.71,1.68,1.707,0.3937,0.5843,0.5629,-32.68,-3.74,NO_EDGE,home,True,0.0179,1.79,0.0018,0.18,True,False
2023-09-03_Liverpool_Aston Villa_draw,2023-09-03,Liverpool vs Aston Villa,draw,4.7,4.61,4.833,0.1917,0.2122,0.2045,-9.9,-3.9,NO_EDGE,home,False,0.0195,1.95,-0.0275,-2.75,True,False
2023-09-03_Liverpool_Aston Villa_away,2023-09-03,Liverpool vs Aston Villa,away,4.9,4.6,4.823,0.4147,0.2035,0.2272,103.2,11.32,CALIBRATED_EV,home,False,0.0652,6.52,0.016,1.6,True,True
2023-09-03_Arsenal_Manchester United_home,2023-09-03,Arsenal vs Manchester United,home,1.83,1.77,1.801,0.4445,0.5483,0.5192,-18.66,-4.98,NO_EDGE,home,True,0.0339,3.39,0.0161,1.61,True,False
2023-09-03_Arsenal_Manchester United_draw,2023-09-03,Arsenal vs Manchester United,draw,4.25,4.08,4.258,0.2047,0.2372,0.2281,-13.0,-3.07,NO_EDGE,home,False,0.0417,4.17,-0.0019,-0.19,True,False
2023-09-03_Arsenal_Manchester United_away,2023-09-03,Arsenal vs Manchester United,away,4.7,4.55,4.764,0.3508,0.2146,0.2527,64.88,18.78,CALIBRATED_EV,home,False,0.033,3.3,-0.0134,-1.34,True,True
2023-09-16_Aston Villa_Crystal Palace_home,2023-09-16,Aston Villa vs Crystal Palace,home,1.96,1.93,1.965,0.4299,0.5086,0.4866,-15.74,-4.63,NO_EDGE,home,True,0.0155,1.55,-0.0025,-0.25,True,False
2023-09-16_Aston Villa_Crystal Palace_draw,2023-09-16,Aston Villa vs Crystal Palace,draw,3.89,3.76,3.899,0.2154,0.2555,0.2442,-16.21,-4.99,NO_EDGE,home,False,0.0346,3.46,-0.0023,-0.23,True,False
2023-09-16_Aston Villa_Crystal Palace_away,2023-09-16,Aston Villa vs Crystal Palace,away,4.21,4.1,4.262,0.3547,0.2359,0.2692,49.33,13.33,CALIBRATED_EV,home,False,0.0268,2.68,-0.0122,-1.22,True,True
2023-09-16_Wolverhampton Wanderers_Liverpool_home,2023-09-16,Wolverhampton Wanderers vs Liverpool,home,7.5,6.66,7.141,0.1074,0.1377,0.1339,-19.45,0.42,NO_EDGE,away,False,0.1261,12.61,0.0503,5.03,True,False
2023-09-16_Wolverhampton Wanderers_Liverpool_draw,2023-09-16,Wolverhampton Wanderers vs Liverpool,draw,5.25,4.98,5.283,0.1284,0.1956,0.1768,-32.59,-7.18,NO_EDGE,away,False,0.0542,5.42,-0.0062,-0.62,True,False
2023-09-16_Wolverhampton Wanderers_Liverpool_away,2023-09-16,Wolverhampton Wanderers vs Liverpool,away,1.51,1.47,1.491,0.7642,0.6666,0.694,15.39,4.79,MARGINAL_EV,away,True,0.0272,2.72,0.0127,1.27,True,False
2023-09-16_Newcastle United_Brentford_home,2023-09-16,Newcastle United vs Brentford,home,1.58,1.54,1.564,0.492,0.6334,0.6176,-22.26,-2.42,NO_EDGE,home,True,0.026,2.6,0.0102,1.02,True,False
2023-09-16_Newcastle United_Brentford_draw,2023-09-16,Newcastle United vs Brentford,draw,4.6,4.47,4.717,0.1833,0.218,0.2083,-15.68,-4.2,NO_EDGE,home,False,0.0291,2.91,-0.0248,-2.48,True,False
2023-09-16_Newcastle United_Brentford_away,2023-09-16,Newcastle United vs Brentford,away,6.75,6.3,6.729,0.3247,0.1486,0.1627,119.17,9.84,FAKE_EV,home,False,0.0714,7.14,0.0031,0.31,True,False
2023-09-16_Fulham_Luton Town_home,2023-09-16,Fulham vs Luton Town,home,1.73,1.68,1.709,0.7444,0.5787,0.5973,28.78,3.33,MARGINAL_EV,home,True,0.0298,2.98,0.0123,1.23,True,False
2023-09-16_Fulham_Luton Town_draw,2023-09-16,Fulham vs Luton Town,draw,4.2,4.03,4.222,0.1279,0.2388,0.2078,-46.28,-12.74,NO_EDGE,home,False,0.0422,4.22,-0.0052,-0.52,True,False
2023-09-16_Fulham_Luton Town_away,2023-09-16,Fulham vs Luton Town,away,5.5,5.31,5.614,0.1277,0.1825,0.1756,-29.76,-3.43,NO_EDGE,home,False,0.0358,3.58,-0.0203,-2.03,True,False
2023-09-16_West Ham United_Manchester City_home,2023-09-16,West Ham United vs Manchester City,home,7.5,6.58,7.046,0.1392,0.1368,0.1372,4.4,2.89,NO_EDGE,away,False,0.1398,13.98,0.0644,6.44,True,False
2023-09-16_West Ham United_Manchester City_draw,2023-09-16,West Ham United vs Manchester City,draw,4.95,4.7,4.972,0.1345,0.2061,0.1861,-33.42,-7.9,NO_EDGE,away,False,0.0532,5.32,-0.0044,-0.44,True,False
2023-09-16_West Ham United_Manchester City_away,2023-09-16,West Ham United vs Manchester City,away,1.53,1.5,1.522,0.7263,0.6571,0.6765,11.12,3.5,MARGINAL_EV,away,True,0.02,2.0,0.0053,0.53,True,False
2023-09-16_Tottenham_Sheffield United_home,2023-09-16,Tottenham vs Sheffield United,home,1.31,1.29,1.308,0.5763,0.7633,0.7423,-24.5,-2.75,NO_EDGE,home,True,0.0155,1.55,0.0015,0.15,True,False
2023-09-16_Tottenham_Sheffield United_draw,2023-09-16,Tottenham vs Sheffield United,draw,6.51,6.08,6.706,0.1588,0.1535,0.1544,3.38,0.51,NO_EDGE,home,False,0.0707,7.07,-0.0292,-2.92,True,False
2023-09-16_Tottenham_Sheffield United_away,2023-09-16,Tottenham vs Sheffield United,away,12.0,10.21,11.583,0.2649,0.0832,0.0978,217.88,17.32,FAKE_EV,home,False,0.1753,17.53,0.036,3.6,True,False
2023-09-16_Manchester United_Brighton_home,2023-09-16,Manchester United vs Brighton,home,2.28,2.25,2.298,0.4227,0.4376,0.432,-3.62,-1.51,NO_EDGE,away,False,0.0133,1.33,-0.0078,-0.78,True,False
2023-09-16_Manchester United_Brighton_draw,2023-09-16,Manchester United vs Brighton,draw,4.19,4.02,4.169,0.1856,0.2377,0.2231,-22.23,-6.51,NO_EDGE,away,False,0.0423,4.23,0.005,0.5,True,False
2023-09-16_Manchester United_Brighton_away,2023-09-16,Manchester United vs Brighton,away,3.07,2.99,3.077,0.3917,0.3247,0.3435,20.25,5.45,CALIBRATED_EV,away,True,0.0268,2.68,-0.0023,-0.23,True,True
2023-09-17_Bournemouth_Chelsea_home,2023-09-17,Bournemouth vs Chelsea,home,4.5,4.39,4.593,0.4024,0.221,0.2413,81.08,8.58,CALIBRATED_EV,draw,False,0.0251,2.51,-0.0202,-2.02,True,True
2023-09-17_Bournemouth_Chelsea_draw,2023-09-17,Bournemouth vs Chelsea,draw,4.2,4.05,4.227,0.2199,0.2368,0.2304,-7.64,-3.22,NO_EDGE,draw,True,0.037,3.7,-0.0064,-0.64,True,False
2023-09-17_Bournemouth_Chelsea_away,2023-09-17,Bournemouth vs Chelsea,away,1.84,1.8,1.833,0.3776,0.5422,0.5238,-30.52,-3.62,NO_EDGE,draw,False,0.0222,2.22,0.0038,0.38,True,False
2023-09-17_Everton_Arsenal_home,2023-09-17,Everton vs Arsenal,home,6.5,6.3,6.743,0.167,0.1534,0.1557,8.55,1.23,MARGINAL_EV,away,False,0.0317,3.17,-0.036,-3.6,True,False
2023-09-17_Everton_Arsenal_draw,2023-09-17,Everton vs Arsenal,draw,4.75,4.54,4.801,0.1414,0.21,0.1908,-32.84,-9.36,NO_EDGE,away,False,0.0463,4.63,-0.0106,-1.06,True,False
2023-09-17_Everton_Arsenal_away,2023-09-17,Everton vs Arsenal,away,1.57,1.53,1.554,0.6916,0.6365,0.6519,8.58,2.35,MARGINAL_EV,away,True,0.0261,2.61,0.0103,1.03,True,False
2023-09-18_Nottingham Forest_Burnley_home,2023-09-18,Nottingham Forest vs Burnley,home,2.31,2.23,2.278,0.8119,0.4329,0.4753,87.55,9.8,CALIBRATED_EV,draw,False,0.0359,3.59,0.014,1.4,True,True
2023-09-18_Nottingham Forest_Burnley_draw,2023-09-18,Nottingham Forest vs Burnley,draw,3.65,3.58,3.703,0.0919,0.2739,0.2535,-66.46,-7.46,NO_EDGE,draw,True,0.0196,1.96,-0.0143,-1.43,True,False
2023-09-18_Nottingham Forest_Burnley_away,2023-09-18,Nottingham Forest vs Burnley,away,3.41,3.33,3.438,0.0962,0.2932,0.2711,-67.2,-7.54,NO_EDGE,draw,False,0.024,2.4,-0.0081,-0.81,True,False
2023-09-23_Crystal Palace_Fulham_home,2023-09-23,Crystal Palace vs Fulham,home,2.01,1.99,2.028,0.5133,0.4978,0.5037,3.17,1.24,NO_EDGE,draw,False,0.0101,1.01,-0.0089,-0.89,True,False
2023-09-23_Crystal Palace_Fulham_draw,2023-09-23,Crystal Palace vs Fulham,draw,3.68,3.54,3.665,0.1972,0.272,0.2511,-27.43,-7.6,NO_EDGE,draw,True,0.0395,3.95,0.0041,0.41,True,False
2023-09-23_Crystal Palace_Fulham_away,2023-09-23,Crystal Palace vs Fulham,away,4.35,4.11,4.273,0.2895,0.2302,0.2468,25.93,7.35,CALIBRATED_EV,draw,False,0.0584,5.84,0.018,1.8,True,True
2023-09-23_Luton Town_Wolverhampton Wanderers_home,2023-09-23,Luton Town vs Wolverhampton Wanderers,home,3.5,3.26,3.362,0.2129,0.2882,0.2671,-25.49,-6.5,NO_EDGE,draw,False,0.0736,7.36,0.041,4.1,True,False
2023-09-23_Luton Town_Wolverhampton Wanderers_draw,2023-09-23,Luton Town vs Wolverhampton Wanderers,draw,3.58,3.47,3.584,0.1823,0.2818,0.254,-34.74,-9.08,NO_EDGE,draw,True,0.0317,3.17,-0.0011,-0.11,True,False
2023-09-23_Luton Town_Wolverhampton Wanderers_away,2023-09-23,Luton Town vs Wolverhampton Wanderers,away,2.34,2.31,2.361,0.6048,0.4299,0.4495,41.52,5.18,CALIBRATED_EV,draw,False,0.013,1.3,-0.0089,-0.89,True,True
2023-09-23_Manchester City_Nottingham Forest_home,2023-09-23,Manchester City vs Nottingham Forest,home,1.17,1.15,1.162,0.7437,0.8536,0.8228,-12.99,-3.73,NO_EDGE,home,True,0.0174,1.74,0.0069,0.69,True,False
2023-09-23_Manchester City_Nottingham Forest_draw,2023-09-23,Manchester City vs Nottingham Forest,draw,9.8,9.04,10.625,0.1376,0.1001,0.1048,34.85,2.69,MARGINAL_EV,home,False,0.0841,8.41,-0.0776,-7.76,True,False
2023-09-23_Manchester City_Nottingham Forest_away,2023-09-23,Manchester City vs Nottingham Forest,away,21.0,17.91,22.134,0.1188,0.0464,0.0555,149.48,16.57,FAKE_EV,home,False,0.1725,17.25,-0.0512,-5.12,True,False
2023-09-23_Brentford_Everton_home,2023-09-23,Brentford vs Everton,home,1.84,1.81,1.843,0.6036,0.5411,0.5586,11.06,2.78,MARGINAL_EV,away,False,0.0166,1.66,-0.0016,-0.16,True,False
2023-09-23_Brentford_Everton_draw,2023-09-23,Brentford vs Everton,draw,3.95,3.8,3.955,0.2093,0.2507,0.2391,-17.33,-5.56,NO_EDGE,away,False,0.0395,3.95,-0.0013,-0.13,True,False
2023-09-23_Brentford_Everton_away,2023-09-23,Brentford vs Everton,away,4.75,4.67,4.891,0.1871,0.2082,0.2002,-11.13,-4.9,NO_EDGE,away,True,0.0171,1.71,-0.0288,-2.88,True,False
2023-09-23_Burnley_Manchester United_home,2023-09-23,Burnley vs Manchester United,home,4.6,4.28,4.478,0.0953,0.2173,0.1832,-56.16,-15.75,NO_EDGE,away,False,0.0748,7.48,0.0272,2.72,True,False
2023-09-23_Burnley_Manchester United_draw,2023-09-23,Burnley vs Manchester United,draw,4.4,4.31,4.511,0.1228,0.2272,0.198,-45.97,-12.89,NO_EDGE,away,False,0.0209,2.09,-0.0246,-2.46,True,False
2023-09-23_Burnley_Manchester United_away,2023-09-23,Burnley vs Manchester United,away,1.8,1.77,1.802,0.7819,0.5555,0.5808,40.74,4.55,MARGINAL_EV,away,True,0.0169,1.69,-0.0011,-0.11,True,False
2023-09-24_Arsenal_Tottenham_home,2023-09-24,Arsenal vs Tottenham,home,1.76,1.68,1.711,0.4983,0.5695,0.5495,-12.3,-3.28,NO_EDGE,draw,False,0.0476,4.76,0.0286,2.86,True,False
2023-09-24_Arsenal_Tottenham_draw,2023-09-24,Arsenal vs Tottenham,draw,4.6,4.45,4.687,0.1619,0.2187,0.2028,-25.53,-6.71,NO_EDGE,draw,True,0.0337,3.37,-0.0186,-1.86,True,False
2023-09-24_Arsenal_Tottenham_away,2023-09-24,Arsenal vs Tottenham,away,4.75,4.69,4.949,0.3397,0.2118,0.2476,61.36,17.62,CALIBRATED_EV,draw,False,0.0128,1.28,-0.0402,-4.02,True,True
2023-09-24_Brighton_Bournemouth_home,2023-09-24,Brighton vs Bournemouth,home,1.43,1.41,1.43,0.645,0.7012,0.6855,-7.76,-1.97,NO_EDGE,home,True,0.0142,1.42,0.0,0.0,True,False
2023-09-24_Brighton_Bournemouth_draw,2023-09-24,Brighton vs Bournemouth,draw,5.75,5.08,5.427,0.162,0.1763,0.1739,-6.85,-0.03,NO_EDGE,home,False,0.1319,13.19,0.0595,5.95,True,False
2023-09-24_Brighton_Bournemouth_away,2023-09-24,Brighton vs Bournemouth,away,8.3,7.9,8.593,0.193,0.1225,0.1314,60.19,9.03,CALIBRATED_EV,home,False,0.0506,5.06,-0.0341,-3.41,True,True
2023-09-24_Chelsea_Aston Villa_home,2023-09-24,Chelsea vs Aston Villa,home,1.96,1.93,1.966,0.2025,0.5088,0.4745,-60.31,-6.99,NO_EDGE,away,False,0.0155,1.55,-0.0031,-0.31,True,False
2023-09-24_Chelsea_Aston Villa_draw,2023-09-24,Chelsea vs Aston Villa,draw,4.0,3.9,4.054,0.2074,0.2486,0.2371,-17.04,-5.17,NO_EDGE,away,False,0.0256,2.56,-0.0133,-1.33,True,False
2023-09-24_Chelsea_Aston Villa_away,2023-09-24,Chelsea vs Aston Villa,away,4.1,3.93,4.086,0.5901,0.2425,0.2815,141.94,15.4,CALIBRATED_EV,away,True,0.0433,4.33,0.0034,0.34,True,True
2023-09-24_Liverpool_West Ham United_home,2023-09-24,Liverpool vs West Ham United,home,1.45,1.4,1.417,0.6121,0.6922,0.6697,-11.25,-2.89,NO_EDGE,home,True,0.0357,3.57,0.0233,2.33,True,False
2023-09-24_Liverpool_West Ham United_draw,2023-09-24,Liverpool vs West Ham United,draw,5.8,5.67,6.043,0.1568,0.1754,0.1722,-9.06,-0.11,NO_EDGE,home,False,0.0229,2.29,-0.0402,-4.02,True,False
2023-09-24_Liverpool_West Ham United_away,2023-09-24,Liverpool vs West Ham United,away,7.7,7.21,7.752,0.2312,0.1325,0.1449,78.02,11.58,CALIBRATED_EV,home,False,0.068,6.8,-0.0067,-0.67,True,True
2023-09-24_Sheffield United_Newcastle United_home,2023-09-24,Sheffield United vs Newcastle United,home,7.5,7.05,7.604,0.1777,0.1359,0.1412,33.27,5.9,CALIBRATED_EV,away,False,0.0638,6.38,-0.0137,-1.37,True,True
2023-09-24_Sheffield United_Newcastle United_draw,2023-09-24,Sheffield United vs Newcastle United,draw,5.1,4.98,5.3,0.1668,0.1992,0.1901,-14.93,-3.04,NO_EDGE,away,False,0.0241,2.41,-0.0377,-3.77,True,False
2023-09-24_Sheffield United_Newcastle United_away,2023-09-24,Sheffield United vs Newcastle United,away,1.51,1.45,1.471,0.6555,0.6649,0.6613,-1.02,-0.14,NO_EDGE,away,True,0.0414,4.14,0.0265,2.65,True,False
2023-09-30_Manchester United_Crystal Palace_home,2023-09-30,Manchester United vs Crystal Palace,home,1.61,1.57,1.597,0.3825,0.6188,0.5923,-38.42,-4.63,NO_EDGE,away,False,0.0255,2.55,0.0081,0.81,True,False
2023-09-30_Manchester United_Crystal Palace_draw,2023-09-30,Manchester United vs Crystal Palace,draw,4.5,4.36,4.609,0.235,0.2196,0.2254,5.75,1.44,MARGINAL_EV,away,False,0.0321,3.21,-0.0236,-2.36,True,False
2023-09-30_Manchester United_Crystal Palace_away,2023-09-30,Manchester United vs Crystal Palace,away,6.1,5.96,6.376,0.3825,0.1616,0.1793,133.33,9.36,FAKE_EV,away,True,0.0235,2.35,-0.0433,-4.33,True,False
2023-09-30_Bournemouth_Arsenal_home,2023-09-30,Bournemouth vs Arsenal,home,6.0,5.59,5.914,0.2141,0.1655,0.1716,28.46,2.96,MARGINAL_EV,away,False,0.0733,7.33,0.0145,1.45,True,False
2023-09-30_Bournemouth_Arsenal_draw,2023-09-30,Bournemouth vs Arsenal,draw,4.9,4.77,5.021,0.177,0.2028,0.193,-13.27,-5.41,NO_EDGE,away,False,0.0273,2.73,-0.0241,-2.41,True,False
2023-09-30_Bournemouth_Arsenal_away,2023-09-30,Bournemouth vs Arsenal,away,1.58,1.56,1.583,0.6089,0.6318,0.6231,-3.79,-1.55,NO_EDGE,away,True,0.0128,1.28,-0.0019,-0.19,True,False
2023-09-30_Everton_Luton Town_home,2023-09-30,Everton vs Luton Town,home,1.68,1.62,1.647,0.5711,0.5975,0.5875,-4.06,-1.29,NO_EDGE,away,False,0.037,3.7,0.02,2.0,True,False
2023-09-30_Everton_Luton Town_draw,2023-09-30,Everton vs Luton Town,draw,4.1,3.94,4.128,0.1957,0.2465,0.2323,-19.76,-4.78,NO_EDGE,away,False,0.0406,4.06,-0.0068,-0.68,True,False
2023-09-30_Everton_Luton Town_away,2023-09-30,Everton vs Luton Town,away,6.5,6.24,6.642,0.2332,0.156,0.1657,51.58,7.72,CALIBRATED_EV,away,True,0.0417,4.17,-0.0214,-2.14,True,True
2023-09-30_Aston Villa_Brighton_home,2023-09-30,Aston Villa vs Brighton,home,2.65,2.58,2.644,0.3646,0.378,0.373,-3.38,-1.17,NO_EDGE,home,True,0.0271,2.71,0.0023,0.23,True,False
2023-09-30_Aston Villa_Brighton_draw,2023-09-30,Aston Villa vs Brighton,draw,4.11,3.96,4.104,0.1792,0.2439,0.2258,-26.35,-7.19,NO_EDGE,home,False,0.0379,3.79,0.0015,0.15,True,False
2023-09-30_Aston Villa_Brighton_away,2023-09-30,Aston Villa vs Brighton,away,2.65,2.58,2.644,0.4562,0.378,0.3999,20.89,5.98,CALIBRATED_EV,home,False,0.0271,2.71,0.0023,0.23,True,True
2023-09-30_Newcastle United_Burnley_home,2023-09-30,Newcastle United vs Burnley,home,1.36,1.34,1.357,0.8454,0.7353,0.7661,14.97,4.19,MARGINAL_EV,home,True,0.0149,1.49,0.0022,0.22,True,False
2023-09-30_Newcastle United_Burnley_draw,2023-09-30,Newcastle United vs Burnley,draw,5.9,5.67,6.109,0.0906,0.1695,0.1595,-46.55,-5.87,NO_EDGE,home,False,0.0406,4.06,-0.0342,-3.42,True,False
2023-09-30_Newcastle United_Burnley_away,2023-09-30,Newcastle United vs Burnley,away,10.5,9.15,10.063,0.064,0.0952,0.0913,-32.8,-4.13,NO_EDGE,home,False,0.1475,14.75,0.0434,4.34,True,False
2023-09-30_West Ham United_Sheffield United_home,2023-09-30,West Ham United vs Sheffield United,home,1.49,1.44,1.46,0.7385,0.671,0.6899,10.04,2.79,MARGINAL_EV,home,True,0.0347,3.47,0.0205,2.05,True,False
2023-09-30_West Ham United_Sheffield United_draw,2023-09-30,West Ham United vs Sheffield United,draw,5.1,4.94,5.249,0.1257,0.1959,0.1762,-35.89,-10.13,NO_EDGE,home,False,0.0324,3.24,-0.0284,-2.84,True,False
2023-09-30_West Ham United_Sheffield United_away,2023-09-30,West Ham United vs Sheffield United,away,7.5,7.44,8.028,0.1359,0.1332,0.1336,1.92,0.22,NO_EDGE,home,False,0.0081,0.81,-0.0658,-6.58,True,False
2023-09-30_Tottenham_Liverpool_home,2023-09-30,Tottenham vs Liverpool,home,3.08,2.98,3.064,0.2216,0.3242,0.2955,-31.75,-8.99,NO_EDGE,home,True,0.0336,3.36,0.0052,0.52,True,False
2023-09-30_Tottenham_Liverpool_draw,2023-09-30,Tottenham vs Liverpool,draw,4.2,4.12,4.27,0.134,0.2377,0.2086,-43.72,-12.37,NO_EDGE,home,False,0.0194,1.94,-0.0164,-1.64,True,False
2023-09-30_Tottenham_Liverpool_away,2023-09-30,Tottenham vs Liverpool,away,2.28,2.23,2.276,0.6444,0.4381,0.4612,46.92,5.16,CALIBRATED_EV,home,False,0.0224,2.24,0.0018,0.18,True,True
2023-09-30_Wolverhampton Wanderers_Manchester City_home,2023-09-30,Wolverhampton Wanderers vs Manchester City,home,10.0,9.61,10.54,0.0545,0.0994,0.0937,-45.5,-6.26,NO_EDGE,home,True,0.0406,4.06,-0.0512,-5.12,True,False
2023-09-30_Wolverhampton Wanderers_Manchester City_draw,2023-09-30,Wolverhampton Wanderers vs Manchester City,draw,6.0,5.75,6.176,0.109,0.1659,0.1587,-34.6,-4.77,NO_EDGE,home,False,0.0435,4.35,-0.0285,-2.85,True,False
2023-09-30_Wolverhampton Wanderers_Manchester City_away,2023-09-30,Wolverhampton Wanderers vs Manchester City,away,1.36,1.33,1.346,0.8365,0.7347,0.7632,13.76,3.8,MARGINAL_EV,home,False,0.0226,2.26,0.0104,1.04,True,False
2023-10-01_Nottingham Forest_Brentford_home,2023-10-01,Nottingham Forest vs Brentford,home,2.89,2.84,2.917,0.3018,0.3465,0.334,-12.78,-3.49,NO_EDGE,draw,False,0.0176,1.76,-0.0093,-0.93,True,False
2023-10-01_Nottingham Forest_Brentford_draw,2023-10-01,Nottingham Forest vs Brentford,draw,3.46,3.29,3.392,0.2127,0.2894,0.268,-26.41,-7.29,NO_EDGE,draw,True,0.0517,5.17,0.02,2.0,True,False
2023-10-01_Nottingham Forest_Brentford_away,2023-10-01,Nottingham Forest vs Brentford,away,2.75,2.69,2.759,0.4856,0.3641,0.3981,33.54,9.48,CALIBRATED_EV,draw,False,0.0223,2.23,-0.0033,-0.33,True,True
2023-10-02_Fulham_Chelsea_home,2023-10-02,Fulham vs Chelsea,home,4.0,3.93,4.087,0.4723,0.2492,0.2742,88.92,9.68,CALIBRATED_EV,away,False,0.0178,1.78,-0.0213,-2.13,True,True
2023-10-02_Fulham_Chelsea_draw,2023-10-02,Fulham vs Chelsea,draw,3.62,3.45,3.574,0.223,0.2754,0.2607,-19.27,-5.61,NO_EDGE,away,False,0.0493,4.93,0.0129,1.29,True,False
2023-10-02_Fulham_Chelsea_away,2023-10-02,Fulham vs Chelsea,away,2.1,2.06,2.103,0.3047,0.4754,0.4563,-36.01,-4.19,NO_EDGE,away,True,0.0194,1.94,-0.0014,-0.14,True,False
2023-10-03_Luton Town_Burnley_home,2023-10-03,Luton Town vs Burnley,home,3.0,2.94,3.02,0.5142,0.332,0.3524,54.26,5.72,CALIBRATED_EV,away,False,0.0204,2.04,-0.0066,-0.66,True,True
2023-10-03_Luton Town_Burnley_draw,2023-10-03,Luton Town vs Burnley,draw,3.3,3.23,3.326,0.1993,0.3017,0.273,-34.23,-9.9,NO_EDGE,away,False,0.0217,2.17,-0.0078,-0.78,True,False
2023-10-03_Luton Town_Burnley_away,2023-10-03,Luton Town vs Burnley,away,2.72,2.65,2.715,0.2866,0.3663,0.344,-22.04,-6.44,NO_EDGE,away,True,0.0264,2.64,0.0018,0.18,True,False
2023-10-07_Everton_Bournemouth_home,2023-10-07,Everton vs Bournemouth,home,2.03,1.99,2.03,0.4618,0.4916,0.4803,-6.25,-2.49,NO_EDGE,home,True,0.0201,2.01,0.0,0.0,True,False
2023-10-07_Everton_Bournemouth_draw,2023-10-07,Everton vs Bournemouth,draw,3.85,3.71,3.853,0.2132,0.2587,0.246,-17.92,-5.29,NO_EDGE,home,False,0.0377,3.77,-0.0008,-0.08,True,False
2023-10-07_Everton_Bournemouth_away,2023-10-07,Everton vs Bournemouth,away,3.99,3.88,4.035,0.325,0.2496,0.2707,29.68,8.03,CALIBRATED_EV,home,False,0.0284,2.84,-0.0112,-1.12,True,True
2023-10-07_Luton Town_Tottenham_home,2023-10-07,Luton Town vs Tottenham,home,7.1,6.91,7.411,0.2129,0.1452,0.1537,51.16,9.14,CALIBRATED_EV,away,False,0.0275,2.75,-0.042,-4.2,True,True
2023-10-07_Luton Town_Tottenham_draw,2023-10-07,Luton Town vs Tottenham,draw,5.1,4.98,5.278,0.1582,0.2011,0.1891,-19.32,-3.56,NO_EDGE,away,False,0.0241,2.41,-0.0337,-3.37,True,False
2023-10-07_Luton Town_Tottenham_away,2023-10-07,Luton Town vs Tottenham,away,1.54,1.46,1.48,0.6288,0.6537,0.6443,-3.16,-0.78,NO_EDGE,away,True,0.0548,5.48,0.0405,4.05,True,False
2023-10-07_Burnley_Chelsea_home,2023-10-07,Burnley vs Chelsea,home,4.92,4.58,4.808,0.2239,0.2024,0.2105,10.16,3.57,MARGINAL_EV,away,False,0.0742,7.42,0.0233,2.33,True,False
2023-10-07_Burnley_Chelsea_draw,2023-10-07,Burnley vs Chelsea,draw,4.1,3.98,4.159,0.1963,0.243,0.2299,-19.52,-5.74,NO_EDGE,away,False,0.0302,3.02,-0.0142,-1.42,True,False
2023-10-07_Burnley_Chelsea_away,2023-10-07,Burnley vs Chelsea,away,1.8,1.78,1.813,0.5798,0.5547,0.5642,4.36,1.55,NO_EDGE,away,True,0.0112,1.12,-0.0072,-0.72,True,False
2023-10-07_Manchester United_Brentford_home,2023-10-07,Manchester United vs Brentford,home,1.74,1.7,1.728,0.3397,0.5732,0.5471,-40.89,-4.81,NO_EDGE,home,True,0.0235,2.35,0.0069,0.69,True,False
2023-10-07_Manchester United_Brentford_draw,2023-10-07,Manchester United vs Brentford,draw,4.35,4.23,4.425,0.2453,0.2283,0.2347,6.71,2.11,MARGINAL_EV,home,False,0.0284,2.84,-0.0169,-1.69,True,False
2023-10-07_Manchester United_Brentford_away,2023-10-07,Manchester United vs Brentford,away,5.0,4.87,5.117,0.4151,0.1985,0.2228,107.55,11.38,CALIBRATED_EV,home,False,0.0267,2.67,-0.0229,-2.29,True,True
2023-10-07_Crystal Palace_Nottingham Forest_home,2023-10-07,Crystal Palace vs Nottingham Forest,home,2.31,2.26,2.309,0.4379,0.4337,0.4353,1.15,0.55,NO_EDGE,draw,False,0.0221,2.21,0.0004,0.04,True,False
2023-10-07_Crystal Palace_Nottingham Forest_draw,2023-10-07,Crystal Palace vs Nottingham Forest,draw,3.44,3.3,3.405,0.2223,0.2915,0.2721,-23.53,-6.39,NO_EDGE,draw,True,0.0424,4.24,0.0103,1.03,True,False
2023-10-07_Crystal Palace_Nottingham Forest_away,2023-10-07,Crystal Palace vs Nottingham Forest,away,3.65,3.54,3.66,0.3398,0.2748,0.293,24.03,6.94,CALIBRATED_EV,draw,False,0.0311,3.11,-0.0027,-0.27,True,True
2023-10-07_Fulham_Sheffield United_home,2023-10-07,Fulham vs Sheffield United,home,1.68,1.64,1.666,0.6737,0.5962,0.6179,13.18,3.81,MARGINAL_EV,home,True,0.0244,2.44,0.0084,0.84,True,False
2023-10-07_Fulham_Sheffield United_draw,2023-10-07,Fulham vs Sheffield United,draw,4.16,4.0,4.178,0.161,0.2415,0.219,-33.02,-8.91,NO_EDGE,home,False,0.04,4.0,-0.0043,-0.43,True,False
2023-10-07_Fulham_Sheffield United_away,2023-10-07,Fulham vs Sheffield United,away,6.2,5.9,6.238,0.1653,0.1623,0.1628,2.49,0.92,NO_EDGE,home,False,0.0508,5.08,-0.0061,-0.61,True,False
2023-10-08_Brighton_Liverpool_home,2023-10-08,Brighton vs Liverpool,home,3.25,3.14,3.237,0.336,0.3105,0.3202,9.2,4.05,MARGINAL_EV,draw,False,0.035,3.5,0.004,0.4,True,False
2023-10-08_Brighton_Liverpool_draw,2023-10-08,Brighton vs Liverpool,draw,4.32,4.02,4.172,0.1583,0.2341,0.2129,-31.61,-8.02,NO_EDGE,draw,True,0.0746,7.46,0.0355,3.55,True,False
2023-10-08_Brighton_Liverpool_away,2023-10-08,Brighton vs Liverpool,away,2.21,2.17,2.215,0.5057,0.4553,0.4694,11.76,3.74,MARGINAL_EV,draw,False,0.0184,1.84,-0.0023,-0.23,True,False
2023-10-08_West Ham United_Newcastle United_home,2023-10-08,West Ham United vs Newcastle United,home,3.47,3.41,3.527,0.2104,0.2871,0.2656,-26.99,-7.82,NO_EDGE,draw,False,0.0176,1.76,-0.0162,-1.62,True,False
2023-10-08_West Ham United_Newcastle United_draw,2023-10-08,West Ham United vs Newcastle United,draw,3.84,3.79,3.931,0.1555,0.2594,0.2303,-40.29,-11.57,NO_EDGE,draw,True,0.0132,1.32,-0.0231,-2.31,True,False
2023-10-08_West Ham United_Newcastle United_away,2023-10-08,West Ham United vs Newcastle United,away,2.2,2.12,2.164,0.6341,0.4535,0.4737,39.5,4.22,MARGINAL_EV,draw,False,0.0377,3.77,0.0166,1.66,True,False
2023-10-08_Wolverhampton Wanderers_Aston Villa_home,2023-10-08,Wolverhampton Wanderers vs Aston Villa,home,3.5,3.39,3.503,0.1523,0.2846,0.2475,-46.7,-13.36,NO_EDGE,draw,False,0.0324,3.24,-0.0009,-0.09,True,False
2023-10-08_Wolverhampton Wanderers_Aston Villa_draw,2023-10-08,Wolverhampton Wanderers vs Aston Villa,draw,3.77,3.64,3.769,0.1654,0.2641,0.2365,-37.64,-10.85,NO_EDGE,draw,True,0.0357,3.57,0.0003,0.03,True,False
2023-10-08_Wolverhampton Wanderers_Aston Villa_away,2023-10-08,Wolverhampton Wanderers vs Aston Villa,away,2.21,2.18,2.226,0.6822,0.4513,0.4772,50.77,5.46,CALIBRATED_EV,draw,False,0.0138,1.38,-0.0072,-0.72,True,True
2023-10-08_Arsenal_Manchester City_home,2023-10-08,Arsenal vs Manchester City,home,3.05,2.99,3.075,0.2758,0.328,0.3134,-15.88,-4.41,NO_EDGE,home,True,0.0201,2.01,-0.0081,-0.81,True,False
2023-10-08_Arsenal_Manchester City_draw,2023-10-08,Arsenal vs Manchester City,draw,3.66,3.49,3.603,0.1912,0.2734,0.2504,-30.02,-8.36,NO_EDGE,home,False,0.0487,4.87,0.0158,1.58,True,False
2023-10-08_Arsenal_Manchester City_away,2023-10-08,Arsenal vs Manchester City,away,2.51,2.46,2.517,0.5331,0.3986,0.4363,33.81,9.5,CALIBRATED_EV,home,False,0.0203,2.03,-0.0028,-0.28,True,True
2023-10-21_Bournemouth_Wolverhampton Wanderers_home,2023-10-21,Bournemouth vs Wolverhampton Wanderers,home,2.48,2.45,2.506,0.3572,0.4028,0.39,-11.41,-3.28,NO_EDGE,away,False,0.0122,1.22,-0.0104,-1.04,True,False
2023-10-21_Bournemouth_Wolverhampton Wanderers_draw,2023-10-21,Bournemouth vs Wolverhampton Wanderers,draw,3.7,3.49,3.601,0.2175,0.2698,0.2552,-19.52,-5.58,NO_EDGE,away,False,0.0602,6.02,0.0275,2.75,True,False
2023-10-21_Bournemouth_Wolverhampton Wanderers_away,2023-10-21,Bournemouth vs Wolverhampton Wanderers,away,3.05,3.01,3.094,0.4253,0.3274,0.3548,29.72,8.22,CALIBRATED_EV,away,True,0.0133,1.33,-0.0142,-1.42,True,True
2023-10-21_Manchester City_Brighton_home,2023-10-21,Manchester City vs Brighton,home,1.46,1.42,1.44,0.5744,0.6857,0.6546,-16.14,-4.43,NO_EDGE,home,True,0.0282,2.82,0.0139,1.39,True,False
2023-10-21_Manchester City_Brighton_draw,2023-10-21,Manchester City vs Brighton,draw,5.7,5.45,5.825,0.1773,0.1764,0.1766,1.06,0.63,NO_EDGE,home,False,0.0459,4.59,-0.0215,-2.15,True,False
2023-10-21_Manchester City_Brighton_away,2023-10-21,Manchester City vs Brighton,away,7.3,6.93,7.477,0.2483,0.1379,0.1518,81.26,10.79,CALIBRATED_EV,home,False,0.0534,5.34,-0.0237,-2.37,True,True
2023-10-21_Liverpool_Everton_home,2023-10-21,Liverpool vs Everton,home,1.4,1.37,1.389,0.6249,0.7159,0.6904,-12.51,-3.34,NO_EDGE,home,True,0.0219,2.19,0.0079,0.79,True,False
2023-10-21_Liverpool_Everton_draw,2023-10-21,Liverpool vs Everton,draw,6.0,5.77,6.231,0.1743,0.1687,0.1697,4.58,1.8,NO_EDGE,home,False,0.0399,3.99,-0.0371,-3.71,True,False
2023-10-21_Liverpool_Everton_away,2023-10-21,Liverpool vs Everton,away,8.8,7.65,8.363,0.2008,0.1153,0.1261,76.7,10.98,CALIBRATED_EV,home,False,0.1503,15.03,0.0523,5.23,True,True
2023-10-21_Brentford_Burnley_home,2023-10-21,Brentford vs Burnley,home,1.9,1.87,1.904,0.7293,0.5243,0.5472,38.57,3.98,MARGINAL_EV,home,True,0.016,1.6,-0.0021,-0.21,True,False
2023-10-21_Brentford_Burnley_draw,2023-10-21,Brentford vs Burnley,draw,3.86,3.77,3.916,0.1529,0.257,0.2278,-40.98,-12.06,NO_EDGE,home,False,0.0239,2.39,-0.0143,-1.43,True,False
2023-10-21_Brentford_Burnley_away,2023-10-21,Brentford vs Burnley,away,4.53,4.37,4.559,0.1178,0.2188,0.1905,-46.64,-13.71,NO_EDGE,home,False,0.0366,3.66,-0.0064,-0.64,True,False
2023-10-21_Chelsea_Arsenal_home,2023-10-21,Chelsea vs Arsenal,home,3.4,3.33,3.439,0.2435,0.2945,0.2802,-17.21,-4.72,NO_EDGE,draw,False,0.021,2.1,-0.0113,-1.13,True,False
2023-10-21_Chelsea_Arsenal_draw,2023-10-21,Chelsea vs Arsenal,draw,3.56,3.5,3.619,0.1951,0.2813,0.2572,-30.54,-8.45,NO_EDGE,draw,True,0.0171,1.71,-0.0163,-1.63,True,False
2023-10-21_Chelsea_Arsenal_away,2023-10-21,Chelsea vs Arsenal,away,2.36,2.26,2.31,0.5614,0.4242,0.4626,32.49,9.17,CALIBRATED_EV,draw,False,0.0442,4.42,0.0216,2.16,True,True
2023-10-21_Sheffield United_Manchester United_home,2023-10-21,Sheffield United vs Manchester United,home,7.8,7.57,8.207,0.1041,0.1287,0.1245,-18.8,-2.86,NO_EDGE,away,False,0.0304,3.04,-0.0496,-4.96,True,False
2023-10-21_Sheffield United_Manchester United_draw,2023-10-21,Sheffield United vs Manchester United,draw,5.4,5.24,5.598,0.149,0.1858,0.1755,-19.54,-5.23,NO_EDGE,away,False,0.0305,3.05,-0.0354,-3.54,True,False
2023-10-21_Sheffield United_Manchester United_away,2023-10-21,Sheffield United vs Manchester United,away,1.46,1.41,1.429,0.7468,0.6855,0.7026,9.03,2.58,MARGINAL_EV,away,True,0.0355,3.55,0.0217,2.17,True,False
2023-10-21_Nottingham Forest_Luton Town_home,2023-10-21,Nottingham Forest vs Luton Town,home,1.75,1.7,1.728,0.5916,0.5723,0.5796,3.53,1.43,NO_EDGE,draw,False,0.0294,2.94,0.0127,1.27,True,False
2023-10-21_Nottingham Forest_Luton Town_draw,2023-10-21,Nottingham Forest vs Luton Town,draw,3.97,3.89,4.056,0.1979,0.2529,0.2375,-21.43,-5.72,NO_EDGE,draw,True,0.0206,2.06,-0.0212,-2.12,True,False
2023-10-21_Nottingham Forest_Luton Town_away,2023-10-21,Nottingham Forest vs Luton Town,away,5.75,5.43,5.721,0.2105,0.1748,0.1793,21.04,3.09,MARGINAL_EV,draw,False,0.0589,5.89,0.0051,0.51,True,False
2023-10-21_Newcastle United_Crystal Palace_home,2023-10-21,Newcastle United vs Crystal Palace,home,1.5,1.46,1.481,0.5898,0.6667,0.6452,-11.53,-3.23,NO_EDGE,home,True,0.0274,2.74,0.0128,1.28,True,False
2023-10-21_Newcastle United_Crystal Palace_draw,2023-10-21,Newcastle United vs Crystal Palace,draw,4.8,4.63,4.899,0.2004,0.2083,0.2053,-3.81,-1.44,NO_EDGE,home,False,0.0367,3.67,-0.0202,-2.02,True,False
2023-10-21_Newcastle United_Crystal Palace_away,2023-10-21,Newcastle United vs Crystal Palace,away,8.0,7.7,8.302,0.2098,0.125,0.1357,67.84,8.54,CALIBRATED_EV,home,False,0.039,3.9,-0.0364,-3.64,True,True
2023-10-22_Aston Villa_West Ham United_home,2023-10-22,Aston Villa vs West Ham United,home,1.95,1.9,1.937,0.512,0.5112,0.5115,-0.16,-0.26,NO_EDGE,home,True,0.0263,2.63,0.0067,0.67,True,False
2023-10-22_Aston Villa_West Ham United_draw,2023-10-22,Aston Villa vs West Ham United,draw,4.03,3.93,4.093,0.1929,0.2465,0.2315,-22.26,-6.71,NO_EDGE,home,False,0.0254,2.54,-0.0154,-1.54,True,False
2023-10-22_Aston Villa_West Ham United_away,2023-10-22,Aston Villa vs West Ham United,away,4.1,4.01,4.179,0.2951,0.2423,0.2571,20.99,5.4,CALIBRATED_EV,home,False,0.0224,2.24,-0.0189,-1.89,True,True
2023-10-23_Tottenham_Fulham_home,2023-10-23,Tottenham vs Fulham,home,1.55,1.51,1.534,0.5208,0.6447,0.61,-19.28,-5.45,NO_EDGE,home,True,0.0265,2.65,0.0104,1.04,True,False
2023-10-23_Tottenham_Fulham_draw,2023-10-23,Tottenham vs Fulham,draw,5.0,4.85,5.152,0.1785,0.1995,0.1916,-10.75,-4.22,NO_EDGE,home,False,0.0309,3.09,-0.0295,-2.95,True,False
2023-10-23_Tottenham_Fulham_away,2023-10-23,Tottenham vs Fulham,away,6.4,6.06,6.493,0.3007,0.1558,0.1674,92.45,7.12,FAKE_EV,home,False,0.0561,5.61,-0.0143,-1.43,True,False
2023-10-27_Crystal Palace_Tottenham_home,2023-10-27,Crystal Palace vs Tottenham,home,5.0,4.7,4.941,0.224,0.2001,0.2092,12.0,4.57,MARGINAL_EV,away,False,0.0638,6.38,0.0119,1.19,True,False
2023-10-27_Crystal Palace_Tottenham_draw,2023-10-27,Crystal Palace vs Tottenham,draw,3.95,3.84,4.01,0.1886,0.2533,0.2352,-25.5,-7.1,NO_EDGE,away,False,0.0286,2.86,-0.015,-1.5,True,False
2023-10-27_Crystal Palace_Tottenham_away,2023-10-27,Crystal Palace vs Tottenham,away,1.83,1.79,1.824,0.5874,0.5466,0.558,7.49,2.12,MARGINAL_EV,away,True,0.0223,2.23,0.0033,0.33,True,False
2023-10-28_Arsenal_Sheffield United_home,2023-10-28,Arsenal vs Sheffield United,home,1.14,1.13,1.139,0.8144,0.8755,0.8584,-7.16,-2.14,NO_EDGE,home,True,0.0088,0.88,0.0009,0.09,True,False
2023-10-28_Arsenal_Sheffield United_draw,2023-10-28,Arsenal vs Sheffield United,draw,11.0,10.16,11.882,0.1104,0.0878,0.0916,21.44,0.8,MARGINAL_EV,home,False,0.0827,8.27,-0.0742,-7.42,True,False
2023-10-28_Arsenal_Sheffield United_away,2023-10-28,Arsenal vs Sheffield United,away,26.0,21.31,26.205,0.0752,0.0367,0.0415,95.52,7.98,FAKE_EV,home,False,0.2201,22.01,-0.0078,-0.78,True,False
2023-10-28_Bournemouth_Burnley_home,2023-10-28,Bournemouth vs Burnley,home,2.19,2.1,2.143,0.5283,0.4569,0.4769,15.7,4.43,MARGINAL_EV,home,True,0.0429,4.29,0.0219,2.19,True,False
2023-10-28_Bournemouth_Burnley_draw,2023-10-28,Bournemouth vs Burnley,draw,3.82,3.76,3.899,0.194,0.262,0.243,-25.89,-7.19,NO_EDGE,home,False,0.016,1.6,-0.0203,-2.03,True,False
2023-10-28_Bournemouth_Burnley_away,2023-10-28,Bournemouth vs Burnley,away,3.56,3.49,3.611,0.2777,0.2811,0.2798,-1.14,-0.38,NO_EDGE,home,False,0.0201,2.01,-0.0141,-1.41,True,False
2023-10-28_Chelsea_Brentford_home,2023-10-28,Chelsea vs Brentford,home,1.7,1.66,1.688,0.2821,0.5885,0.5542,-52.04,-5.79,NO_EDGE,away,False,0.0241,2.41,0.0071,0.71,True,False
2023-10-28_Chelsea_Brentford_draw,2023-10-28,Chelsea vs Brentford,draw,4.22,4.15,4.351,0.2151,0.2373,0.2289,-9.23,-3.4,NO_EDGE,away,False,0.0169,1.69,-0.0301,-3.01,True,False
2023-10-28_Chelsea_Brentford_away,2023-10-28,Chelsea vs Brentford,away,5.75,5.32,5.624,0.5028,0.1742,0.2005,189.11,15.28,FAKE_EV,away,True,0.0808,8.08,0.0224,2.24,True,False
2023-10-28_Wolverhampton Wanderers_Newcastle United_home,2023-10-28,Wolverhampton Wanderers vs Newcastle United,home,4.4,4.22,4.413,0.1053,0.2253,0.1917,-53.67,-15.65,NO_EDGE,draw,False,0.0427,4.27,-0.0029,-0.29,True,False
2023-10-28_Wolverhampton Wanderers_Newcastle United_draw,2023-10-28,Wolverhampton Wanderers vs Newcastle United,draw,4.1,3.99,4.165,0.1313,0.2419,0.2109,-46.17,-13.52,NO_EDGE,draw,True,0.0276,2.76,-0.0156,-1.56,True,False
2023-10-28_Wolverhampton Wanderers_Newcastle United_away,2023-10-28,Wolverhampton Wanderers vs Newcastle United,away,1.87,1.84,1.875,0.7634,0.5328,0.5586,42.76,4.46,MARGINAL_EV,draw,False,0.0163,1.63,-0.0027,-0.27,True,False
2023-10-29_West Ham United_Everton_home,2023-10-29,West Ham United vs Everton,home,2.21,2.18,2.226,0.4254,0.4514,0.4416,-5.99,-2.41,NO_EDGE,away,False,0.0138,1.38,-0.0072,-0.72,True,False
2023-10-29_West Ham United_Everton_draw,2023-10-29,West Ham United vs Everton,draw,3.81,3.62,3.746,0.1907,0.2614,0.2416,-27.34,-7.94,NO_EDGE,away,False,0.0525,5.25,0.0171,1.71,True,False
2023-10-29_West Ham United_Everton_away,2023-10-29,West Ham United vs Everton,away,3.47,3.41,3.523,0.384,0.2871,0.3142,33.25,9.04,CALIBRATED_EV,away,True,0.0176,1.76,-0.015,-1.5,True,True
2023-10-29_Manchester United_Manchester City_home,2023-10-29,Manchester United vs Manchester City,home,5.3,5.16,5.445,0.2029,0.1886,0.194,7.54,2.81,MARGINAL_EV,away,False,0.0271,2.71,-0.0266,-2.66,True,False
2023-10-29_Manchester United_Manchester City_draw,2023-10-29,Manchester United vs Manchester City,draw,4.22,4.07,4.261,0.2148,0.2368,0.2285,-9.35,-3.57,NO_EDGE,away,False,0.0369,3.69,-0.0096,-0.96,True,False
2023-10-29_Manchester United_Manchester City_away,2023-10-29,Manchester United vs Manchester City,away,1.74,1.69,1.719,0.5823,0.5746,0.5775,1.32,0.49,NO_EDGE,away,True,0.0296,2.96,0.0122,1.22,True,False
2023-10-29_Aston Villa_Luton Town_home,2023-10-29,Aston Villa vs Luton Town,home,1.31,1.28,1.296,0.6965,0.7632,0.7445,-8.76,-2.47,NO_EDGE,home,True,0.0234,2.34,0.0108,1.08,True,False
2023-10-29_Aston Villa_Luton Town_draw,2023-10-29,Aston Villa vs Luton Town,draw,6.5,6.23,6.833,0.1618,0.1536,0.155,5.17,0.76,MARGINAL_EV,home,False,0.0433,4.33,-0.0487,-4.87,True,False
2023-10-29_Aston Villa_Luton Town_away,2023-10-29,Aston Villa vs Luton Town,away,12.0,10.8,12.18,0.1417,0.0832,0.0905,70.04,8.65,CALIBRATED_EV,home,False,0.1111,11.11,-0.0148,-1.48,True,True
2023-10-29_Liverpool_Nottingham Forest_home,2023-10-29,Liverpool vs Nottingham Forest,home,1.3,1.27,1.288,0.5882,0.7689,0.7487,-23.53,-2.67,NO_EDGE,home,True,0.0236,2.36,0.0093,0.93,True,False
2023-10-29_Liverpool_Nottingham Forest_draw,2023-10-29,Liverpool vs Nottingham Forest,draw,6.9,6.51,7.279,0.1783,0.1445,0.1487,23.03,2.63,MARGINAL_EV,home,False,0.0599,5.99,-0.0521,-5.21,True,False
2023-10-29_Liverpool_Nottingham Forest_away,2023-10-29,Liverpool vs Nottingham Forest,away,11.5,10.09,11.581,0.2334,0.0866,0.0984,168.41,13.11,FAKE_EV,home,False,0.1397,13.97,-0.007,-0.7,True,False
2023-10-29_Brighton_Fulham_home,2023-10-29,Brighton vs Fulham,home,1.62,1.59,1.615,0.4901,0.6174,0.5818,-20.6,-5.75,NO_EDGE,draw,False,0.0189,1.89,0.0031,0.31,True,False
2023-10-29_Brighton_Fulham_draw,2023-10-29,Brighton vs Fulham,draw,4.8,4.65,4.895,0.1704,0.2085,0.1978,-18.21,-5.04,NO_EDGE,draw,True,0.0323,3.23,-0.0194,-1.94,True,False
2023-10-29_Brighton_Fulham_away,2023-10-29,Brighton vs Fulham,away,5.75,5.36,5.669,0.3395,0.1741,0.1873,95.21,7.7,FAKE_EV,draw,False,0.0728,7.28,0.0143,1.43,True,False
2023-11-04_Everton_Brighton_home,2023-11-04,Everton vs Brighton,home,3.17,3.1,3.213,0.3282,0.3117,0.3179,4.04,0.78,NO_EDGE,draw,False,0.0226,2.26,-0.0134,-1.34,True,False
2023-11-04_Everton_Brighton_draw,2023-11-04,Everton vs Brighton,draw,3.98,3.87,4.04,0.1846,0.2477,0.23,-26.53,-8.46,NO_EDGE,draw,True,0.0284,2.84,-0.0149,-1.49,True,False
2023-11-04_Everton_Brighton_away,2023-11-04,Everton vs Brighton,away,2.25,2.21,2.266,0.4873,0.4407,0.4537,9.64,2.09,MARGINAL_EV,draw,False,0.0181,1.81,-0.0071,-0.71,True,False
2023-11-04_Brentford_West Ham United_home,2023-11-04,Brentford vs West Ham United,home,2.12,2.07,2.121,0.5409,0.4689,0.489,14.67,3.68,MARGINAL_EV,home,True,0.0242,2.42,-0.0005,-0.05,True,False
2023-11-04_Brentford_West Ham United_draw,2023-11-04,Brentford vs West Ham United,draw,3.85,3.74,3.907,0.2064,0.257,0.2428,-20.54,-6.52,NO_EDGE,home,False,0.0294,2.94,-0.0146,-1.46,True,False
2023-11-04_Brentford_West Ham United_away,2023-11-04,Brentford vs West Ham United,away,3.61,3.52,3.67,0.2528,0.2742,0.2661,-8.74,-3.94,NO_EDGE,home,False,0.0256,2.56,-0.0163,-1.63,True,False
2023-11-04_Burnley_Crystal Palace_home,2023-11-04,Burnley vs Crystal Palace,home,2.95,2.89,2.982,0.1719,0.3362,0.3178,-49.29,-6.25,NO_EDGE,away,False,0.0208,2.08,-0.0107,-1.07,True,False
2023-11-04_Burnley_Crystal Palace_draw,2023-11-04,Burnley vs Crystal Palace,draw,3.33,3.24,3.355,0.1812,0.2976,0.265,-39.66,-11.76,NO_EDGE,away,False,0.0278,2.78,-0.0075,-0.75,True,False
2023-11-04_Burnley_Crystal Palace_away,2023-11-04,Burnley vs Crystal Palace,away,2.71,2.65,2.728,0.6469,0.3662,0.3977,75.31,7.77,CALIBRATED_EV,away,True,0.0226,2.26,-0.0066,-0.66,True,True
2023-11-04_Newcastle United_Arsenal_home,2023-11-04,Newcastle United vs Arsenal,home,2.89,2.83,2.921,0.3569,0.343,0.3482,3.14,0.64,NO_EDGE,home,True,0.0212,2.12,-0.0106,-1.06,True,False
2023-11-04_Newcastle United_Arsenal_draw,2023-11-04,Newcastle United vs Arsenal,draw,3.5,3.41,3.539,0.1925,0.2827,0.2575,-32.62,-9.89,NO_EDGE,home,False,0.0264,2.64,-0.011,-1.1,True,False
2023-11-04_Newcastle United_Arsenal_away,2023-11-04,Newcastle United vs Arsenal,away,2.65,2.59,2.666,0.4506,0.3743,0.3957,19.41,4.85,MARGINAL_EV,home,False,0.0232,2.32,-0.006,-0.6,True,False
2023-11-04_Manchester City_Bournemouth_home,2023-11-04,Manchester City vs Bournemouth,home,1.11,1.08,1.089,0.7711,0.9005,0.8642,-14.41,-4.07,NO_EDGE,home,True,0.0278,2.78,0.0193,1.93,True,False
2023-11-04_Manchester City_Bournemouth_draw,2023-11-04,Manchester City vs Bournemouth,draw,14.0,12.84,17.082,0.1471,0.0706,0.0802,105.94,12.31,FAKE_EV,home,False,0.0903,9.03,-0.1804,-18.04,True,False
2023-11-04_Manchester City_Bournemouth_away,2023-11-04,Manchester City vs Bournemouth,away,34.0,29.22,42.608,0.0818,0.029,0.0356,178.12,21.07,FAKE_EV,home,False,0.1636,16.36,-0.202,-20.2,True,False
2023-11-04_Sheffield United_Wolverhampton Wanderers_home,2023-11-04,Sheffield United vs Wolverhampton Wanderers,home,4.1,3.91,4.097,0.2353,0.2422,0.2396,-3.53,-1.78,NO_EDGE,home,True,0.0486,4.86,0.0007,0.07,True,False
2023-11-04_Sheffield United_Wolverhampton Wanderers_draw,2023-11-04,Sheffield United vs Wolverhampton Wanderers,draw,3.79,3.68,3.848,0.172,0.2621,0.2369,-34.81,-10.23,NO_EDGE,home,False,0.0299,2.99,-0.0151,-1.51,True,False
2023-11-04_Sheffield United_Wolverhampton Wanderers_away,2023-11-04,Sheffield United vs Wolverhampton Wanderers,away,2.01,1.97,2.016,0.5927,0.4958,0.5229,19.13,5.1,CALIBRATED_EV,home,False,0.0203,2.03,-0.003,-0.3,True,True
2023-11-04_Fulham_Manchester United_home,2023-11-04,Fulham vs Manchester United,home,3.5,3.22,3.339,0.3202,0.2874,0.2966,12.07,3.81,MARGINAL_EV,away,False,0.087,8.7,0.0482,4.82,True,False
2023-11-04_Fulham_Manchester United_draw,2023-11-04,Fulham vs Manchester United,draw,3.75,3.68,3.831,0.2232,0.2684,0.2557,-16.3,-4.11,NO_EDGE,away,False,0.019,1.9,-0.0211,-2.11,True,False
2023-11-04_Fulham_Manchester United_away,2023-11-04,Fulham vs Manchester United,away,2.26,2.22,2.275,0.4566,0.4442,0.4489,3.19,1.45,NO_EDGE,away,True,0.018,1.8,-0.0066,-0.66,True,False
2023-11-05_Nottingham Forest_Aston Villa_home,2023-11-05,Nottingham Forest vs Aston Villa,home,4.3,4.17,4.38,0.2379,0.2302,0.2331,2.3,0.24,NO_EDGE,home,True,0.0312,3.12,-0.0183,-1.83,True,False
2023-11-05_Nottingham Forest_Aston Villa_draw,2023-11-05,Nottingham Forest vs Aston Villa,draw,3.9,3.76,3.936,0.1898,0.254,0.236,-25.98,-7.95,NO_EDGE,home,False,0.0372,3.72,-0.0091,-0.91,True,False
2023-11-05_Nottingham Forest_Aston Villa_away,2023-11-05,Nottingham Forest vs Aston Villa,away,1.93,1.89,1.932,0.5722,0.5158,0.5316,10.43,2.59,MARGINAL_EV,home,False,0.0212,2.12,-0.001,-0.1,True,False
2023-11-05_Luton Town_Liverpool_home,2023-11-05,Luton Town vs Liverpool,home,12.5,11.23,13.247,0.1003,0.0768,0.0808,25.37,0.95,MARGINAL_EV,draw,False,0.1131,11.31,-0.0564,-5.64,True,False
2023-11-05_Luton Town_Liverpool_draw,2023-11-05,Luton Town vs Liverpool,draw,7.3,6.76,7.702,0.1437,0.1326,0.1345,4.9,-1.83,NO_EDGE,draw,True,0.0799,7.99,-0.0522,-5.22,True,False
2023-11-05_Luton Town_Liverpool_away,2023-11-05,Luton Town vs Liverpool,away,1.26,1.24,1.258,0.756,0.7906,0.781,-4.74,-1.6,NO_EDGE,draw,False,0.0161,1.61,0.0016,0.16,True,False
2023-11-06_Tottenham_Chelsea_home,2023-11-06,Tottenham vs Chelsea,home,2.21,2.14,2.195,0.5272,0.4547,0.475,16.51,4.98,MARGINAL_EV,away,False,0.0327,3.27,0.0068,0.68,True,False
2023-11-06_Tottenham_Chelsea_draw,2023-11-06,Tottenham vs Chelsea,draw,3.92,3.73,3.896,0.2042,0.2573,0.2424,-19.95,-4.97,NO_EDGE,away,False,0.0509,5.09,0.0062,0.62,True,False
2023-11-06_Tottenham_Chelsea_away,2023-11-06,Tottenham vs Chelsea,away,3.5,3.34,3.476,0.2686,0.288,0.2806,-5.99,-1.78,NO_EDGE,away,True,0.0479,4.79,0.0069,0.69,True,False
2023-11-11_Crystal Palace_Everton_home,2023-11-11,Crystal Palace vs Everton,home,2.5,2.45,2.521,0.3678,0.397,0.386,-8.05,-3.51,NO_EDGE,away,False,0.0204,2.04,-0.0083,-0.83,True,False
2023-11-11_Crystal Palace_Everton_draw,2023-11-11,Crystal Palace vs Everton,draw,3.3,3.2,3.32,0.2643,0.3001,0.2901,-12.78,-4.27,NO_EDGE,away,False,0.0312,3.12,-0.006,-0.6,True,False
2023-11-11_Crystal Palace_Everton_away,2023-11-11,Crystal Palace vs Everton,away,3.27,3.19,3.31,0.3678,0.3029,0.3211,20.27,4.98,MARGINAL_EV,away,True,0.0251,2.51,-0.0121,-1.21,True,False
2023-11-11_Manchester United_Luton Town_home,2023-11-11,Manchester United vs Luton Town,home,1.38,1.31,1.33,0.5803,0.7289,0.7123,-19.92,-1.71,NO_EDGE,home,True,0.0534,5.34,0.0376,3.76,True,False
2023-11-11_Manchester United_Luton Town_draw,2023-11-11,Manchester United vs Luton Town,draw,6.2,5.86,6.482,0.212,0.1668,0.1725,31.44,6.93,CALIBRATED_EV,home,False,0.058,5.8,-0.0435,-4.35,True,True
2023-11-11_Manchester United_Luton Town_away,2023-11-11,Manchester United vs Luton Town,away,10.0,9.36,10.634,0.2077,0.1043,0.1173,107.7,17.34,FAKE_EV,home,False,0.0684,6.84,-0.0596,-5.96,True,False
2023-11-11_Wolverhampton Wanderers_Tottenham_home,2023-11-11,Wolverhampton Wanderers vs Tottenham,home,3.41,3.11,3.227,0.1951,0.297,0.2685,-33.47,-8.46,NO_EDGE,home,True,0.0965,9.65,0.0567,5.67,True,False
2023-11-11_Wolverhampton Wanderers_Tottenham_draw,2023-11-11,Wolverhampton Wanderers vs Tottenham,draw,3.89,3.78,3.948,0.1844,0.2607,0.2393,-28.27,-6.9,NO_EDGE,home,False,0.0291,2.91,-0.0147,-1.47,True,False
2023-11-11_Wolverhampton Wanderers_Tottenham_away,2023-11-11,Wolverhampton Wanderers vs Tottenham,away,2.28,2.23,2.289,0.6205,0.4423,0.4623,41.47,5.4,CALIBRATED_EV,home,False,0.0224,2.24,-0.0039,-0.39,True,True
2023-11-11_Arsenal_Burnley_home,2023-11-11,Arsenal vs Burnley,home,1.22,1.19,1.206,0.7917,0.8191,0.8088,-3.41,-1.33,NO_EDGE,home,True,0.0252,2.52,0.0116,1.16,True,False
2023-11-11_Arsenal_Burnley_draw,2023-11-11,Arsenal vs Burnley,draw,8.1,7.47,8.687,0.1322,0.1226,0.1242,7.08,0.63,MARGINAL_EV,home,False,0.0843,8.43,-0.0676,-6.76,True,False
2023-11-11_Arsenal_Burnley_away,2023-11-11,Arsenal vs Burnley,away,17.0,14.74,18.038,0.0761,0.0583,0.0613,29.37,4.21,MARGINAL_EV,home,False,0.1533,15.33,-0.0575,-5.75,True,False
2023-11-11_Bournemouth_Newcastle United_home,2023-11-11,Bournemouth vs Newcastle United,home,5.0,4.52,4.776,0.0759,0.2,0.1653,-62.05,-17.36,NO_EDGE,home,True,0.1062,10.62,0.0469,4.69,True,False
2023-11-11_Bournemouth_Newcastle United_draw,2023-11-11,Bournemouth vs Newcastle United,draw,4.2,4.06,4.273,0.128,0.2381,0.2073,-46.24,-12.94,NO_EDGE,home,False,0.0345,3.45,-0.0171,-1.71,True,False
2023-11-11_Bournemouth_Newcastle United_away,2023-11-11,Bournemouth vs Newcastle United,away,1.78,1.76,1.797,0.7961,0.5618,0.5881,41.71,4.68,MARGINAL_EV,home,False,0.0114,1.14,-0.0095,-0.95,True,False
2023-11-12_Aston Villa_Fulham_home,2023-11-12,Aston Villa vs Fulham,home,1.63,1.6,1.629,0.5436,0.6118,0.5927,-11.39,-3.39,NO_EDGE,home,True,0.0187,1.87,0.0006,0.06,True,False
2023-11-12_Aston Villa_Fulham_draw,2023-11-12,Aston Villa vs Fulham,draw,4.5,4.27,4.517,0.2029,0.2204,0.2138,-8.69,-3.81,NO_EDGE,home,False,0.0539,5.39,-0.0038,-0.38,True,False
2023-11-12_Aston Villa_Fulham_away,2023-11-12,Aston Villa vs Fulham,away,5.9,5.67,6.064,0.2535,0.1678,0.1786,49.57,5.39,CALIBRATED_EV,home,False,0.0406,4.06,-0.027,-2.7,True,True
2023-11-12_Brighton_Sheffield United_home,2023-11-12,Brighton vs Sheffield United,home,1.26,1.24,1.258,0.6834,0.792,0.7616,-13.89,-4.04,NO_EDGE,draw,False,0.0161,1.61,0.0016,0.16,True,False
2023-11-12_Brighton_Sheffield United_draw,2023-11-12,Brighton vs Sheffield United,draw,7.4,6.8,7.723,0.1499,0.1328,0.1357,10.93,0.4,MARGINAL_EV,draw,True,0.0882,8.82,-0.0418,-4.18,True,False
2023-11-12_Brighton_Sheffield United_away,2023-11-12,Brighton vs Sheffield United,away,13.0,11.28,13.247,0.1667,0.0752,0.0867,116.71,12.75,FAKE_EV,draw,False,0.1525,15.25,-0.0186,-1.86,True,False
2023-11-12_Liverpool_Brentford_home,2023-11-12,Liverpool vs Brentford,home,1.45,1.41,1.433,0.477,0.6887,0.665,-30.84,-3.57,NO_EDGE,home,True,0.0284,2.84,0.0119,1.19,True,False
2023-11-12_Liverpool_Brentford_draw,2023-11-12,Liverpool vs Brentford,draw,5.5,5.26,5.697,0.2189,0.1807,0.1855,20.4,2.02,MARGINAL_EV,home,False,0.0456,4.56,-0.0346,-3.46,True,False
2023-11-12_Liverpool_Brentford_away,2023-11-12,Liverpool vs Brentford,away,7.6,7.17,7.882,0.3041,0.1306,0.1445,131.12,9.8,FAKE_EV,home,False,0.06,6.0,-0.0358,-3.58,True,False
2023-11-12_West Ham United_Nottingham Forest_home,2023-11-12,West Ham United vs Nottingham Forest,home,1.93,1.89,1.934,0.3814,0.5196,0.4809,-26.39,-7.18,NO_EDGE,home,True,0.0212,2.12,-0.0021,-0.21,True,False
2023-11-12_West Ham United_Nottingham Forest_draw,2023-11-12,West Ham United vs Nottingham Forest,draw,3.92,3.79,3.979,0.2192,0.2566,0.2462,-14.07,-3.51,NO_EDGE,home,False,0.0343,3.43,-0.0148,-1.48,True,False
2023-11-12_West Ham United_Nottingham Forest_away,2023-11-12,West Ham United vs Nottingham Forest,away,4.5,4.1,4.316,0.3994,0.2237,0.2434,79.73,9.53,CALIBRATED_EV,home,False,0.0976,9.76,0.0426,4.26,True,True
2023-11-12_Chelsea_Manchester City_home,2023-11-12,Chelsea vs Manchester City,home,5.4,4.92,5.235,0.1841,0.1857,0.1851,-0.59,-0.04,NO_EDGE,draw,False,0.0976,9.76,0.0315,3.15,True,False
2023-11-12_Chelsea_Manchester City_draw,2023-11-12,Chelsea vs Manchester City,draw,3.98,3.8,4.003,0.2006,0.2519,0.2375,-20.16,-5.47,NO_EDGE,draw,True,0.0474,4.74,-0.0057,-0.57,True,False
2023-11-12_Chelsea_Manchester City_away,2023-11-12,Chelsea vs Manchester City,away,1.78,1.75,1.789,0.6153,0.5624,0.5772,9.52,2.74,MARGINAL_EV,draw,False,0.0171,1.71,-0.005,-0.5,True,False
2023-11-25_Manchester City_Liverpool_home,2023-11-25,Manchester City vs Liverpool,home,1.8,1.75,1.787,0.3972,0.5557,0.538,-28.5,-3.17,NO_EDGE,draw,False,0.0286,2.86,0.0073,0.73,True,False
2023-11-25_Manchester City_Liverpool_draw,2023-11-25,Manchester City vs Liverpool,draw,4.5,4.37,4.615,0.2056,0.2224,0.216,-7.48,-2.78,NO_EDGE,draw,True,0.0297,2.97,-0.0249,-2.49,True,False
2023-11-25_Manchester City_Liverpool_away,2023-11-25,Manchester City vs Liverpool,away,4.51,4.24,4.473,0.3972,0.2219,0.2415,79.14,8.93,CALIBRATED_EV,draw,False,0.0637,6.37,0.0083,0.83,True,True
2023-11-25_Burnley_West Ham United_home,2023-11-25,Burnley vs West Ham United,home,3.63,3.58,3.729,0.1994,0.2754,0.2541,-27.62,-7.75,NO_EDGE,away,False,0.014,1.4,-0.0265,-2.65,True,False
2023-11-25_Burnley_West Ham United_draw,2023-11-25,Burnley vs West Ham United,draw,3.79,3.54,3.686,0.1784,0.2638,0.2399,-32.39,-9.08,NO_EDGE,away,False,0.0706,7.06,0.0282,2.82,True,False
2023-11-25_Burnley_West Ham United_away,2023-11-25,Burnley vs West Ham United,away,2.17,2.12,2.172,0.6222,0.4608,0.4788,35.02,3.91,MARGINAL_EV,away,True,0.0236,2.36,-0.0009,-0.09,True,False
2023-11-25_Luton Town_Crystal Palace_home,2023-11-25,Luton Town vs Crystal Palace,home,3.8,3.7,3.855,0.2486,0.261,0.2563,-5.53,-2.59,NO_EDGE,home,True,0.027,2.7,-0.0143,-1.43,True,False
2023-11-25_Luton Town_Crystal Palace_draw,2023-11-25,Luton Town vs Crystal Palace,draw,3.54,3.41,3.544,0.2394,0.2803,0.2689,-15.25,-4.82,NO_EDGE,home,False,0.0381,3.81,-0.0011,-0.11,True,False
2023-11-25_Luton Town_Crystal Palace_away,2023-11-25,Luton Town vs Crystal Palace,away,2.17,2.13,2.181,0.512,0.4587,0.4736,11.1,2.77,MARGINAL_EV,home,False,0.0188,1.88,-0.005,-0.5,True,False
2023-11-25_Newcastle United_Chelsea_home,2023-11-25,Newcastle United vs Chelsea,home,2.72,2.65,2.73,0.5424,0.3666,0.3863,47.53,5.06,CALIBRATED_EV,home,True,0.0264,2.64,-0.0037,-0.37,True,True
2023-11-25_Newcastle United_Chelsea_draw,2023-11-25,Newcastle United vs Chelsea,draw,3.66,3.46,3.593,0.2062,0.2722,0.2537,-24.53,-7.14,NO_EDGE,home,False,0.0578,5.78,0.0186,1.86,True,False
2023-11-25_Newcastle United_Chelsea_away,2023-11-25,Newcastle United vs Chelsea,away,2.76,2.73,2.814,0.2514,0.3612,0.3305,-30.61,-8.79,NO_EDGE,home,False,0.011,1.1,-0.0192,-1.92,True,False
2023-11-25_Nottingham Forest_Brighton_home,2023-11-25,Nottingham Forest vs Brighton,home,3.4,3.32,3.448,0.3184,0.2935,0.3029,8.26,3.0,MARGINAL_EV,away,False,0.0241,2.41,-0.0139,-1.39,True,False
2023-11-25_Nottingham Forest_Brighton_draw,2023-11-25,Nottingham Forest vs Brighton,draw,3.8,3.63,3.781,0.2111,0.2626,0.2482,-19.78,-5.7,NO_EDGE,away,False,0.0468,4.68,0.005,0.5,True,False
2023-11-25_Nottingham Forest_Brighton_away,2023-11-25,Nottingham Forest vs Brighton,away,2.25,2.19,2.245,0.4705,0.4439,0.4539,5.86,2.14,MARGINAL_EV,away,True,0.0274,2.74,0.0022,0.22,True,False
2023-11-25_Sheffield United_Bournemouth_home,2023-11-25,Sheffield United vs Bournemouth,home,3.47,3.36,3.496,0.3339,0.2877,0.3006,15.86,4.32,MARGINAL_EV,away,False,0.0327,3.27,-0.0074,-0.74,True,False
2023-11-25_Sheffield United_Bournemouth_draw,2023-11-25,Sheffield United vs Bournemouth,draw,3.72,3.54,3.69,0.2133,0.2683,0.2529,-20.65,-5.91,NO_EDGE,away,False,0.0508,5.08,0.0081,0.81,True,False
2023-11-25_Sheffield United_Bournemouth_away,2023-11-25,Sheffield United vs Bournemouth,away,2.25,2.2,2.258,0.4528,0.444,0.4473,1.88,0.64,NO_EDGE,away,True,0.0227,2.27,-0.0035,-0.35,True,False
2023-11-25_Brentford_Arsenal_home,2023-11-25,Brentford vs Arsenal,home,5.0,4.74,5.007,0.2953,0.1984,0.2255,47.65,12.77,CALIBRATED_EV,away,False,0.0549,5.49,-0.0014,-0.14,True,True
2023-11-25_Brentford_Arsenal_draw,2023-11-25,Brentford vs Arsenal,draw,4.01,3.82,4.004,0.2202,0.2477,0.2373,-11.7,-4.85,NO_EDGE,away,False,0.0497,4.97,0.0015,0.15,True,False
2023-11-25_Brentford_Arsenal_away,2023-11-25,Brentford vs Arsenal,away,1.8,1.78,1.816,0.4845,0.5539,0.5345,-12.79,-3.79,NO_EDGE,away,True,0.0112,1.12,-0.0088,-0.88,True,False
2023-11-26_Tottenham_Aston Villa_home,2023-11-26,Tottenham vs Aston Villa,home,2.42,2.36,2.423,0.3586,0.4107,0.3961,-13.22,-4.14,NO_EDGE,away,False,0.0254,2.54,-0.0012,-0.12,True,False
2023-11-26_Tottenham_Aston Villa_draw,2023-11-26,Tottenham vs Aston Villa,draw,4.01,3.93,4.1,0.1975,0.247,0.2331,-20.8,-6.51,NO_EDGE,away,False,0.0204,2.04,-0.022,-2.2,True,False
2023-11-26_Tottenham_Aston Villa_away,2023-11-26,Tottenham vs Aston Villa,away,2.9,2.82,2.912,0.4438,0.3423,0.3707,28.7,7.51,CALIBRATED_EV,away,True,0.0284,2.84,-0.0041,-0.41,True,True
2023-11-26_Everton_Manchester United_home,2023-11-26,Everton vs Manchester United,home,2.8,2.75,2.837,0.301,0.3555,0.3403,-15.72,-4.73,NO_EDGE,away,False,0.0182,1.82,-0.013,-1.3,True,False
2023-11-26_Everton_Manchester United_draw,2023-11-26,Everton vs Manchester United,draw,3.7,3.51,3.649,0.2508,0.2687,0.262,-7.2,-3.08,NO_EDGE,away,False,0.0541,5.41,0.014,1.4,True,False
2023-11-26_Everton_Manchester United_away,2023-11-26,Everton vs Manchester United,away,2.65,2.6,2.678,0.4482,0.3757,0.396,18.77,4.95,MARGINAL_EV,away,True,0.0192,1.92,-0.0105,-1.05,True,False
2023-11-27_Fulham_Wolverhampton Wanderers_home,2023-11-27,Fulham vs Wolverhampton Wanderers,home,2.51,2.45,2.518,0.4011,0.3956,0.3977,0.68,-0.18,NO_EDGE,home,True,0.0245,2.45,-0.0032,-0.32,True,False
2023-11-27_Fulham_Wolverhampton Wanderers_draw,2023-11-27,Fulham vs Wolverhampton Wanderers,draw,3.48,3.37,3.497,0.2333,0.2846,0.2702,-18.81,-5.96,NO_EDGE,home,False,0.0326,3.26,-0.0049,-0.49,True,False
2023-11-27_Fulham_Wolverhampton Wanderers_away,2023-11-27,Fulham vs Wolverhampton Wanderers,away,3.1,3.05,3.156,0.3657,0.3198,0.3326,13.37,3.12,MARGINAL_EV,home,False,0.0164,1.64,-0.0177,-1.77,True,False
2023-12-02_Arsenal_Wolverhampton Wanderers_home,2023-12-02,Arsenal vs Wolverhampton Wanderers,home,1.3,1.29,1.308,0.6804,0.7685,0.7439,-11.55,-3.3,NO_EDGE,home,True,0.0078,0.78,-0.0061,-0.61,True,False
2023-12-02_Arsenal_Wolverhampton Wanderers_draw,2023-12-02,Arsenal vs Wolverhampton Wanderers,draw,6.5,5.9,6.491,0.1754,0.1528,0.1567,14.01,1.84,MARGINAL_EV,home,False,0.1017,10.17,0.0014,0.14,True,False
2023-12-02_Arsenal_Wolverhampton Wanderers_away,2023-12-02,Arsenal vs Wolverhampton Wanderers,away,12.6,10.82,12.3,0.1442,0.0787,0.0869,81.69,9.52,CALIBRATED_EV,home,False,0.1645,16.45,0.0244,2.44,True,True
2023-12-02_Brentford_Luton Town_home,2023-12-02,Brentford vs Luton Town,home,1.51,1.45,1.475,0.5559,0.6624,0.6325,-16.06,-4.48,NO_EDGE,home,True,0.0414,4.14,0.0237,2.37,True,False
2023-12-02_Brentford_Luton Town_draw,2023-12-02,Brentford vs Luton Town,draw,4.9,4.83,5.191,0.2183,0.2042,0.2095,6.97,2.67,MARGINAL_EV,home,False,0.0145,1.45,-0.0561,-5.61,True,False
2023-12-02_Brentford_Luton Town_away,2023-12-02,Brentford vs Luton Town,away,7.5,7.07,7.732,0.2258,0.1334,0.1451,69.35,8.81,CALIBRATED_EV,home,False,0.0608,6.08,-0.03,-3.0,True,True
2023-12-02_Burnley_Sheffield United_home,2023-12-02,Burnley vs Sheffield United,home,1.89,1.83,1.872,0.4116,0.5321,0.4984,-22.21,-5.8,NO_EDGE,home,True,0.0328,3.28,0.0096,0.96,True,False
2023-12-02_Burnley_Sheffield United_draw,2023-12-02,Burnley vs Sheffield United,draw,3.82,3.63,3.808,0.2,0.265,0.2468,-23.6,-5.74,NO_EDGE,home,False,0.0523,5.23,0.0032,0.32,True,False
2023-12-02_Burnley_Sheffield United_away,2023-12-02,Burnley vs Sheffield United,away,5.0,4.65,4.923,0.3885,0.2029,0.2237,94.25,11.85,CALIBRATED_EV,home,False,0.0753,7.53,0.0156,1.56,True,True
2023-12-02_Nottingham Forest_Everton_home,2023-12-02,Nottingham Forest vs Everton,home,2.9,2.85,2.939,0.3876,0.3431,0.3556,12.4,3.12,MARGINAL_EV,away,False,0.0175,1.75,-0.0133,-1.33,True,False
2023-12-02_Nottingham Forest_Everton_draw,2023-12-02,Nottingham Forest vs Everton,draw,3.5,3.31,3.429,0.2443,0.2841,0.2729,-14.5,-4.48,NO_EDGE,away,False,0.0574,5.74,0.0207,2.07,True,False
2023-12-02_Nottingham Forest_Everton_away,2023-12-02,Nottingham Forest vs Everton,away,2.67,2.64,2.717,0.3681,0.3728,0.371,-1.72,-0.93,NO_EDGE,away,True,0.0114,1.14,-0.0173,-1.73,True,False
2023-12-02_Newcastle United_Manchester United_home,2023-12-02,Newcastle United vs Manchester United,home,2.0,1.9,1.942,0.5338,0.5012,0.5104,6.76,2.07,MARGINAL_EV,home,True,0.0526,5.26,0.0299,2.99,True,False
2023-12-02_Newcastle United_Manchester United_draw,2023-12-02,Newcastle United vs Manchester United,draw,4.01,3.87,4.054,0.2081,0.2506,0.2387,-16.55,-4.28,NO_EDGE,home,False,0.0362,3.62,-0.0109,-1.09,True,False
2023-12-02_Newcastle United_Manchester United_away,2023-12-02,Newcastle United vs Manchester United,away,4.05,4.0,4.194,0.2581,0.2482,0.2519,4.53,2.02,NO_EDGE,home,False,0.0125,1.25,-0.0343,-3.43,True,False
2023-12-03_Liverpool_Fulham_home,2023-12-03,Liverpool vs Fulham,home,1.29,1.25,1.269,0.6741,0.7749,0.7467,-13.04,-3.68,NO_EDGE,home,True,0.032,3.2,0.0165,1.65,True,False
2023-12-03_Liverpool_Fulham_draw,2023-12-03,Liverpool vs Fulham,draw,7.2,6.76,7.705,0.1709,0.1385,0.1426,23.05,2.64,MARGINAL_EV,home,False,0.0651,6.51,-0.0655,-6.55,True,False
2023-12-03_Liverpool_Fulham_away,2023-12-03,Liverpool vs Fulham,away,11.5,10.35,12.145,0.155,0.0866,0.0952,78.25,9.53,CALIBRATED_EV,home,False,0.1111,11.11,-0.0531,-5.31,True,True
2023-12-03_Chelsea_Brighton_home,2023-12-03,Chelsea vs Brighton,home,1.78,1.75,1.787,0.3593,0.5592,0.5368,-36.04,-4.45,NO_EDGE,home,True,0.0171,1.71,-0.0039,-0.39,True,False
2023-12-03_Chelsea_Brighton_draw,2023-12-03,Chelsea vs Brighton,draw,4.37,4.21,4.441,0.1869,0.2261,0.2151,-18.32,-5.99,NO_EDGE,home,False,0.038,3.8,-0.016,-1.6,True,False
2023-12-03_Chelsea_Brighton_away,2023-12-03,Chelsea vs Brighton,away,4.6,4.4,4.649,0.4538,0.2147,0.2415,108.75,11.09,CALIBRATED_EV,home,False,0.0455,4.55,-0.0105,-1.05,True,True
2023-12-03_Manchester City_Tottenham_home,2023-12-03,Manchester City vs Tottenham,home,1.34,1.27,1.291,0.5014,0.7477,0.7201,-32.81,-3.51,NO_EDGE,draw,False,0.0551,5.51,0.038,3.8,True,False
2023-12-03_Manchester City_Tottenham_draw,2023-12-03,Manchester City vs Tottenham,draw,6.5,6.42,7.282,0.1921,0.1557,0.1603,24.87,4.18,MARGINAL_EV,draw,True,0.0125,1.25,-0.1074,-10.74,True,False
2023-12-03_Manchester City_Tottenham_away,2023-12-03,Manchester City vs Tottenham,away,10.5,9.75,11.375,0.3065,0.0967,0.1135,221.82,19.13,FAKE_EV,draw,False,0.0769,7.69,-0.0769,-7.69,True,False
2023-12-03_West Ham United_Crystal Palace_home,2023-12-03,West Ham United vs Crystal Palace,home,2.06,2.01,2.056,0.4572,0.483,0.4733,-5.82,-2.51,NO_EDGE,draw,False,0.0249,2.49,0.0019,0.19,True,False
2023-12-03_West Ham United_Crystal Palace_draw,2023-12-03,West Ham United vs Crystal Palace,draw,3.68,3.56,3.71,0.2112,0.2693,0.253,-22.28,-6.88,NO_EDGE,draw,True,0.0337,3.37,-0.0081,-0.81,True,False
2023-12-03_West Ham United_Crystal Palace_away,2023-12-03,West Ham United vs Crystal Palace,away,4.0,3.92,4.098,0.3316,0.2476,0.2712,32.64,8.46,CALIBRATED_EV,draw,False,0.0204,2.04,-0.0239,-2.39,True,True
2023-12-03_Bournemouth_Aston Villa_home,2023-12-03,Bournemouth vs Aston Villa,home,3.57,3.56,3.714,0.1446,0.2795,0.2417,-48.38,-13.71,NO_EDGE,draw,False,0.0028,0.28,-0.0388,-3.88,True,False
2023-12-03_Bournemouth_Aston Villa_draw,2023-12-03,Bournemouth vs Aston Villa,draw,4.19,4.07,4.265,0.1548,0.2381,0.2147,-35.14,-10.02,NO_EDGE,draw,True,0.0295,2.95,-0.0176,-1.76,True,False
2023-12-03_Bournemouth_Aston Villa_away,2023-12-03,Bournemouth vs Aston Villa,away,2.07,1.97,2.015,0.7006,0.4825,0.5069,45.02,4.93,MARGINAL_EV,draw,False,0.0508,5.08,0.0273,2.73,True,False
2023-12-05_Wolverhampton Wanderers_Burnley_home,2023-12-05,Wolverhampton Wanderers vs Burnley,home,1.95,1.92,1.955,0.471,0.5166,0.5038,-8.16,-1.76,NO_EDGE,home,True,0.0156,1.56,-0.0026,-0.26,True,False
2023-12-05_Wolverhampton Wanderers_Burnley_draw,2023-12-05,Wolverhampton Wanderers vs Burnley,draw,3.8,3.6,3.731,0.1973,0.267,0.2475,-25.03,-5.95,NO_EDGE,home,False,0.0556,5.56,0.0185,1.85,True,False
2023-12-05_Wolverhampton Wanderers_Burnley_away,2023-12-05,Wolverhampton Wanderers vs Burnley,away,4.7,4.35,4.533,0.3317,0.2164,0.2487,55.9,16.88,CALIBRATED_EV,home,False,0.0805,8.05,0.0368,3.68,True,True
2023-12-05_Luton Town_Arsenal_home,2023-12-05,Luton Town vs Arsenal,home,17.0,14.73,17.262,0.095,0.0594,0.0639,61.5,8.66,CALIBRATED_EV,away,False,0.1541,15.41,-0.0152,-1.52,True,True
2023-12-05_Luton Town_Arsenal_draw,2023-12-05,Luton Town vs Arsenal,draw,7.2,6.77,7.579,0.1517,0.1399,0.1419,9.22,2.18,MARGINAL_EV,away,False,0.0635,6.35,-0.05,-5.0,True,False
2023-12-05_Luton Town_Arsenal_away,2023-12-05,Luton Town vs Arsenal,away,1.25,1.22,1.234,0.7533,0.8007,0.7874,-5.84,-1.58,NO_EDGE,away,True,0.0246,2.46,0.013,1.3,True,False
2023-12-06_Brighton_Brentford_home,2023-12-06,Brighton vs Brentford,home,1.98,1.94,1.986,0.3937,0.5054,0.4741,-22.05,-6.12,NO_EDGE,home,True,0.0206,2.06,-0.003,-0.3,True,False
2023-12-06_Brighton_Brentford_draw,2023-12-06,Brighton vs Brentford,draw,4.1,3.89,4.083,0.1948,0.2442,0.2304,-20.13,-5.54,NO_EDGE,home,False,0.054,5.4,0.0042,0.42,True,False
2023-12-06_Brighton_Brentford_away,2023-12-06,Brighton vs Brentford,away,4.0,3.79,3.974,0.4115,0.2504,0.2684,64.6,7.36,CALIBRATED_EV,home,False,0.0554,5.54,0.0065,0.65,True,True
2023-12-06_Crystal Palace_Bournemouth_home,2023-12-06,Crystal Palace vs Bournemouth,home,2.36,2.3,2.362,0.4981,0.4302,0.4492,17.55,6.01,CALIBRATED_EV,away,False,0.0261,2.61,-0.0008,-0.08,True,True
2023-12-06_Crystal Palace_Bournemouth_draw,2023-12-06,Crystal Palace vs Bournemouth,draw,3.58,3.45,3.59,0.2216,0.2857,0.2677,-20.67,-4.15,NO_EDGE,away,False,0.0377,3.77,-0.0028,-0.28,True,False
2023-12-06_Crystal Palace_Bournemouth_away,2023-12-06,Crystal Palace vs Bournemouth,away,3.6,3.23,3.354,0.2803,0.2841,0.2827,0.91,1.76,NO_EDGE,away,True,0.1146,11.46,0.0733,7.33,True,False
2023-12-06_Fulham_Nottingham Forest_home,2023-12-06,Fulham vs Nottingham Forest,home,2.14,2.06,2.109,0.3342,0.4689,0.4312,-28.48,-7.73,NO_EDGE,home,True,0.0388,3.88,0.0147,1.47,True,False
2023-12-06_Fulham_Nottingham Forest_draw,2023-12-06,Fulham vs Nottingham Forest,draw,3.64,3.5,3.644,0.221,0.2763,0.2608,-19.56,-5.05,NO_EDGE,home,False,0.04,4.0,-0.0011,-0.11,True,False
2023-12-06_Fulham_Nottingham Forest_away,2023-12-06,Fulham vs Nottingham Forest,away,3.95,3.81,3.978,0.4448,0.2547,0.276,75.7,9.04,CALIBRATED_EV,home,False,0.0367,3.67,-0.007,-0.7,True,True
2023-12-06_Sheffield United_Liverpool_home,2023-12-06,Sheffield United vs Liverpool,home,15.0,14.14,17.176,0.0681,0.0782,0.0765,2.15,14.7,NO_EDGE,away,False,0.0608,6.08,-0.1267,-12.67,True,False
2023-12-06_Sheffield United_Liverpool_draw,2023-12-06,Sheffield United vs Liverpool,draw,8.4,7.68,8.92,0.1003,0.1349,0.1306,-15.75,9.68,NO_EDGE,away,False,0.0938,9.38,-0.0583,-5.83,True,False
2023-12-06_Sheffield United_Liverpool_away,2023-12-06,Sheffield United vs Liverpool,away,1.29,1.19,1.205,0.8316,0.7869,0.7994,7.28,3.12,MARGINAL_EV,away,True,0.084,8.4,0.0705,7.05,True,False
2023-12-06_Aston Villa_Manchester City_home,2023-12-06,Aston Villa vs Manchester City,home,4.9,4.35,4.581,0.3599,0.2072,0.2243,76.35,9.9,CALIBRATED_EV,home,True,0.1264,12.64,0.0696,6.96,True,True
2023-12-06_Aston Villa_Manchester City_draw,2023-12-06,Aston Villa vs Manchester City,draw,4.45,4.29,4.516,0.1784,0.2279,0.2141,-20.61,-4.74,NO_EDGE,home,False,0.0373,3.73,-0.0146,-1.46,True,False
2023-12-06_Aston Villa_Manchester City_away,2023-12-06,Aston Villa vs Manchester City,away,1.78,1.75,1.785,0.4617,0.5649,0.536,-17.82,-4.59,NO_EDGE,home,False,0.0171,1.71,-0.0028,-0.28,True,False
2023-12-06_Manchester United_Chelsea_home,2023-12-06,Manchester United vs Chelsea,home,2.93,2.88,2.975,0.3568,0.3465,0.3504,4.54,2.66,NO_EDGE,home,True,0.0174,1.74,-0.0151,-1.51,True,False
2023-12-06_Manchester United_Chelsea_draw,2023-12-06,Manchester United vs Chelsea,draw,3.8,3.67,3.82,0.2208,0.2681,0.2549,-16.1,-3.15,NO_EDGE,home,False,0.0354,3.54,-0.0052,-0.52,True,False
2023-12-06_Manchester United_Chelsea_away,2023-12-06,Manchester United vs Chelsea,away,2.63,2.42,2.487,0.4224,0.3854,0.3958,11.09,4.09,MARGINAL_EV,home,False,0.0868,8.68,0.0575,5.75,True,False
2023-12-07_Everton_Newcastle United_home,2023-12-07,Everton vs Newcastle United,home,3.3,3.17,3.283,0.1701,0.3094,0.2704,-43.87,-10.76,NO_EDGE,home,True,0.041,4.1,0.0052,0.52,True,False
2023-12-07_Everton_Newcastle United_draw,2023-12-07,Everton vs Newcastle United,draw,3.6,3.41,3.539,0.187,0.2841,0.2569,-32.68,-7.52,NO_EDGE,home,False,0.0557,5.57,0.0172,1.72,True,False
2023-12-07_Everton_Newcastle United_away,2023-12-07,Everton vs Newcastle United,away,2.5,2.36,2.422,0.6429,0.4065,0.433,60.73,8.24,CALIBRATED_EV,home,False,0.0593,5.93,0.0322,3.22,True,True
2023-12-07_Tottenham_West Ham United_home,2023-12-07,Tottenham vs West Ham United,home,1.85,1.8,1.838,0.5357,0.5412,0.5391,-0.9,-0.26,NO_EDGE,away,False,0.0278,2.78,0.0065,0.65,True,False
2023-12-07_Tottenham_West Ham United_draw,2023-12-07,Tottenham vs West Ham United,draw,4.5,4.31,4.539,0.1764,0.2229,0.2099,-20.62,-5.56,NO_EDGE,away,False,0.0441,4.41,-0.0086,-0.86,True,False
2023-12-07_Tottenham_West Ham United_away,2023-12-07,Tottenham vs West Ham United,away,4.25,4.04,4.245,0.2879,0.2359,0.2505,22.36,6.46,CALIBRATED_EV,away,True,0.052,5.2,0.0012,0.12,True,True
2023-12-09_Brighton_Burnley_home,2023-12-09,Brighton vs Burnley,home,1.55,1.5,1.527,0.6421,0.6442,0.6434,-0.47,-0.27,NO_EDGE,draw,False,0.0333,3.33,0.0151,1.51,True,False
2023-12-09_Brighton_Burnley_draw,2023-12-09,Brighton vs Burnley,draw,4.9,4.69,5.022,0.157,0.203,0.1901,-23.07,-6.86,NO_EDGE,draw,True,0.0448,4.48,-0.0243,-2.43,True,False
2023-12-09_Brighton_Burnley_away,2023-12-09,Brighton vs Burnley,away,6.5,6.31,6.846,0.2009,0.1529,0.1589,30.58,3.29,MARGINAL_EV,draw,False,0.0301,3.01,-0.0505,-5.05,True,False
2023-12-09_Crystal Palace_Liverpool_home,2023-12-09,Crystal Palace vs Liverpool,home,6.6,6.3,6.839,0.1418,0.1592,0.1563,-6.41,3.14,NO_EDGE,away,False,0.0476,4.76,-0.0349,-3.49,True,False
2023-12-09_Crystal Palace_Liverpool_draw,2023-12-09,Crystal Palace vs Liverpool,draw,4.75,4.59,4.913,0.1832,0.2193,0.2092,-12.98,-0.62,NO_EDGE,away,False,0.0349,3.49,-0.0332,-3.32,True,False
2023-12-09_Crystal Palace_Liverpool_away,2023-12-09,Crystal Palace vs Liverpool,away,1.63,1.51,1.538,0.675,0.6214,0.6364,10.02,3.74,MARGINAL_EV,away,True,0.0795,7.95,0.0598,5.98,True,False
2023-12-09_Manchester United_Bournemouth_home,2023-12-09,Manchester United vs Bournemouth,home,1.59,1.55,1.58,0.5192,0.629,0.5983,-17.45,-4.87,NO_EDGE,away,False,0.0258,2.58,0.0063,0.63,True,False
2023-12-09_Manchester United_Bournemouth_draw,2023-12-09,Manchester United vs Bournemouth,draw,4.9,4.7,5.028,0.2161,0.2042,0.2087,5.89,2.26,MARGINAL_EV,away,False,0.0426,4.26,-0.0255,-2.55,True,False
2023-12-09_Manchester United_Bournemouth_away,2023-12-09,Manchester United vs Bournemouth,away,6.0,5.52,5.947,0.2647,0.1668,0.1791,58.82,7.47,CALIBRATED_EV,away,True,0.087,8.7,0.0089,0.89,True,True
2023-12-09_Sheffield United_Brentford_home,2023-12-09,Sheffield United vs Brentford,home,4.7,4.47,4.724,0.1345,0.2107,0.1893,-36.78,-11.01,NO_EDGE,home,True,0.0515,5.15,-0.0051,-0.51,True,False
2023-12-09_Sheffield United_Brentford_draw,2023-12-09,Sheffield United vs Brentford,draw,3.95,3.84,4.036,0.1554,0.2509,0.2242,-38.62,-11.44,NO_EDGE,home,False,0.0286,2.86,-0.0213,-2.13,True,False
2023-12-09_Sheffield United_Brentford_away,2023-12-09,Sheffield United vs Brentford,away,1.85,1.81,1.85,0.7101,0.5384,0.5576,31.37,3.16,MARGINAL_EV,home,False,0.0221,2.21,0.0,0.0,True,False
2023-12-09_Aston Villa_Arsenal_home,2023-12-09,Aston Villa vs Arsenal,home,3.55,3.43,3.571,0.3526,0.2807,0.3008,25.17,6.8,CALIBRATED_EV,home,True,0.035,3.5,-0.0059,-0.59,True,True
2023-12-09_Aston Villa_Arsenal_draw,2023-12-09,Aston Villa vs Arsenal,draw,3.84,3.69,3.851,0.1997,0.2595,0.2427,-23.32,-6.8,NO_EDGE,home,False,0.0407,4.07,-0.0029,-0.29,True,False
2023-12-09_Aston Villa_Arsenal_away,2023-12-09,Aston Villa vs Arsenal,away,2.17,2.12,2.173,0.4477,0.4598,0.4552,-2.85,-1.21,NO_EDGE,home,False,0.0236,2.36,-0.0014,-0.14,True,False
2023-12-09_Wolverhampton Wanderers_Nottingham Forest_home,2023-12-09,Wolverhampton Wanderers vs Nottingham Forest,home,1.91,1.89,1.932,0.4506,0.5226,0.5025,-13.94,-4.03,NO_EDGE,draw,False,0.0106,1.06,-0.0114,-1.14,True,False
2023-12-09_Wolverhampton Wanderers_Nottingham Forest_draw,2023-12-09,Wolverhampton Wanderers vs Nottingham Forest,draw,3.82,3.56,3.721,0.2192,0.2608,0.2492,-16.27,-4.81,NO_EDGE,draw,True,0.073,7.3,0.0266,2.66,True,False
2023-12-09_Wolverhampton Wanderers_Nottingham Forest_away,2023-12-09,Wolverhampton Wanderers vs Nottingham Forest,away,4.6,4.44,4.677,0.3302,0.2165,0.2483,51.89,14.24,CALIBRATED_EV,draw,False,0.036,3.6,-0.0165,-1.65,True,True
2023-12-10_Everton_Chelsea_home,2023-12-10,Everton vs Chelsea,home,3.15,3.03,3.133,0.3501,0.3178,0.3268,10.28,2.95,MARGINAL_EV,home,True,0.0396,3.96,0.0054,0.54,True,False
2023-12-10_Everton_Chelsea_draw,2023-12-10,Everton vs Chelsea,draw,3.75,3.59,3.731,0.2233,0.267,0.2547,-16.26,-4.47,NO_EDGE,home,False,0.0446,4.46,0.0051,0.51,True,False
2023-12-10_Everton_Chelsea_away,2023-12-10,Everton vs Chelsea,away,2.41,2.36,2.422,0.4266,0.4153,0.4195,2.81,1.11,NO_EDGE,home,False,0.0212,2.12,-0.005,-0.5,True,False
2023-12-10_Fulham_West Ham United_home,2023-12-10,Fulham vs West Ham United,home,2.49,2.44,2.51,0.3413,0.4032,0.3859,-15.02,-3.92,NO_EDGE,home,True,0.0205,2.05,-0.008,-0.8,True,False
2023-12-10_Fulham_West Ham United_draw,2023-12-10,Fulham vs West Ham United,draw,3.66,3.4,3.534,0.2055,0.2747,0.2554,-24.79,-6.54,NO_EDGE,home,False,0.0765,7.65,0.0357,3.57,True,False
2023-12-10_Fulham_West Ham United_away,2023-12-10,Fulham vs West Ham United,away,3.12,3.03,3.138,0.4532,0.3221,0.3588,41.4,11.94,CALIBRATED_EV,home,False,0.0297,2.97,-0.0057,-0.57,True,True
2023-12-10_Luton Town_Manchester City_home,2023-12-10,Luton Town vs Manchester City,home,22.0,18.31,23.425,0.1392,0.048,0.0595,206.24,30.94,FAKE_EV,away,False,0.2015,20.15,-0.0608,-6.08,True,False
2023-12-10_Luton Town_Manchester City_draw,2023-12-10,Luton Town vs Manchester City,draw,11.0,10.09,12.273,0.157,0.0949,0.1027,72.7,12.98,CALIBRATED_EV,away,False,0.0902,9.02,-0.1037,-10.37,True,True
2023-12-10_Luton Town_Manchester City_away,2023-12-10,Luton Town vs Manchester City,away,1.17,1.13,1.142,0.7039,0.8571,0.8399,-17.64,-1.73,NO_EDGE,away,True,0.0354,3.54,0.0245,2.45,True,False
2023-12-10_Tottenham_Newcastle United_home,2023-12-10,Tottenham vs Newcastle United,home,2.3,2.23,2.287,0.3233,0.4361,0.4045,-25.64,-6.96,NO_EDGE,home,True,0.0314,3.14,0.0057,0.57,True,False
2023-12-10_Tottenham_Newcastle United_draw,2023-12-10,Tottenham vs Newcastle United,draw,3.99,3.84,4.007,0.1946,0.2519,0.2359,-22.35,-5.88,NO_EDGE,home,False,0.0391,3.91,-0.0042,-0.42,True,False
2023-12-10_Tottenham_Newcastle United_away,2023-12-10,Tottenham vs Newcastle United,away,3.22,3.08,3.192,0.4821,0.3119,0.331,55.24,6.58,CALIBRATED_EV,home,False,0.0455,4.55,0.0088,0.88,True,True
2023-12-15_Nottingham Forest_Tottenham_home,2023-12-15,Nottingham Forest vs Tottenham,home,4.88,4.51,4.734,0.2141,0.2052,0.2085,4.48,1.77,NO_EDGE,away,False,0.082,8.2,0.0308,3.08,True,False
2023-12-15_Nottingham Forest_Tottenham_draw,2023-12-15,Nottingham Forest vs Tottenham,draw,4.3,4.14,4.333,0.1884,0.2328,0.2204,-18.99,-5.24,NO_EDGE,away,False,0.0386,3.86,-0.0076,-0.76,True,False
2023-12-15_Nottingham Forest_Tottenham_away,2023-12-15,Nottingham Forest vs Tottenham,away,1.78,1.76,1.792,0.5975,0.562,0.572,6.35,1.81,MARGINAL_EV,away,True,0.0114,1.14,-0.0067,-0.67,True,False
2023-12-16_Chelsea_Sheffield United_home,2023-12-16,Chelsea vs Sheffield United,home,1.28,1.24,1.258,0.6737,0.7824,0.7519,-13.77,-3.75,NO_EDGE,home,True,0.0323,3.23,0.0175,1.75,True,False
2023-12-16_Chelsea_Sheffield United_draw,2023-12-16,Chelsea vs Sheffield United,draw,7.1,6.69,7.577,0.1597,0.1424,0.1454,13.39,3.22,MARGINAL_EV,home,False,0.0613,6.13,-0.063,-6.3,True,False
2023-12-16_Chelsea_Sheffield United_away,2023-12-16,Chelsea vs Sheffield United,away,13.5,11.68,13.721,0.1666,0.0752,0.0867,124.91,17.06,FAKE_EV,home,False,0.1558,15.58,-0.0161,-1.61,True,False
2023-12-16_Manchester City_Crystal Palace_home,2023-12-16,Manchester City vs Crystal Palace,home,1.2,1.17,1.186,0.6582,0.8338,0.8141,-21.02,-2.3,NO_EDGE,draw,False,0.0256,2.56,0.0118,1.18,True,False
2023-12-16_Manchester City_Crystal Palace_draw,2023-12-16,Manchester City vs Crystal Palace,draw,8.8,7.98,9.523,0.1781,0.1144,0.1224,56.73,7.75,CALIBRATED_EV,draw,True,0.1028,10.28,-0.0759,-7.59,True,True
2023-12-16_Manchester City_Crystal Palace_away,2023-12-16,Manchester City vs Crystal Palace,away,19.5,15.35,19.369,0.1637,0.0518,0.0659,219.22,28.45,FAKE_EV,draw,False,0.2704,27.04,0.0068,0.68,True,False
2023-12-16_Newcastle United_Fulham_home,2023-12-16,Newcastle United vs Fulham,home,1.92,1.87,1.912,0.4854,0.5193,0.5098,-6.8,-2.12,NO_EDGE,home,True,0.0267,2.67,0.0042,0.42,True,False
2023-12-16_Newcastle United_Fulham_draw,2023-12-16,Newcastle United vs Fulham,draw,4.05,3.94,4.138,0.1992,0.2453,0.2324,-19.32,-5.87,NO_EDGE,home,False,0.0279,2.79,-0.0213,-2.13,True,False
2023-12-16_Newcastle United_Fulham_away,2023-12-16,Newcastle United vs Fulham,away,4.22,4.04,4.247,0.3153,0.2354,0.2578,33.06,8.78,CALIBRATED_EV,home,False,0.0446,4.46,-0.0064,-0.64,True,True
2023-12-16_Burnley_Everton_home,2023-12-16,Burnley vs Everton,home,3.74,3.66,3.814,0.2386,0.2673,0.2565,-10.76,-4.09,NO_EDGE,away,False,0.0219,2.19,-0.0194,-1.94,True,False
2023-12-16_Burnley_Everton_draw,2023-12-16,Burnley vs Everton,draw,3.62,3.44,3.578,0.2117,0.2762,0.2581,-23.36,-6.56,NO_EDGE,away,False,0.0523,5.23,0.0117,1.17,True,False
2023-12-16_Burnley_Everton_away,2023-12-16,Burnley vs Everton,away,2.19,2.13,2.182,0.5498,0.4565,0.4827,20.41,5.7,CALIBRATED_EV,away,True,0.0282,2.82,0.0037,0.37,True,True
2023-12-17_Arsenal_Brighton_home,2023-12-17,Arsenal vs Brighton,home,1.53,1.48,1.504,0.5456,0.6547,0.6242,-16.52,-4.5,NO_EDGE,home,True,0.0338,3.38,0.0173,1.73,True,False
2023-12-17_Arsenal_Brighton_draw,2023-12-17,Arsenal vs Brighton,draw,5.0,4.76,5.081,0.1889,0.2013,0.1966,-5.55,-1.7,NO_EDGE,home,False,0.0504,5.04,-0.0159,-1.59,True,False
2023-12-17_Arsenal_Brighton_away,2023-12-17,Arsenal vs Brighton,away,7.0,6.67,7.221,0.2656,0.144,0.1593,85.92,11.51,CALIBRATED_EV,home,False,0.0495,4.95,-0.0306,-3.06,True,True
2023-12-17_Brentford_Aston Villa_home,2023-12-17,Brentford vs Aston Villa,home,3.5,3.24,3.363,0.2257,0.2878,0.2704,-21.0,-5.37,NO_EDGE,away,False,0.0802,8.02,0.0407,4.07,True,False
2023-12-17_Brentford_Aston Villa_draw,2023-12-17,Brentford vs Aston Villa,draw,3.85,3.73,3.888,0.1993,0.2617,0.2443,-23.27,-5.96,NO_EDGE,away,False,0.0322,3.22,-0.0098,-0.98,True,False
2023-12-17_Brentford_Aston Villa_away,2023-12-17,Brentford vs Aston Villa,away,2.23,2.19,2.245,0.575,0.4505,0.4854,28.22,8.23,CALIBRATED_EV,away,True,0.0183,1.83,-0.0067,-0.67,True,True
2023-12-17_West Ham United_Wolverhampton Wanderers_home,2023-12-17,West Ham United vs Wolverhampton Wanderers,home,2.27,2.12,2.172,0.4,0.4444,0.432,-9.2,-1.94,NO_EDGE,home,True,0.0708,7.08,0.0451,4.51,True,False
2023-12-17_West Ham United_Wolverhampton Wanderers_draw,2023-12-17,West Ham United vs Wolverhampton Wanderers,draw,3.68,3.62,3.772,0.2,0.2755,0.2544,-26.4,-6.38,NO_EDGE,home,False,0.0166,1.66,-0.0244,-2.44,True,False
2023-12-17_West Ham United_Wolverhampton Wanderers_away,2023-12-17,West Ham United vs Wolverhampton Wanderers,away,3.62,3.5,3.644,0.4,0.2801,0.3136,44.8,13.54,CALIBRATED_EV,home,False,0.0343,3.43,-0.0066,-0.66,True,True
2023-12-17_Liverpool_Manchester United_home,2023-12-17,Liverpool vs Manchester United,home,1.42,1.32,1.342,0.646,0.716,0.6964,-8.27,-1.11,NO_EDGE,draw,False,0.0758,7.58,0.0581,5.81,True,False
2023-12-17_Liverpool_Manchester United_draw,2023-12-17,Liverpool vs Manchester United,draw,6.55,5.99,6.672,0.1874,0.1669,0.1704,22.75,11.59,CALIBRATED_EV,draw,True,0.0935,9.35,-0.0183,-1.83,True,True
2023-12-17_Liverpool_Manchester United_away,2023-12-17,Liverpool vs Manchester United,away,9.5,8.37,9.513,0.1666,0.1171,0.1233,58.27,17.17,CALIBRATED_EV,draw,False,0.135,13.5,-0.0014,-0.14,True,True
2023-12-21_Crystal Palace_Brighton_home,2023-12-21,Crystal Palace vs Brighton,home,3.5,3.4,3.531,0.3472,0.2856,0.3028,21.52,5.99,CALIBRATED_EV,draw,False,0.0294,2.94,-0.0088,-0.88,True,True
2023-12-21_Crystal Palace_Brighton_draw,2023-12-21,Crystal Palace vs Brighton,draw,3.7,3.47,3.606,0.2142,0.2701,0.2545,-20.75,-5.85,NO_EDGE,draw,True,0.0663,6.63,0.0261,2.61,True,False
2023-12-21_Crystal Palace_Brighton_away,2023-12-21,Crystal Palace vs Brighton,away,2.25,2.22,2.275,0.4386,0.4443,0.4421,-1.31,-0.52,NO_EDGE,draw,False,0.0135,1.35,-0.011,-1.1,True,False
2023-12-22_Aston Villa_Sheffield United_home,2023-12-22,Aston Villa vs Sheffield United,home,1.28,1.24,1.256,0.7835,0.7843,0.784,0.29,0.35,NO_EDGE,draw,False,0.0323,3.23,0.0191,1.91,True,False
2023-12-22_Aston Villa_Sheffield United_draw,2023-12-22,Aston Villa vs Sheffield United,draw,7.3,6.98,7.846,0.1307,0.1413,0.1395,-4.59,1.84,NO_EDGE,draw,True,0.0458,4.58,-0.0696,-6.96,True,False
2023-12-22_Aston Villa_Sheffield United_away,2023-12-22,Aston Villa vs Sheffield United,away,14.0,11.3,13.075,0.0857,0.0744,0.0764,19.98,6.89,CALIBRATED_EV,draw,False,0.2389,23.89,0.0707,7.07,True,True
2023-12-23_West Ham United_Manchester United_home,2023-12-23,West Ham United vs Manchester United,home,2.72,2.65,2.731,0.3777,0.3675,0.3713,2.73,1.0,NO_EDGE,home,True,0.0264,2.64,-0.004,-0.4,True,False
2023-12-23_West Ham United_Manchester United_draw,2023-12-23,West Ham United vs Manchester United,draw,3.81,3.65,3.798,0.2285,0.2623,0.2528,-12.94,-3.67,NO_EDGE,home,False,0.0438,4.38,0.0032,0.32,True,False
2023-12-23_West Ham United_Manchester United_away,2023-12-23,West Ham United vs Manchester United,away,2.7,2.62,2.699,0.3939,0.3702,0.3792,6.35,2.37,MARGINAL_EV,home,False,0.0305,3.05,0.0004,0.04,True,False
2023-12-23_Fulham_Burnley_home,2023-12-23,Fulham vs Burnley,home,1.76,1.7,1.734,0.5195,0.5698,0.5557,-8.57,-2.19,NO_EDGE,away,False,0.0353,3.53,0.015,1.5,True,False
2023-12-23_Fulham_Burnley_draw,2023-12-23,Fulham vs Burnley,draw,4.2,3.96,4.171,0.2056,0.2399,0.2303,-13.65,-3.29,NO_EDGE,away,False,0.0606,6.06,0.007,0.7,True,False
2023-12-23_Fulham_Burnley_away,2023-12-23,Fulham vs Burnley,away,5.3,5.12,5.445,0.2749,0.1903,0.214,45.7,13.41,CALIBRATED_EV,away,True,0.0352,3.52,-0.0266,-2.66,True,True
2023-12-23_Luton Town_Newcastle United_home,2023-12-23,Luton Town vs Newcastle United,home,5.32,4.91,5.245,0.1968,0.1912,0.1933,4.7,2.85,NO_EDGE,home,True,0.0835,8.35,0.0143,1.43,True,False
2023-12-23_Luton Town_Newcastle United_draw,2023-12-23,Luton Town vs Newcastle United,draw,4.6,4.36,4.635,0.1909,0.2208,0.2095,-12.19,-3.63,NO_EDGE,home,False,0.055,5.5,-0.0076,-0.76,True,False
2023-12-23_Luton Town_Newcastle United_away,2023-12-23,Luton Town vs Newcastle United,away,1.71,1.65,1.685,0.6123,0.588,0.5972,4.7,2.12,NO_EDGE,home,False,0.0364,3.64,0.0148,1.48,True,False
2023-12-23_Nottingham Forest_Bournemouth_home,2023-12-23,Nottingham Forest vs Bournemouth,home,2.83,2.74,2.824,0.3493,0.3518,0.3508,-1.15,-0.72,NO_EDGE,away,False,0.0328,3.28,0.0021,0.21,True,False
2023-12-23_Nottingham Forest_Bournemouth_draw,2023-12-23,Nottingham Forest vs Bournemouth,draw,3.63,3.52,3.655,0.2256,0.2739,0.2604,-18.11,-5.47,NO_EDGE,away,False,0.0312,3.12,-0.0068,-0.68,True,False
2023-12-23_Nottingham Forest_Bournemouth_away,2023-12-23,Nottingham Forest vs Bournemouth,away,2.66,2.61,2.686,0.4252,0.3743,0.3886,13.1,3.36,MARGINAL_EV,away,True,0.0192,1.92,-0.0097,-0.97,True,False
2023-12-23_Tottenham_Everton_home,2023-12-23,Tottenham vs Everton,home,1.87,1.8,1.838,0.4128,0.5373,0.5024,-22.81,-6.05,NO_EDGE,home,True,0.0389,3.89,0.0174,1.74,True,False
2023-12-23_Tottenham_Everton_draw,2023-12-23,Tottenham vs Everton,draw,4.4,4.29,4.52,0.2286,0.2298,0.2293,0.58,0.91,NO_EDGE,home,False,0.0256,2.56,-0.0265,-2.65,True,False
2023-12-23_Tottenham_Everton_away,2023-12-23,Tottenham vs Everton,away,4.34,4.05,4.259,0.3586,0.2329,0.2681,55.63,16.37,CALIBRATED_EV,home,False,0.0716,7.16,0.019,1.9,True,True
2023-12-23_Liverpool_Arsenal_home,2023-12-23,Liverpool vs Arsenal,home,2.53,2.47,2.539,0.3961,0.3994,0.3982,0.21,0.74,NO_EDGE,draw,False,0.0243,2.43,-0.0035,-0.35,True,False
2023-12-23_Liverpool_Arsenal_draw,2023-12-23,Liverpool vs Arsenal,draw,3.78,3.63,3.775,0.2243,0.2686,0.2562,-15.21,-3.17,NO_EDGE,draw,True,0.0413,4.13,0.0013,0.13,True,False
2023-12-23_Liverpool_Arsenal_away,2023-12-23,Liverpool vs Arsenal,away,3.05,2.84,2.931,0.3797,0.332,0.3454,15.81,5.34,CALIBRATED_EV,draw,False,0.0739,7.39,0.0406,4.06,True,True
2023-12-24_Wolverhampton Wanderers_Chelsea_home,2023-12-24,Wolverhampton Wanderers vs Chelsea,home,3.91,3.77,3.937,0.3186,0.2539,0.272,24.57,6.35,CALIBRATED_EV,home,True,0.0371,3.71,-0.0069,-0.69,True,True
2023-12-24_Wolverhampton Wanderers_Chelsea_draw,2023-12-24,Wolverhampton Wanderers vs Chelsea,draw,3.85,3.76,3.926,0.222,0.2578,0.2478,-14.53,-4.6,NO_EDGE,home,False,0.0239,2.39,-0.0194,-1.94,True,False
2023-12-24_Wolverhampton Wanderers_Chelsea_away,2023-12-24,Wolverhampton Wanderers vs Chelsea,away,2.04,1.99,2.035,0.4594,0.4883,0.4774,-6.28,-2.61,NO_EDGE,home,False,0.0251,2.51,0.0025,0.25,True,False
2023-12-26_Sheffield United_Luton Town_home,2023-12-26,Sheffield United vs Luton Town,home,2.52,2.46,2.53,0.2265,0.3959,0.3769,-42.92,-5.01,NO_EDGE,away,False,0.0244,2.44,-0.004,-0.4,True,False
2023-12-26_Sheffield United_Luton Town_draw,2023-12-26,Sheffield United vs Luton Town,draw,3.42,3.32,3.446,0.207,0.2915,0.2678,-29.21,-8.4,NO_EDGE,away,False,0.0301,3.01,-0.0075,-0.75,True,False
2023-12-26_Sheffield United_Luton Town_away,2023-12-26,Sheffield United vs Luton Town,away,3.19,3.07,3.179,0.5665,0.3126,0.341,80.71,8.79,CALIBRATED_EV,away,True,0.0391,3.91,0.0035,0.35,True,True
2023-12-26_Newcastle United_Nottingham Forest_home,2023-12-26,Newcastle United vs Nottingham Forest,home,1.56,1.51,1.538,0.6101,0.6406,0.6321,-4.82,-1.4,NO_EDGE,away,False,0.0331,3.31,0.0143,1.43,True,False
2023-12-26_Newcastle United_Nottingham Forest_draw,2023-12-26,Newcastle United vs Nottingham Forest,draw,4.6,4.42,4.726,0.2012,0.2169,0.211,-7.45,-2.95,NO_EDGE,away,False,0.0407,4.07,-0.0267,-2.67,True,False
2023-12-26_Newcastle United_Nottingham Forest_away,2023-12-26,Newcastle United vs Nottingham Forest,away,7.0,6.64,7.23,0.1887,0.1425,0.1483,32.09,3.8,MARGINAL_EV,away,True,0.0542,5.42,-0.0318,-3.18,True,False
2023-12-26_Burnley_Liverpool_home,2023-12-26,Burnley vs Liverpool,home,8.5,8.02,8.859,0.1634,0.1205,0.1259,38.89,7.02,CALIBRATED_EV,away,False,0.0599,5.99,-0.0405,-4.05,True,True
2023-12-26_Burnley_Liverpool_draw,2023-12-26,Burnley vs Liverpool,draw,5.75,5.32,5.762,0.2044,0.1774,0.182,17.53,4.63,MARGINAL_EV,away,False,0.0808,8.08,-0.0021,-0.21,True,False
2023-12-26_Burnley_Liverpool_away,2023-12-26,Burnley vs Liverpool,away,1.43,1.38,1.401,0.6323,0.7021,0.6826,-9.58,-2.39,NO_EDGE,away,True,0.0362,3.62,0.0207,2.07,True,False
2023-12-26_Manchester United_Aston Villa_home,2023-12-26,Manchester United vs Aston Villa,home,2.75,2.68,2.761,0.2141,0.3639,0.3471,-41.12,-4.55,NO_EDGE,home,True,0.0261,2.61,-0.004,-0.4,True,False
2023-12-26_Manchester United_Aston Villa_draw,2023-12-26,Manchester United vs Aston Villa,draw,3.75,3.62,3.764,0.2306,0.2669,0.2567,-13.52,-3.73,NO_EDGE,home,False,0.0359,3.59,-0.0037,-0.37,True,False
2023-12-26_Manchester United_Aston Villa_away,2023-12-26,Manchester United vs Aston Villa,away,2.71,2.61,2.687,0.5553,0.3692,0.3901,50.49,5.71,CALIBRATED_EV,home,False,0.0383,3.83,0.0086,0.86,True,True
2023-12-26_Bournemouth_Fulham_home,2023-12-26,Bournemouth vs Fulham,home,2.27,2.22,2.278,0.3676,0.4425,0.4215,-16.55,-4.32,NO_EDGE,home,True,0.0225,2.25,-0.0035,-0.35,True,False
2023-12-26_Bournemouth_Fulham_draw,2023-12-26,Bournemouth vs Fulham,draw,3.79,3.69,3.848,0.2144,0.2657,0.2514,-18.74,-4.73,NO_EDGE,home,False,0.0271,2.71,-0.0151,-1.51,True,False
2023-12-26_Bournemouth_Fulham_away,2023-12-26,Bournemouth vs Fulham,away,3.45,3.2,3.322,0.418,0.2918,0.3271,44.21,12.86,CALIBRATED_EV,home,False,0.0781,7.81,0.0385,3.85,True,True
2023-12-27_Brentford_Wolverhampton Wanderers_home,2023-12-27,Brentford vs Wolverhampton Wanderers,home,2.02,1.94,1.984,0.3934,0.4944,0.4661,-20.53,-5.85,NO_EDGE,away,False,0.0412,4.12,0.0181,1.81,True,False
2023-12-27_Brentford_Wolverhampton Wanderers_draw,2023-12-27,Brentford vs Wolverhampton Wanderers,draw,3.72,3.66,3.823,0.2345,0.2681,0.2587,-12.77,-3.75,NO_EDGE,away,False,0.0164,1.64,-0.0269,-2.69,True,False
2023-12-27_Brentford_Wolverhampton Wanderers_away,2023-12-27,Brentford vs Wolverhampton Wanderers,away,4.2,4.07,4.267,0.3721,0.2374,0.2752,56.28,15.56,CALIBRATED_EV,away,True,0.0319,3.19,-0.0157,-1.57,True,True
2023-12-27_Chelsea_Crystal Palace_home,2023-12-27,Chelsea vs Crystal Palace,home,1.75,1.72,1.755,0.4559,0.5714,0.5391,-20.22,-5.67,NO_EDGE,home,True,0.0174,1.74,-0.0028,-0.28,True,False
2023-12-27_Chelsea_Crystal Palace_draw,2023-12-27,Chelsea vs Crystal Palace,draw,4.05,3.89,4.093,0.2301,0.2469,0.2405,-6.81,-2.59,NO_EDGE,home,False,0.0411,4.11,-0.0105,-1.05,True,False
2023-12-27_Chelsea_Crystal Palace_away,2023-12-27,Chelsea vs Crystal Palace,away,5.5,5.06,5.377,0.314,0.1818,0.1984,72.7,9.14,CALIBRATED_EV,home,False,0.087,8.7,0.0229,2.29,True,True
2023-12-27_Everton_Manchester City_home,2023-12-27,Everton vs Manchester City,home,6.6,6.32,6.847,0.315,0.1546,0.1674,107.9,10.49,FAKE_EV,away,False,0.0443,4.43,-0.0361,-3.61,True,False
2023-12-27_Everton_Manchester City_draw,2023-12-27,Everton vs Manchester City,draw,4.37,4.1,4.359,0.2188,0.2324,0.2273,-4.38,-0.67,NO_EDGE,away,False,0.0659,6.59,0.0025,0.25,True,False
2023-12-27_Everton_Manchester City_away,2023-12-27,Everton vs Manchester City,away,1.64,1.57,1.601,0.4662,0.613,0.5965,-23.54,-2.17,NO_EDGE,away,True,0.0446,4.46,0.0244,2.44,True,False
2023-12-28_Brighton_Tottenham_home,2023-12-28,Brighton vs Tottenham,home,2.57,2.53,2.604,0.3171,0.3899,0.3695,-18.51,-5.03,NO_EDGE,home,True,0.0158,1.58,-0.0131,-1.31,True,False
2023-12-28_Brighton_Tottenham_draw,2023-12-28,Brighton vs Tottenham,draw,4.2,4.05,4.229,0.2038,0.2389,0.2291,-14.4,-3.8,NO_EDGE,home,False,0.037,3.7,-0.0069,-0.69,True,False
2023-12-28_Brighton_Tottenham_away,2023-12-28,Brighton vs Tottenham,away,2.7,2.56,2.635,0.4791,0.3712,0.4014,29.36,8.38,CALIBRATED_EV,home,False,0.0547,5.47,0.0247,2.47,True,True
2023-12-28_Arsenal_West Ham United_home,2023-12-28,Arsenal vs West Ham United,home,1.39,1.36,1.381,0.5691,0.7203,0.7034,-20.9,-2.23,NO_EDGE,away,False,0.0221,2.21,0.0065,0.65,True,False
2023-12-28_Arsenal_West Ham United_draw,2023-12-28,Arsenal vs West Ham United,draw,5.8,5.49,5.978,0.2045,0.1736,0.1774,18.61,2.92,MARGINAL_EV,away,False,0.0565,5.65,-0.0298,-2.98,True,False
2023-12-28_Arsenal_West Ham United_away,2023-12-28,Arsenal vs West Ham United,away,9.5,8.28,9.204,0.2264,0.1061,0.1213,115.08,15.23,FAKE_EV,away,True,0.1473,14.73,0.0322,3.22,True,False
2023-12-30_Crystal Palace_Brentford_home,2023-12-30,Crystal Palace vs Brentford,home,2.31,2.22,2.276,0.3427,0.4354,0.4094,-20.84,-5.42,NO_EDGE,home,True,0.0405,4.05,0.0149,1.49,True,False
2023-12-30_Crystal Palace_Brentford_draw,2023-12-30,Crystal Palace vs Brentford,draw,3.5,3.3,3.424,0.2467,0.2882,0.2766,-13.65,-3.2,NO_EDGE,home,False,0.0606,6.06,0.0222,2.22,True,False
2023-12-30_Crystal Palace_Brentford_away,2023-12-30,Crystal Palace vs Brentford,away,3.65,3.58,3.724,0.4107,0.2764,0.314,49.91,14.62,CALIBRATED_EV,home,False,0.0196,1.96,-0.0199,-1.99,True,True
2023-12-30_Luton Town_Chelsea_home,2023-12-30,Luton Town vs Chelsea,home,6.5,6.05,6.543,0.3219,0.1528,0.1663,109.24,8.13,FAKE_EV,away,False,0.0744,7.44,-0.0066,-0.66,True,False
2023-12-30_Luton Town_Chelsea_draw,2023-12-30,Luton Town vs Chelsea,draw,4.8,4.65,4.972,0.2242,0.2072,0.2136,7.62,2.53,MARGINAL_EV,away,False,0.0323,3.23,-0.0346,-3.46,True,False
2023-12-30_Luton Town_Chelsea_away,2023-12-30,Luton Town vs Chelsea,away,1.56,1.52,1.548,0.4539,0.64,0.6192,-29.19,-3.41,NO_EDGE,away,True,0.0263,2.63,0.0078,0.78,True,False
2023-12-30_Aston Villa_Burnley_home,2023-12-30,Aston Villa vs Burnley,home,1.4,1.38,1.401,0.6225,0.7115,0.6866,-12.85,-3.88,NO_EDGE,home,True,0.0145,1.45,-0.0007,-0.07,True,False
2023-12-30_Aston Villa_Burnley_draw,2023-12-30,Aston Villa vs Burnley,draw,5.6,5.29,5.726,0.2028,0.1751,0.1798,13.57,0.68,MARGINAL_EV,home,False,0.0586,5.86,-0.022,-2.2,True,False
2023-12-30_Aston Villa_Burnley_away,2023-12-30,Aston Villa vs Burnley,away,8.6,8.1,8.948,0.1747,0.1134,0.1211,50.24,4.19,MARGINAL_EV,home,False,0.0617,6.17,-0.0389,-3.89,True,False
2023-12-30_Nottingham Forest_Manchester United_home,2023-12-30,Nottingham Forest vs Manchester United,home,3.41,3.33,3.463,0.2849,0.2914,0.2889,-2.85,-1.47,NO_EDGE,home,True,0.024,2.4,-0.0153,-1.53,True,False
2023-12-30_Nottingham Forest_Manchester United_draw,2023-12-30,Nottingham Forest vs Manchester United,draw,3.85,3.72,3.883,0.2503,0.2579,0.255,-3.63,-1.81,NO_EDGE,home,False,0.0349,3.49,-0.0085,-0.85,True,False
2023-12-30_Nottingham Forest_Manchester United_away,2023-12-30,Nottingham Forest vs Manchester United,away,2.21,2.15,2.204,0.4649,0.4506,0.456,2.74,0.78,NO_EDGE,home,False,0.0279,2.79,0.0027,0.27,True,False
2023-12-30_Manchester City_Sheffield United_home,2023-12-30,Manchester City vs Sheffield United,home,1.1,1.07,1.079,0.739,0.9103,0.8911,-18.71,-1.98,NO_EDGE,home,True,0.028,2.8,0.0195,1.95,True,False
2023-12-30_Manchester City_Sheffield United_draw,2023-12-30,Manchester City vs Sheffield United,draw,17.0,14.55,20.06,0.1471,0.0612,0.0721,150.07,22.48,FAKE_EV,home,False,0.1684,16.84,-0.1525,-15.25,True,False
2023-12-30_Manchester City_Sheffield United_away,2023-12-30,Manchester City vs Sheffield United,away,37.0,28.9,43.253,0.1139,0.0284,0.0392,321.43,45.11,FAKE_EV,home,False,0.2803,28.03,-0.1446,-14.46,True,False
2023-12-30_Wolverhampton Wanderers_Everton_home,2023-12-30,Wolverhampton Wanderers vs Everton,home,2.75,2.67,2.751,0.3361,0.3619,0.3521,-7.57,-3.16,NO_EDGE,home,True,0.03,3.0,-0.0004,-0.04,True,False
2023-12-30_Wolverhampton Wanderers_Everton_draw,2023-12-30,Wolverhampton Wanderers vs Everton,draw,3.5,3.41,3.539,0.242,0.284,0.2722,-15.3,-4.71,NO_EDGE,home,False,0.0264,2.64,-0.011,-1.1,True,False
2023-12-30_Wolverhampton Wanderers_Everton_away,2023-12-30,Wolverhampton Wanderers vs Everton,away,2.81,2.74,2.825,0.4218,0.3541,0.3731,18.53,4.83,MARGINAL_EV,home,False,0.0255,2.55,-0.0053,-0.53,True,False
2023-12-31_Fulham_Arsenal_home,2023-12-31,Fulham vs Arsenal,home,6.2,5.94,6.408,0.2584,0.161,0.1733,60.21,7.45,CALIBRATED_EV,home,True,0.0438,4.38,-0.0325,-3.25,True,True
2023-12-31_Fulham_Arsenal_draw,2023-12-31,Fulham vs Arsenal,draw,4.5,4.29,4.564,0.2286,0.2219,0.2245,2.87,1.0,NO_EDGE,home,False,0.049,4.9,-0.014,-1.4,True,False
2023-12-31_Fulham_Arsenal_away,2023-12-31,Fulham vs Arsenal,away,1.62,1.57,1.6,0.513,0.617,0.5879,-16.89,-4.76,NO_EDGE,home,False,0.0318,3.18,0.0125,1.25,True,False
2023-12-31_Tottenham_Bournemouth_home,2023-12-31,Tottenham vs Bournemouth,home,1.82,1.77,1.808,0.4281,0.5472,0.5138,-22.09,-6.48,NO_EDGE,home,True,0.0282,2.82,0.0066,0.66,True,False
2023-12-31_Tottenham_Bournemouth_draw,2023-12-31,Tottenham vs Bournemouth,draw,4.5,4.42,4.67,0.2188,0.2199,0.2195,-1.54,-1.23,NO_EDGE,home,False,0.0181,1.81,-0.0364,-3.64,True,False
2023-12-31_Tottenham_Bournemouth_away,2023-12-31,Tottenham vs Bournemouth,away,4.25,4.08,4.298,0.3531,0.2329,0.2666,50.07,13.3,CALIBRATED_EV,home,False,0.0417,4.17,-0.0112,-1.12,True,True
2024-01-01_Liverpool_Newcastle United_home,2024-01-01,Liverpool vs Newcastle United,home,1.51,1.45,1.476,0.4222,0.6643,0.6372,-36.25,-3.78,NO_EDGE,home,True,0.0414,4.14,0.023,2.3,True,False
2024-01-01_Liverpool_Newcastle United_draw,2024-01-01,Liverpool vs Newcastle United,draw,5.2,4.96,5.363,0.2352,0.1947,0.2061,22.3,7.15,CALIBRATED_EV,home,False,0.0484,4.84,-0.0304,-3.04,True,True
2024-01-01_Liverpool_Newcastle United_away,2024-01-01,Liverpool vs Newcastle United,away,7.2,6.69,7.339,0.3425,0.141,0.1571,146.6,13.1,FAKE_EV,home,False,0.0762,7.62,-0.0189,-1.89,True,False
2024-01-02_West Ham United_Brighton_home,2024-01-02,West Ham United vs Brighton,home,2.57,2.52,2.594,0.3845,0.3884,0.3869,-1.18,-0.56,NO_EDGE,draw,False,0.0198,1.98,-0.0093,-0.93,True,False
2024-01-02_West Ham United_Brighton_draw,2024-01-02,West Ham United vs Brighton,draw,3.89,3.68,3.833,0.2173,0.2564,0.2455,-15.47,-4.52,NO_EDGE,draw,True,0.0571,5.71,0.0149,1.49,True,False
2024-01-02_West Ham United_Brighton_away,2024-01-02,West Ham United vs Brighton,away,2.81,2.74,2.828,0.3982,0.3552,0.3672,11.89,3.19,MARGINAL_EV,draw,False,0.0255,2.55,-0.0064,-0.64,True,False
2024-01-12_Burnley_Luton Town_home,2024-01-12,Burnley vs Luton Town,home,2.09,2.06,2.1,0.3367,0.4779,0.4621,-29.63,-3.41,NO_EDGE,draw,False,0.0146,1.46,-0.0048,-0.48,True,False
2024-01-12_Burnley_Luton Town_draw,2024-01-12,Burnley vs Luton Town,draw,3.75,3.58,3.704,0.2349,0.2661,0.2574,-11.91,-3.47,NO_EDGE,draw,True,0.0475,4.75,0.0124,1.24,True,False
2024-01-12_Burnley_Luton Town_away,2024-01-12,Burnley vs Luton Town,away,3.9,3.8,3.938,0.4284,0.2559,0.2752,67.08,7.34,CALIBRATED_EV,draw,False,0.0263,2.63,-0.0096,-0.96,True,True
2024-01-13_Chelsea_Fulham_home,2024-01-13,Chelsea vs Fulham,home,1.69,1.65,1.684,0.4291,0.5915,0.5733,-27.48,-3.12,NO_EDGE,home,True,0.0242,2.42,0.0036,0.36,True,False
2024-01-13_Chelsea_Fulham_draw,2024-01-13,Chelsea vs Fulham,draw,4.4,4.22,4.472,0.2177,0.227,0.2235,-4.21,-1.67,NO_EDGE,home,False,0.0427,4.27,-0.0161,-1.61,True,False
2024-01-13_Chelsea_Fulham_away,2024-01-13,Chelsea vs Fulham,away,5.5,5.13,5.48,0.3532,0.1816,0.1953,94.26,7.41,FAKE_EV,home,False,0.0721,7.21,0.0036,0.36,True,False
2024-01-13_Newcastle United_Manchester City_home,2024-01-13,Newcastle United vs Manchester City,home,5.75,5.63,6.072,0.3493,0.1691,0.1835,100.85,5.5,FAKE_EV,away,False,0.0213,2.13,-0.053,-5.3,True,False
2024-01-13_Newcastle United_Manchester City_draw,2024-01-13,Newcastle United vs Manchester City,draw,4.63,4.53,4.84,0.2109,0.2107,0.2108,-2.35,-2.41,NO_EDGE,away,False,0.0221,2.21,-0.0434,-4.34,True,False
2024-01-13_Newcastle United_Manchester City_away,2024-01-13,Newcastle United vs Manchester City,away,1.6,1.56,1.591,0.4398,0.6203,0.6,-29.63,-3.99,NO_EDGE,away,True,0.0256,2.56,0.0057,0.57,True,False
2024-01-14_Everton_Aston Villa_home,2024-01-14,Everton vs Aston Villa,home,2.9,2.81,2.903,0.2873,0.3419,0.3266,-16.68,-5.29,NO_EDGE,draw,False,0.032,3.2,-0.001,-0.1,True,False
2024-01-14_Everton_Aston Villa_draw,2024-01-14,Everton vs Aston Villa,draw,3.79,3.62,3.77,0.2264,0.261,0.2513,-14.19,-4.74,NO_EDGE,draw,True,0.047,4.7,0.0053,0.53,True,False
2024-01-14_Everton_Aston Villa_away,2024-01-14,Everton vs Aston Villa,away,2.5,2.49,2.563,0.4863,0.3971,0.422,21.58,5.51,CALIBRATED_EV,draw,False,0.004,0.4,-0.0246,-2.46,True,True
2024-01-14_Manchester United_Tottenham_home,2024-01-14,Manchester United vs Tottenham,home,2.26,2.22,2.279,0.3301,0.4387,0.4083,-25.4,-7.72,NO_EDGE,draw,False,0.018,1.8,-0.0083,-0.83,True,False
2024-01-14_Manchester United_Tottenham_draw,2024-01-14,Manchester United vs Tottenham,draw,4.1,3.97,4.154,0.2414,0.2404,0.2407,-1.03,-1.29,NO_EDGE,draw,True,0.0327,3.27,-0.013,-1.3,True,False
2024-01-14_Manchester United_Tottenham_away,2024-01-14,Manchester United vs Tottenham,away,3.08,3.01,3.121,0.4286,0.3209,0.3511,32.01,8.13,CALIBRATED_EV,draw,False,0.0233,2.33,-0.0131,-1.31,True,True
2024-01-20_Arsenal_Crystal Palace_home,2024-01-20,Arsenal vs Crystal Palace,home,1.31,1.29,1.308,0.5312,0.7629,0.7369,-30.41,-3.46,NO_EDGE,home,True,0.0155,1.55,0.0015,0.15,True,False
2024-01-20_Arsenal_Crystal Palace_draw,2024-01-20,Arsenal vs Crystal Palace,draw,6.2,5.85,6.452,0.2343,0.1606,0.1699,45.27,5.34,CALIBRATED_EV,home,False,0.0598,5.98,-0.0391,-3.91,True,True
2024-01-20_Arsenal_Crystal Palace_away,2024-01-20,Arsenal vs Crystal Palace,away,13.0,10.86,12.395,0.2345,0.0765,0.0891,204.85,15.86,FAKE_EV,home,False,0.1971,19.71,0.0488,4.88,True,False
2024-01-20_Brentford_Nottingham Forest_home,2024-01-20,Brentford vs Nottingham Forest,home,1.94,1.85,1.89,0.4056,0.5157,0.4849,-21.31,-5.93,NO_EDGE,home,True,0.0486,4.86,0.0265,2.65,True,False
2024-01-20_Brentford_Nottingham Forest_draw,2024-01-20,Brentford vs Nottingham Forest,draw,3.93,3.83,4.012,0.2374,0.2547,0.2482,-6.7,-2.47,NO_EDGE,home,False,0.0261,2.61,-0.0204,-2.04,True,False
2024-01-20_Brentford_Nottingham Forest_away,2024-01-20,Brentford vs Nottingham Forest,away,4.36,4.29,4.512,0.357,0.2296,0.2653,55.65,15.66,CALIBRATED_EV,home,False,0.0163,1.63,-0.0337,-3.37,True,True
2024-01-21_Sheffield United_West Ham United_home,2024-01-21,Sheffield United vs West Ham United,home,3.52,3.45,3.584,0.1753,0.2788,0.2498,-38.29,-12.05,NO_EDGE,draw,False,0.0203,2.03,-0.0179,-1.79,True,False
2024-01-21_Sheffield United_West Ham United_draw,2024-01-21,Sheffield United vs West Ham United,draw,3.53,3.47,3.606,0.1899,0.278,0.2534,-32.97,-10.56,NO_EDGE,draw,True,0.0173,1.73,-0.0211,-2.11,True,False
2024-01-21_Sheffield United_West Ham United_away,2024-01-21,Sheffield United vs West Ham United,away,2.23,2.2,2.254,0.6348,0.4431,0.4646,41.56,3.61,MARGINAL_EV,draw,False,0.0136,1.36,-0.0106,-1.06,True,False
2024-01-21_Bournemouth_Liverpool_home,2024-01-21,Bournemouth vs Liverpool,home,4.5,4.41,4.671,0.2441,0.219,0.2285,9.85,2.83,MARGINAL_EV,away,False,0.0204,2.04,-0.0366,-3.66,True,False
2024-01-21_Bournemouth_Liverpool_draw,2024-01-21,Bournemouth vs Liverpool,draw,4.5,4.36,4.616,0.2138,0.219,0.2171,-3.79,-2.32,NO_EDGE,away,False,0.0321,3.21,-0.0251,-2.51,True,False
2024-01-21_Bournemouth_Liverpool_away,2024-01-21,Bournemouth vs Liverpool,away,1.77,1.72,1.757,0.5421,0.5619,0.5544,-4.05,-1.87,NO_EDGE,away,True,0.0291,2.91,0.0074,0.74,True,False
2024-01-22_Brighton_Wolverhampton Wanderers_home,2024-01-22,Brighton vs Wolverhampton Wanderers,home,1.68,1.66,1.692,0.323,0.5927,0.5625,-45.74,-5.51,NO_EDGE,draw,False,0.012,1.2,-0.0071,-0.71,True,False
2024-01-22_Brighton_Wolverhampton Wanderers_draw,2024-01-22,Brighton vs Wolverhampton Wanderers,draw,4.5,4.28,4.521,0.2286,0.2195,0.2229,2.87,0.31,NO_EDGE,draw,True,0.0514,5.14,-0.0046,-0.46,True,False
2024-01-22_Brighton_Wolverhampton Wanderers_away,2024-01-22,Brighton vs Wolverhampton Wanderers,away,5.25,5.01,5.324,0.4484,0.1879,0.217,135.41,13.95,CALIBRATED_EV,draw,False,0.0479,4.79,-0.0139,-1.39,True,True
2024-01-30_Nottingham Forest_Arsenal_home,2024-01-30,Nottingham Forest vs Arsenal,home,8.6,7.77,8.558,0.1993,0.115,0.1256,71.4,8.02,CALIBRATED_EV,away,False,0.1068,10.68,0.0049,0.49,True,True
2024-01-30_Nottingham Forest_Arsenal_draw,2024-01-30,Nottingham Forest vs Arsenal,draw,5.3,5.14,5.552,0.2095,0.187,0.1955,11.03,3.63,MARGINAL_EV,away,False,0.0311,3.11,-0.0454,-4.54,True,False
2024-01-30_Nottingham Forest_Arsenal_away,2024-01-30,Nottingham Forest vs Arsenal,away,1.43,1.4,1.422,0.5912,0.698,0.6681,-15.46,-4.46,NO_EDGE,away,True,0.0214,2.14,0.0056,0.56,True,False
2024-01-30_Fulham_Everton_home,2024-01-30,Fulham vs Everton,home,2.55,2.46,2.528,0.3467,0.3913,0.3788,-11.59,-3.4,NO_EDGE,draw,False,0.0366,3.66,0.0087,0.87,True,False
2024-01-30_Fulham_Everton_draw,2024-01-30,Fulham vs Everton,draw,3.45,3.32,3.442,0.2458,0.289,0.2769,-15.2,-4.46,NO_EDGE,draw,True,0.0392,3.92,0.0023,0.23,True,False
2024-01-30_Fulham_Everton_away,2024-01-30,Fulham vs Everton,away,3.12,3.08,3.186,0.4075,0.3197,0.3443,27.14,7.41,CALIBRATED_EV,draw,False,0.013,1.3,-0.0207,-2.07,True,True
2024-01-30_Luton Town_Brighton_home,2024-01-30,Luton Town vs Brighton,home,4.53,4.43,4.662,0.3727,0.218,0.2353,68.83,6.6,CALIBRATED_EV,home,True,0.0226,2.26,-0.0283,-2.83,True,True
2024-01-30_Luton Town_Brighton_draw,2024-01-30,Luton Town vs Brighton,draw,4.2,4.06,4.26,0.2369,0.2353,0.2359,-0.5,-0.93,NO_EDGE,home,False,0.0345,3.45,-0.0141,-1.41,True,False
2024-01-30_Luton Town_Brighton_away,2024-01-30,Luton Town vs Brighton,away,1.82,1.78,1.816,0.3904,0.5467,0.5292,-28.95,-3.68,NO_EDGE,home,False,0.0225,2.25,0.0022,0.22,True,False
2024-01-30_Crystal Palace_Sheffield United_home,2024-01-30,Crystal Palace vs Sheffield United,home,1.68,1.64,1.672,0.4622,0.5953,0.5581,-22.35,-6.25,NO_EDGE,home,True,0.0244,2.44,0.0048,0.48,True,False
2024-01-30_Crystal Palace_Sheffield United_draw,2024-01-30,Crystal Palace vs Sheffield United,draw,3.99,3.93,4.146,0.2393,0.2507,0.2464,-4.52,-1.68,NO_EDGE,home,False,0.0153,1.53,-0.0376,-3.76,True,False
2024-01-30_Crystal Palace_Sheffield United_away,2024-01-30,Crystal Palace vs Sheffield United,away,6.5,5.81,6.223,0.2985,0.1539,0.1655,94.02,7.57,FAKE_EV,home,False,0.1188,11.88,0.0445,4.45,True,False
2024-01-30_Aston Villa_Newcastle United_home,2024-01-30,Aston Villa vs Newcastle United,home,1.91,1.85,1.892,0.4911,0.5235,0.5145,-6.2,-1.74,NO_EDGE,away,False,0.0324,3.24,0.0095,0.95,True,False
2024-01-30_Aston Villa_Newcastle United_draw,2024-01-30,Aston Villa vs Newcastle United,draw,4.3,4.05,4.26,0.2218,0.2326,0.2285,-4.63,-1.75,NO_EDGE,away,False,0.0617,6.17,0.0094,0.94,True,False
2024-01-30_Aston Villa_Newcastle United_away,2024-01-30,Aston Villa vs Newcastle United,away,4.1,4.02,4.227,0.2871,0.2439,0.256,17.71,4.96,MARGINAL_EV,away,True,0.0199,1.99,-0.03,-3.0,True,False
2024-01-31_Manchester City_Burnley_home,2024-01-31,Manchester City vs Burnley,home,1.12,1.11,1.12,0.5633,0.8931,0.8561,-36.91,-4.11,NO_EDGE,home,True,0.009,0.9,0.0,0.0,True,False
2024-01-31_Manchester City_Burnley_draw,2024-01-31,Manchester City vs Burnley,draw,13.0,12.41,15.366,0.2112,0.0773,0.0942,174.56,22.45,FAKE_EV,home,False,0.0475,4.75,-0.154,-15.4,True,False
2024-01-31_Manchester City_Burnley_away,2024-01-31,Manchester City vs Burnley,away,34.0,18.6,23.832,0.2255,0.0296,0.0453,666.7,53.99,FAKE_EV,home,False,0.828,82.8,0.4267,42.67,True,False
2024-01-31_Tottenham_Brentford_home,2024-01-31,Tottenham vs Brentford,home,1.74,1.69,1.724,0.4674,0.5788,0.5476,-18.67,-4.71,NO_EDGE,home,True,0.0296,2.96,0.0093,0.93,True,False
2024-01-31_Tottenham_Brentford_draw,2024-01-31,Tottenham vs Brentford,draw,4.5,4.32,4.564,0.2219,0.2266,0.2248,-0.15,1.16,NO_EDGE,home,False,0.0417,4.17,-0.014,-1.4,True,False
2024-01-31_Tottenham_Brentford_away,2024-01-31,Tottenham vs Brentford,away,5.25,4.7,4.982,0.3107,0.1946,0.2271,63.12,19.23,CALIBRATED_EV,home,False,0.117,11.7,0.0538,5.38,True,True
2024-01-31_Liverpool_Chelsea_home,2024-01-31,Liverpool vs Chelsea,home,1.62,1.58,1.61,0.4881,0.6159,0.5801,-20.93,-6.03,NO_EDGE,home,True,0.0253,2.53,0.0062,0.62,True,False
2024-01-31_Liverpool_Chelsea_draw,2024-01-31,Liverpool vs Chelsea,draw,4.87,4.64,4.942,0.2217,0.2038,0.2106,7.97,2.54,MARGINAL_EV,home,False,0.0496,4.96,-0.0146,-1.46,True,False
2024-01-31_Liverpool_Chelsea_away,2024-01-31,Liverpool vs Chelsea,away,5.5,5.29,5.665,0.2902,0.1803,0.1942,59.61,6.8,CALIBRATED_EV,home,False,0.0397,3.97,-0.0291,-2.91,True,True
2024-02-01_West Ham United_Bournemouth_home,2024-02-01,West Ham United vs Bournemouth,home,2.5,2.45,2.523,0.4546,0.3964,0.4127,13.65,3.17,MARGINAL_EV,draw,False,0.0204,2.04,-0.0091,-0.91,True,False
2024-02-01_West Ham United_Bournemouth_draw,2024-02-01,West Ham United vs Bournemouth,draw,3.85,3.71,3.872,0.2215,0.2563,0.2466,-14.72,-5.07,NO_EDGE,draw,True,0.0377,3.77,-0.0057,-0.57,True,False
2024-02-01_West Ham United_Bournemouth_away,2024-02-01,West Ham United vs Bournemouth,away,2.85,2.8,2.896,0.3239,0.3473,0.3384,-7.69,-3.54,NO_EDGE,draw,False,0.0179,1.79,-0.0159,-1.59,True,False
2024-02-01_Wolverhampton Wanderers_Manchester United_home,2024-02-01,Wolverhampton Wanderers vs Manchester United,home,2.75,2.7,2.786,0.431,0.3613,0.3808,18.52,4.72,MARGINAL_EV,away,False,0.0185,1.85,-0.0129,-1.29,True,False
2024-02-01_Wolverhampton Wanderers_Manchester United_draw,2024-02-01,Wolverhampton Wanderers vs Manchester United,draw,3.72,3.51,3.652,0.2544,0.2666,0.262,-5.36,-2.55,NO_EDGE,away,False,0.0598,5.98,0.0186,1.86,True,False
2024-02-01_Wolverhampton Wanderers_Manchester United_away,2024-02-01,Wolverhampton Wanderers vs Manchester United,away,2.67,2.64,2.722,0.3146,0.3722,0.356,-16.0,-4.93,NO_EDGE,away,True,0.0114,1.14,-0.0191,-1.91,True,False
2024-02-03_Everton_Tottenham_home,2024-02-03,Everton vs Tottenham,home,3.05,2.97,3.074,0.3571,0.3261,0.3348,8.92,2.12,MARGINAL_EV,draw,False,0.0269,2.69,-0.0078,-0.78,True,False
2024-02-03_Everton_Tottenham_draw,2024-02-03,Everton vs Tottenham,draw,3.89,3.71,3.867,0.237,0.2554,0.2485,-7.81,-3.35,NO_EDGE,draw,True,0.0485,4.85,0.0059,0.59,True,False
2024-02-03_Everton_Tottenham_away,2024-02-03,Everton vs Tottenham,away,2.38,2.34,2.404,0.4059,0.4184,0.4137,-3.4,-1.54,NO_EDGE,draw,False,0.0171,1.71,-0.01,-1.0,True,False
2024-02-03_Brighton_Crystal Palace_home,2024-02-03,Brighton vs Crystal Palace,home,1.75,1.71,1.747,0.4373,0.5692,0.5323,-23.47,-6.85,NO_EDGE,home,True,0.0234,2.34,0.0017,0.17,True,False
2024-02-03_Brighton_Crystal Palace_draw,2024-02-03,Brighton vs Crystal Palace,draw,4.25,4.04,4.272,0.2359,0.233,0.2341,0.26,-0.52,NO_EDGE,home,False,0.052,5.2,-0.0051,-0.51,True,False
2024-02-03_Brighton_Crystal Palace_away,2024-02-03,Brighton vs Crystal Palace,away,5.0,4.85,5.166,0.3268,0.1978,0.2339,63.4,16.96,CALIBRATED_EV,home,False,0.0309,3.09,-0.0321,-3.21,True,True
2024-02-03_Burnley_Fulham_home,2024-02-03,Burnley vs Fulham,home,3.0,2.98,3.081,0.2909,0.3296,0.3188,-12.73,-4.37,NO_EDGE,draw,False,0.0067,0.67,-0.0263,-2.63,True,False
2024-02-03_Burnley_Fulham_draw,2024-02-03,Burnley vs Fulham,draw,3.6,3.5,3.637,0.2262,0.2742,0.2607,-18.57,-6.14,NO_EDGE,draw,True,0.0286,2.86,-0.0102,-1.02,True,False
2024-02-03_Burnley_Fulham_away,2024-02-03,Burnley vs Fulham,away,2.5,2.43,2.497,0.483,0.3963,0.4205,20.75,5.14,CALIBRATED_EV,draw,False,0.0288,2.88,0.0012,0.12,True,True
2024-02-03_Newcastle United_Luton Town_home,2024-02-03,Newcastle United vs Luton Town,home,1.47,1.42,1.445,0.4118,0.6784,0.6486,-39.47,-4.66,NO_EDGE,draw,False,0.0352,3.52,0.0173,1.73,True,False
2024-02-03_Newcastle United_Luton Town_draw,2024-02-03,Newcastle United vs Luton Town,draw,5.2,5.07,5.489,0.2213,0.1901,0.1988,15.08,3.4,MARGINAL_EV,draw,True,0.0256,2.56,-0.0527,-5.27,True,False
2024-02-03_Newcastle United_Luton Town_away,2024-02-03,Newcastle United vs Luton Town,away,7.5,7.23,7.964,0.3668,0.1315,0.1503,175.1,12.72,FAKE_EV,draw,False,0.0373,3.73,-0.0583,-5.83,True,False
2024-02-03_Sheffield United_Aston Villa_home,2024-02-03,Sheffield United vs Aston Villa,home,5.4,5.02,5.327,0.1963,0.1842,0.1888,6.0,1.92,MARGINAL_EV,away,False,0.0757,7.57,0.0137,1.37,True,False
2024-02-03_Sheffield United_Aston Villa_draw,2024-02-03,Sheffield United vs Aston Villa,draw,4.42,4.36,4.603,0.2078,0.2251,0.2186,-8.15,-3.38,NO_EDGE,away,False,0.0138,1.38,-0.0398,-3.98,True,False
2024-02-03_Sheffield United_Aston Villa_away,2024-02-03,Sheffield United vs Aston Villa,away,1.69,1.65,1.681,0.5959,0.5907,0.5927,0.71,0.16,NO_EDGE,away,True,0.0242,2.42,0.0054,0.54,True,False
2024-02-04_Bournemouth_Nottingham Forest_home,2024-02-04,Bournemouth vs Nottingham Forest,home,1.75,1.71,1.745,0.432,0.5701,0.5314,-24.4,-7.0,NO_EDGE,draw,False,0.0234,2.34,0.0029,0.29,True,False
2024-02-04_Bournemouth_Nottingham Forest_draw,2024-02-04,Bournemouth vs Nottingham Forest,draw,4.3,4.2,4.435,0.2221,0.2312,0.2278,-4.5,-2.07,NO_EDGE,draw,True,0.0238,2.38,-0.0304,-3.04,True,False
2024-02-04_Bournemouth_Nottingham Forest_away,2024-02-04,Bournemouth vs Nottingham Forest,away,5.0,4.68,4.962,0.3459,0.1987,0.2152,72.95,7.59,CALIBRATED_EV,draw,False,0.0684,6.84,0.0077,0.77,True,True
2024-02-04_Chelsea_Wolverhampton Wanderers_home,2024-02-04,Chelsea vs Wolverhampton Wanderers,home,1.66,1.63,1.661,0.3685,0.5998,0.5738,-38.83,-4.74,NO_EDGE,away,False,0.0184,1.84,-0.0006,-0.06,True,False
2024-02-04_Chelsea_Wolverhampton Wanderers_draw,2024-02-04,Chelsea vs Wolverhampton Wanderers,draw,4.4,4.29,4.541,0.2213,0.2243,0.2232,-2.63,-1.79,NO_EDGE,away,False,0.0256,2.56,-0.0311,-3.11,True,False
2024-02-04_Chelsea_Wolverhampton Wanderers_away,2024-02-04,Chelsea vs Wolverhampton Wanderers,away,5.6,5.27,5.623,0.4101,0.1759,0.1946,129.66,9.0,FAKE_EV,away,True,0.0626,6.26,-0.0041,-0.41,True,False
2024-02-04_Manchester United_West Ham United_home,2024-02-04,Manchester United vs West Ham United,home,1.72,1.65,1.682,0.3784,0.5817,0.5589,-34.92,-3.87,NO_EDGE,home,True,0.0424,4.24,0.0226,2.26,True,False
2024-02-04_Manchester United_West Ham United_draw,2024-02-04,Manchester United vs West Ham United,draw,4.4,4.31,4.559,0.2431,0.2276,0.2334,6.96,2.71,MARGINAL_EV,home,False,0.0209,2.09,-0.0349,-3.49,True,False
2024-02-04_Manchester United_West Ham United_away,2024-02-04,Manchester United vs West Ham United,away,5.25,5.05,5.374,0.3784,0.1908,0.2118,98.66,11.18,CALIBRATED_EV,home,False,0.0396,3.96,-0.0231,-2.31,True,True
2024-02-04_Arsenal_Liverpool_home,2024-02-04,Arsenal vs Liverpool,home,2.32,2.24,2.296,0.315,0.4301,0.3979,-26.92,-7.7,NO_EDGE,home,True,0.0357,3.57,0.0105,1.05,True,False
2024-02-04_Arsenal_Liverpool_draw,2024-02-04,Arsenal vs Liverpool,draw,3.8,3.72,3.874,0.2366,0.2622,0.2525,-10.09,-4.03,NO_EDGE,home,False,0.0215,2.15,-0.0191,-1.91,True,False
2024-02-04_Arsenal_Liverpool_away,2024-02-04,Arsenal vs Liverpool,away,3.24,3.15,3.264,0.4484,0.3077,0.3235,45.28,4.8,MARGINAL_EV,home,False,0.0286,2.86,-0.0074,-0.74,True,False
2024-02-05_Brentford_Manchester City_home,2024-02-05,Brentford vs Manchester City,home,7.8,7.44,8.222,0.2613,0.1265,0.1435,103.81,11.91,FAKE_EV,away,False,0.0484,4.84,-0.0513,-5.13,True,False
2024-02-05_Brentford_Manchester City_draw,2024-02-05,Brentford vs Manchester City,draw,5.2,5.09,5.519,0.2075,0.1903,0.1968,7.9,2.32,MARGINAL_EV,away,False,0.0216,2.16,-0.0578,-5.78,True,False
2024-02-05_Brentford_Manchester City_away,2024-02-05,Brentford vs Manchester City,away,1.46,1.41,1.434,0.5312,0.6833,0.6662,-22.44,-2.73,NO_EDGE,away,True,0.0355,3.55,0.0181,1.81,True,False
2024-02-10_Manchester City_Everton_home,2024-02-10,Manchester City vs Everton,home,1.24,1.19,1.207,0.5306,0.8095,0.7782,-34.21,-3.5,NO_EDGE,home,True,0.042,4.2,0.0273,2.73,True,False
2024-02-10_Manchester City_Everton_draw,2024-02-10,Manchester City vs Everton,draw,8.3,7.68,9.067,0.2203,0.125,0.137,82.85,13.69,CALIBRATED_EV,home,False,0.0807,8.07,-0.0846,-8.46,True,True
2024-02-10_Manchester City_Everton_away,2024-02-10,Manchester City vs Everton,away,16.0,13.24,16.34,0.2491,0.0656,0.0803,298.56,28.4,FAKE_EV,home,False,0.2085,20.85,-0.0208,-2.08,True,False
2024-02-10_Fulham_Bournemouth_home,2024-02-10,Fulham vs Bournemouth,home,2.47,2.46,2.529,0.3731,0.4048,0.3959,-7.84,-2.2,NO_EDGE,home,True,0.0041,0.41,-0.0233,-2.33,True,False
2024-02-10_Fulham_Bournemouth_draw,2024-02-10,Fulham vs Bournemouth,draw,3.74,3.6,3.744,0.2196,0.2673,0.254,-17.87,-5.02,NO_EDGE,home,False,0.0389,3.89,-0.0011,-0.11,True,False
2024-02-10_Fulham_Bournemouth_away,2024-02-10,Fulham vs Bournemouth,away,3.05,2.87,2.964,0.4073,0.3278,0.3501,24.23,6.77,CALIBRATED_EV,home,False,0.0627,6.27,0.029,2.9,True,True
2024-02-10_Liverpool_Burnley_home,2024-02-10,Liverpool vs Burnley,home,1.18,1.16,1.175,0.6505,0.8457,0.8238,-23.24,-2.79,NO_EDGE,home,True,0.0172,1.72,0.0043,0.43,True,False
2024-02-10_Liverpool_Burnley_draw,2024-02-10,Liverpool vs Burnley,draw,9.5,8.71,10.443,0.1902,0.1023,0.1134,80.69,7.68,FAKE_EV,home,False,0.0907,9.07,-0.0903,-9.03,True,False
2024-02-10_Liverpool_Burnley_away,2024-02-10,Liverpool vs Burnley,away,18.5,15.08,18.932,0.1593,0.0521,0.0656,194.7,21.32,FAKE_EV,home,False,0.2268,22.68,-0.0228,-2.28,True,False
2024-02-10_Luton Town_Sheffield United_home,2024-02-10,Luton Town vs Sheffield United,home,1.83,1.79,1.828,0.5759,0.5446,0.5533,5.39,1.26,MARGINAL_EV,away,False,0.0223,2.23,0.0011,0.11,True,False
2024-02-10_Luton Town_Sheffield United_draw,2024-02-10,Luton Town vs Sheffield United,draw,4.02,3.85,4.043,0.1918,0.2468,0.2314,-22.9,-6.98,NO_EDGE,away,False,0.0442,4.42,-0.0057,-0.57,True,False
2024-02-10_Luton Town_Sheffield United_away,2024-02-10,Luton Town vs Sheffield United,away,4.75,4.6,4.862,0.2323,0.2087,0.2176,10.34,3.36,MARGINAL_EV,away,True,0.0326,3.26,-0.023,-2.3,True,False
2024-02-10_Tottenham_Brighton_home,2024-02-10,Tottenham vs Brighton,home,1.85,1.81,1.851,0.4324,0.5365,0.5074,-20.01,-6.13,NO_EDGE,home,True,0.0221,2.21,-0.0005,-0.05,True,False
2024-02-10_Tottenham_Brighton_draw,2024-02-10,Tottenham vs Brighton,draw,4.5,4.35,4.598,0.2157,0.2182,0.2173,-2.93,-2.23,NO_EDGE,home,False,0.0345,3.45,-0.0213,-2.13,True,False
2024-02-10_Tottenham_Brighton_away,2024-02-10,Tottenham vs Brighton,away,4.01,3.92,4.127,0.352,0.2452,0.2751,41.15,10.33,CALIBRATED_EV,home,False,0.023,2.3,-0.0283,-2.83,True,True
2024-02-10_Wolverhampton Wanderers_Brentford_home,2024-02-10,Wolverhampton Wanderers vs Brentford,home,2.17,2.14,2.193,0.4873,0.4637,0.4726,5.74,2.56,MARGINAL_EV,away,False,0.014,1.4,-0.0105,-1.05,True,False
2024-02-10_Wolverhampton Wanderers_Brentford_draw,2024-02-10,Wolverhampton Wanderers vs Brentford,draw,3.84,3.65,3.804,0.211,0.2632,0.2486,-18.98,-4.54,NO_EDGE,away,False,0.0521,5.21,0.0095,0.95,True,False
2024-02-10_Wolverhampton Wanderers_Brentford_away,2024-02-10,Wolverhampton Wanderers vs Brentford,away,3.7,3.42,3.557,0.3017,0.2731,0.2839,11.63,5.05,CALIBRATED_EV,away,True,0.0819,8.19,0.0402,4.02,True,True
2024-02-10_Nottingham Forest_Newcastle United_home,2024-02-10,Nottingham Forest vs Newcastle United,home,3.41,3.29,3.418,0.3141,0.2898,0.299,7.11,1.95,MARGINAL_EV,away,False,0.0365,3.65,-0.0023,-0.23,True,False
2024-02-10_Nottingham Forest_Newcastle United_draw,2024-02-10,Nottingham Forest vs Newcastle United,draw,3.84,3.81,3.977,0.2084,0.257,0.2434,-19.97,-6.53,NO_EDGE,away,False,0.0079,0.79,-0.0344,-3.44,True,False
2024-02-10_Nottingham Forest_Newcastle United_away,2024-02-10,Nottingham Forest vs Newcastle United,away,2.19,2.14,2.193,0.4775,0.4532,0.4624,4.57,1.26,NO_EDGE,away,True,0.0234,2.34,-0.0014,-0.14,True,False
2024-02-11_West Ham United_Arsenal_home,2024-02-11,West Ham United vs Arsenal,home,6.4,5.95,6.395,0.2465,0.1554,0.1669,57.76,6.82,CALIBRATED_EV,away,False,0.0756,7.56,0.0008,0.08,True,True
2024-02-11_West Ham United_Arsenal_draw,2024-02-11,West Ham United vs Arsenal,draw,4.6,4.4,4.672,0.2172,0.2165,0.2167,-0.09,-0.3,NO_EDGE,away,False,0.0455,4.55,-0.0154,-1.54,True,False
2024-02-11_West Ham United_Arsenal_away,2024-02-11,West Ham United vs Arsenal,away,1.59,1.56,1.588,0.5364,0.6281,0.6024,-14.71,-4.21,NO_EDGE,away,True,0.0192,1.92,0.0013,0.13,True,False
2024-02-11_Aston Villa_Manchester United_home,2024-02-11,Aston Villa vs Manchester United,home,2.22,2.16,2.213,0.469,0.4479,0.4559,4.12,1.21,NO_EDGE,away,False,0.0278,2.78,0.0032,0.32,True,False
2024-02-11_Aston Villa_Manchester United_draw,2024-02-11,Aston Villa vs Manchester United,draw,4.01,3.91,4.082,0.2293,0.2469,0.2403,-8.05,-3.65,NO_EDGE,away,False,0.0256,2.56,-0.0176,-1.76,True,False
2024-02-11_Aston Villa_Manchester United_away,2024-02-11,Aston Villa vs Manchester United,away,3.25,3.18,3.298,0.3017,0.3051,0.3038,-1.95,-1.25,NO_EDGE,away,True,0.022,2.2,-0.0146,-1.46,True,False
2024-02-12_Crystal Palace_Chelsea_home,2024-02-12,Crystal Palace vs Chelsea,home,4.5,4.25,4.469,0.3312,0.2196,0.2509,49.04,12.89,CALIBRATED_EV,away,False,0.0588,5.88,0.0069,0.69,True,True
2024-02-12_Crystal Palace_Chelsea_draw,2024-02-12,Crystal Palace vs Chelsea,draw,3.94,3.86,4.046,0.2008,0.2511,0.237,-20.88,-6.62,NO_EDGE,away,False,0.0207,2.07,-0.0262,-2.62,True,False
2024-02-12_Crystal Palace_Chelsea_away,2024-02-12,Crystal Palace vs Chelsea,away,1.88,1.85,1.89,0.468,0.5293,0.5121,-12.02,-3.72,NO_EDGE,away,True,0.0162,1.62,-0.0053,-0.53,True,False
2024-02-17_Fulham_Aston Villa_home,2024-02-17,Fulham vs Aston Villa,home,3.08,2.97,3.074,0.3325,0.3224,0.3262,2.41,0.48,NO_EDGE,away,False,0.037,3.7,0.002,0.2,True,False
2024-02-17_Fulham_Aston Villa_draw,2024-02-17,Fulham vs Aston Villa,draw,3.9,3.76,3.921,0.223,0.2543,0.2455,-13.03,-4.25,NO_EDGE,away,False,0.0372,3.72,-0.0054,-0.54,True,False
2024-02-17_Fulham_Aston Villa_away,2024-02-17,Fulham vs Aston Villa,away,2.35,2.32,2.383,0.4445,0.4233,0.4313,4.46,1.36,NO_EDGE,away,True,0.0129,1.29,-0.0138,-1.38,True,False
2024-02-17_Brentford_Liverpool_home,2024-02-17,Brentford vs Liverpool,home,5.5,5.27,5.631,0.2084,0.1811,0.1858,14.62,2.17,MARGINAL_EV,away,False,0.0436,4.36,-0.0233,-2.33,True,False
2024-02-17_Brentford_Liverpool_draw,2024-02-17,Brentford vs Liverpool,draw,4.75,4.59,4.878,0.196,0.2098,0.2046,-6.9,-2.82,NO_EDGE,away,False,0.0349,3.49,-0.0262,-2.62,True,False
2024-02-17_Brentford_Liverpool_away,2024-02-17,Brentford vs Liverpool,away,1.64,1.59,1.62,0.5955,0.6091,0.6039,-2.34,-0.95,NO_EDGE,away,True,0.0314,3.14,0.0123,1.23,True,False
2024-02-17_Nottingham Forest_West Ham United_home,2024-02-17,Nottingham Forest vs West Ham United,home,2.5,2.47,2.54,0.3421,0.398,0.3824,-14.47,-4.41,NO_EDGE,home,True,0.0121,1.21,-0.0157,-1.57,True,False
2024-02-17_Nottingham Forest_West Ham United_draw,2024-02-17,Nottingham Forest vs West Ham United,draw,3.64,3.5,3.638,0.2192,0.2728,0.2578,-20.21,-6.16,NO_EDGE,home,False,0.04,4.0,0.0005,0.05,True,False
2024-02-17_Nottingham Forest_West Ham United_away,2024-02-17,Nottingham Forest vs West Ham United,away,3.02,2.92,3.018,0.4388,0.3292,0.3599,32.52,8.68,CALIBRATED_EV,home,False,0.0342,3.42,0.0007,0.07,True,True
2024-02-17_Burnley_Arsenal_home,2024-02-17,Burnley vs Arsenal,home,11.0,9.78,11.119,0.1742,0.0906,0.1011,91.62,11.23,FAKE_EV,away,False,0.1247,12.47,-0.0107,-1.07,True,False
2024-02-17_Burnley_Arsenal_draw,2024-02-17,Burnley vs Arsenal,draw,6.1,5.73,6.321,0.1932,0.1635,0.1685,17.85,2.81,MARGINAL_EV,away,False,0.0646,6.46,-0.035,-3.5,True,False
2024-02-17_Burnley_Arsenal_away,2024-02-17,Burnley vs Arsenal,away,1.34,1.31,1.33,0.6326,0.7459,0.7142,-15.23,-4.3,NO_EDGE,away,True,0.0229,2.29,0.0075,0.75,True,False
2024-02-17_Tottenham_Wolverhampton Wanderers_home,2024-02-17,Tottenham vs Wolverhampton Wanderers,home,1.58,1.55,1.578,0.403,0.628,0.6028,-36.33,-4.76,NO_EDGE,away,False,0.0194,1.94,0.0013,0.13,True,False
2024-02-17_Tottenham_Wolverhampton Wanderers_draw,2024-02-17,Tottenham vs Wolverhampton Wanderers,draw,4.9,4.87,5.199,0.2076,0.1986,0.202,1.72,-1.02,NO_EDGE,away,False,0.0062,0.62,-0.0575,-5.75,True,False
2024-02-17_Tottenham_Wolverhampton Wanderers_away,2024-02-17,Tottenham vs Wolverhampton Wanderers,away,5.6,5.36,5.745,0.3894,0.1734,0.1907,118.06,6.78,FAKE_EV,away,True,0.0448,4.48,-0.0252,-2.52,True,False
2024-02-17_Manchester City_Chelsea_home,2024-02-17,Manchester City vs Chelsea,home,1.37,1.34,1.362,0.5687,0.7278,0.71,-22.09,-2.73,NO_EDGE,draw,False,0.0224,2.24,0.0059,0.59,True,False
2024-02-17_Manchester City_Chelsea_draw,2024-02-17,Manchester City vs Chelsea,draw,6.0,5.71,6.281,0.1847,0.1639,0.1675,10.82,0.48,MARGINAL_EV,draw,True,0.0508,5.08,-0.0447,-4.47,True,False
2024-02-17_Manchester City_Chelsea_away,2024-02-17,Manchester City vs Chelsea,away,9.05,8.37,9.401,0.2466,0.1083,0.1257,123.17,13.76,FAKE_EV,draw,False,0.0812,8.12,-0.0373,-3.73,True,False
2024-02-17_Newcastle United_Bournemouth_home,2024-02-17,Newcastle United vs Bournemouth,home,1.9,1.87,1.912,0.3724,0.5231,0.5062,-29.24,-3.83,NO_EDGE,draw,False,0.016,1.6,-0.0063,-0.63,True,False
2024-02-17_Newcastle United_Bournemouth_draw,2024-02-17,Newcastle United vs Bournemouth,draw,4.27,4.15,4.367,0.2124,0.2309,0.2239,-9.31,-4.39,NO_EDGE,draw,True,0.0289,2.89,-0.0222,-2.22,True,False
2024-02-17_Newcastle United_Bournemouth_away,2024-02-17,Newcastle United vs Bournemouth,away,4.01,3.84,4.03,0.4152,0.246,0.265,66.5,6.26,CALIBRATED_EV,draw,False,0.0443,4.43,-0.005,-0.5,True,True
2024-02-18_Sheffield United_Brighton_home,2024-02-18,Sheffield United vs Brighton,home,5.15,4.99,5.321,0.2398,0.1903,0.2042,23.5,5.15,CALIBRATED_EV,away,False,0.0321,3.21,-0.0321,-3.21,True,True
2024-02-18_Sheffield United_Brighton_draw,2024-02-18,Sheffield United vs Brighton,draw,4.5,4.4,4.668,0.2165,0.2182,0.2175,-2.58,-2.11,NO_EDGE,away,False,0.0227,2.27,-0.036,-3.6,True,False
2024-02-18_Sheffield United_Brighton_away,2024-02-18,Sheffield United vs Brighton,away,1.68,1.64,1.673,0.5436,0.5915,0.5781,-8.68,-2.88,NO_EDGE,away,True,0.0244,2.44,0.0042,0.42,True,False
2024-02-18_Luton Town_Manchester United_home,2024-02-18,Luton Town vs Manchester United,home,4.34,4.17,4.382,0.3522,0.2303,0.2644,52.85,14.75,CALIBRATED_EV,away,False,0.0408,4.08,-0.0096,-0.96,True,True
2024-02-18_Luton Town_Manchester United_draw,2024-02-18,Luton Town vs Manchester United,draw,4.25,4.13,4.338,0.2221,0.2351,0.2302,-5.61,-2.16,NO_EDGE,away,False,0.0291,2.91,-0.0203,-2.03,True,False
2024-02-18_Luton Town_Manchester United_away,2024-02-18,Luton Town vs Manchester United,away,1.87,1.81,1.848,0.4257,0.5346,0.5041,-20.39,-5.73,NO_EDGE,away,True,0.0331,3.31,0.0119,1.19,True,False
2024-02-19_Everton_Crystal Palace_home,2024-02-19,Everton vs Crystal Palace,home,1.77,1.72,1.755,0.4679,0.5622,0.5358,-17.18,-5.17,NO_EDGE,draw,False,0.0291,2.91,0.0085,0.85,True,False
2024-02-19_Everton_Crystal Palace_draw,2024-02-19,Everton vs Crystal Palace,draw,3.82,3.79,3.98,0.237,0.2587,0.2505,-9.47,-4.31,NO_EDGE,draw,True,0.0079,0.79,-0.0402,-4.02,True,False
2024-02-19_Everton_Crystal Palace_away,2024-02-19,Everton vs Crystal Palace,away,5.5,5.26,5.591,0.2951,0.1791,0.1937,62.3,6.55,CALIBRATED_EV,draw,False,0.0456,4.56,-0.0163,-1.63,True,True
2024-02-20_Manchester City_Brentford_home,2024-02-20,Manchester City vs Brentford,home,1.19,1.17,1.183,0.6005,0.8381,0.8115,-28.54,-3.43,NO_EDGE,home,True,0.0171,1.71,0.0059,0.59,True,False
2024-02-20_Manchester City_Brentford_draw,2024-02-20,Manchester City vs Brentford,draw,8.9,8.67,10.063,0.1908,0.1087,0.119,69.81,5.95,CALIBRATED_EV,home,False,0.0265,2.65,-0.1156,-11.56,True,True
2024-02-20_Manchester City_Brentford_away,2024-02-20,Manchester City vs Brentford,away,18.0,15.04,18.136,0.2086,0.0532,0.0656,275.48,18.1,FAKE_EV,home,False,0.1968,19.68,-0.0075,-0.75,True,False
2024-02-21_Liverpool_Luton Town_home,2024-02-21,Liverpool vs Luton Town,home,1.23,1.19,1.206,0.5721,0.813,0.786,-29.63,-3.32,NO_EDGE,home,True,0.0336,3.36,0.0199,1.99,True,False
2024-02-21_Liverpool_Luton Town_draw,2024-02-21,Liverpool vs Luton Town,draw,8.3,7.94,9.314,0.1983,0.1204,0.1302,64.59,8.09,CALIBRATED_EV,home,False,0.0453,4.53,-0.1089,-10.89,True,True
2024-02-21_Liverpool_Luton Town_away,2024-02-21,Liverpool vs Luton Town,away,15.0,12.93,15.751,0.2296,0.0666,0.0797,244.4,19.49,FAKE_EV,home,False,0.1601,16.01,-0.0477,-4.77,True,False
2024-02-24_Crystal Palace_Burnley_home,2024-02-24,Crystal Palace vs Burnley,home,2.06,2.03,2.077,0.4043,0.4831,0.461,-16.71,-5.03,NO_EDGE,home,True,0.0148,1.48,-0.0082,-0.82,True,False
2024-02-24_Crystal Palace_Burnley_draw,2024-02-24,Crystal Palace vs Burnley,draw,3.6,3.45,3.592,0.2239,0.2754,0.261,-19.4,-6.05,NO_EDGE,home,False,0.0435,4.35,0.0022,0.22,True,False
2024-02-24_Crystal Palace_Burnley_away,2024-02-24,Crystal Palace vs Burnley,away,4.1,3.98,4.163,0.3718,0.2416,0.278,52.44,13.99,CALIBRATED_EV,home,False,0.0302,3.02,-0.0151,-1.51,True,True
2024-02-24_Aston Villa_Nottingham Forest_home,2024-02-24,Aston Villa vs Nottingham Forest,home,1.6,1.57,1.6,0.501,0.6245,0.5899,-19.84,-5.62,NO_EDGE,home,True,0.0191,1.91,0.0,0.0,True,False
2024-02-24_Aston Villa_Nottingham Forest_draw,2024-02-24,Aston Villa vs Nottingham Forest,draw,4.7,4.52,4.818,0.217,0.2122,0.214,1.99,0.58,NO_EDGE,home,False,0.0398,3.98,-0.0245,-2.45,True,False
2024-02-24_Aston Villa_Nottingham Forest_away,2024-02-24,Aston Villa vs Nottingham Forest,away,6.1,5.55,5.968,0.282,0.1634,0.1783,72.02,8.78,CALIBRATED_EV,home,False,0.0991,9.91,0.0221,2.21,True,True
2024-02-24_Brighton_Everton_home,2024-02-24,Brighton vs Everton,home,1.88,1.82,1.859,0.4283,0.5312,0.5024,-19.48,-5.55,NO_EDGE,draw,False,0.033,3.3,0.0113,1.13,True,False
2024-02-24_Brighton_Everton_draw,2024-02-24,Brighton vs Everton,draw,4.16,4.04,4.244,0.2462,0.2397,0.2421,2.42,0.73,NO_EDGE,draw,True,0.0297,2.97,-0.0198,-1.98,True,False
2024-02-24_Brighton_Everton_away,2024-02-24,Brighton vs Everton,away,4.35,4.2,4.418,0.3255,0.2292,0.2561,41.59,11.42,CALIBRATED_EV,draw,False,0.0357,3.57,-0.0154,-1.54,True,True
2024-02-24_Bournemouth_Manchester City_home,2024-02-24,Bournemouth vs Manchester City,home,7.5,7.2,7.889,0.2808,0.1333,0.1451,110.6,8.83,FAKE_EV,away,False,0.0417,4.17,-0.0493,-4.93,True,False
2024-02-24_Bournemouth_Manchester City_draw,2024-02-24,Bournemouth vs Manchester City,draw,5.5,5.14,5.545,0.2034,0.1818,0.1855,11.87,2.01,MARGINAL_EV,away,False,0.07,7.0,-0.0081,-0.81,True,False
2024-02-24_Bournemouth_Manchester City_away,2024-02-24,Bournemouth vs Manchester City,away,1.46,1.42,1.443,0.5157,0.6849,0.666,-24.71,-2.77,NO_EDGE,away,True,0.0282,2.82,0.0118,1.18,True,False
2024-02-24_Arsenal_Newcastle United_home,2024-02-24,Arsenal vs Newcastle United,home,1.42,1.4,1.423,0.5783,0.7012,0.6668,-17.88,-5.32,NO_EDGE,home,True,0.0143,1.43,-0.0021,-0.21,True,False
2024-02-24_Arsenal_Newcastle United_draw,2024-02-24,Arsenal vs Newcastle United,draw,5.53,5.32,5.768,0.1937,0.177,0.1799,7.12,-0.53,FAKE_EV,home,False,0.0395,3.95,-0.0413,-4.13,True,False
2024-02-24_Arsenal_Newcastle United_away,2024-02-24,Arsenal vs Newcastle United,away,8.0,7.33,8.072,0.228,0.1218,0.1352,82.4,8.15,FAKE_EV,home,False,0.0914,9.14,-0.0089,-0.89,True,False
2024-02-24_Manchester United_Fulham_home,2024-02-24,Manchester United vs Fulham,home,1.63,1.61,1.64,0.4324,0.6105,0.5905,-29.52,-3.74,NO_EDGE,away,False,0.0124,1.24,-0.0061,-0.61,True,False
2024-02-24_Manchester United_Fulham_draw,2024-02-24,Manchester United vs Fulham,draw,4.6,4.48,4.751,0.2312,0.214,0.2205,6.35,1.44,MARGINAL_EV,away,False,0.0268,2.68,-0.0318,-3.18,True,False
2024-02-24_Manchester United_Fulham_away,2024-02-24,Manchester United vs Fulham,away,5.6,5.21,5.558,0.3365,0.1755,0.1884,88.44,5.48,FAKE_EV,away,True,0.0749,7.49,0.0076,0.76,True,False
2024-02-25_Wolverhampton Wanderers_Sheffield United_home,2024-02-25,Wolverhampton Wanderers vs Sheffield United,home,1.5,1.43,1.466,0.5824,0.6654,0.6421,-12.64,-3.68,NO_EDGE,home,True,0.049,4.9,0.0232,2.32,True,False
2024-02-25_Wolverhampton Wanderers_Sheffield United_draw,2024-02-25,Wolverhampton Wanderers vs Sheffield United,draw,4.9,4.66,5.183,0.1985,0.2026,0.201,-2.73,-1.5,NO_EDGE,home,False,0.0515,5.15,-0.0546,-5.46,True,False
2024-02-25_Wolverhampton Wanderers_Sheffield United_away,2024-02-25,Wolverhampton Wanderers vs Sheffield United,away,7.5,7.0,8.008,0.2191,0.1321,0.143,64.32,7.28,CALIBRATED_EV,home,False,0.0714,7.14,-0.0634,-6.34,True,True
2024-02-26_West Ham United_Brentford_home,2024-02-26,West Ham United vs Brentford,home,2.61,2.57,2.648,0.4377,0.3831,0.3984,14.24,3.99,MARGINAL_EV,home,True,0.0156,1.56,-0.0144,-1.44,True,False
2024-02-26_West Ham United_Brentford_draw,2024-02-26,West Ham United vs Brentford,draw,3.76,3.68,3.835,0.2202,0.266,0.2531,-17.2,-4.82,NO_EDGE,home,False,0.0217,2.17,-0.0196,-1.96,True,False
2024-02-26_West Ham United_Brentford_away,2024-02-26,West Ham United vs Brentford,away,2.85,2.68,2.765,0.3421,0.3509,0.3476,-2.5,-0.94,NO_EDGE,home,False,0.0634,6.34,0.0307,3.07,True,False
2024-03-02_Brentford_Chelsea_home,2024-03-02,Brentford vs Chelsea,home,3.2,3.04,3.153,0.288,0.3088,0.3009,-7.84,-3.7,NO_EDGE,draw,False,0.0526,5.26,0.0149,1.49,True,False
2024-03-02_Brentford_Chelsea_draw,2024-03-02,Brentford vs Chelsea,draw,4.0,3.95,4.132,0.1946,0.2465,0.2319,-22.16,-7.22,NO_EDGE,draw,True,0.0127,1.27,-0.0319,-3.19,True,False
2024-03-02_Brentford_Chelsea_away,2024-03-02,Brentford vs Chelsea,away,2.23,2.21,2.268,0.5174,0.4447,0.4651,15.38,3.72,MARGINAL_EV,draw,False,0.009,0.9,-0.0168,-1.68,True,False
2024-03-02_Fulham_Brighton_home,2024-03-02,Fulham vs Brighton,home,2.65,2.6,2.679,0.3737,0.3753,0.3747,-0.97,-0.71,NO_EDGE,home,True,0.0192,1.92,-0.0108,-1.08,True,False
2024-03-02_Fulham_Brighton_draw,2024-03-02,Fulham vs Brighton,draw,3.85,3.59,3.736,0.2176,0.2578,0.2465,-16.22,-5.09,NO_EDGE,home,False,0.0724,7.24,0.0305,3.05,True,False
2024-03-02_Fulham_Brighton_away,2024-03-02,Fulham vs Brighton,away,2.71,2.7,2.785,0.4086,0.3669,0.3786,10.73,2.6,MARGINAL_EV,home,False,0.0037,0.37,-0.0269,-2.69,True,False
2024-03-02_Nottingham Forest_Liverpool_home,2024-03-02,Nottingham Forest vs Liverpool,home,6.1,5.69,6.11,0.1583,0.163,0.1622,-3.44,-1.08,NO_EDGE,away,False,0.0721,7.21,-0.0016,-0.16,True,False
2024-03-02_Nottingham Forest_Liverpool_draw,2024-03-02,Nottingham Forest vs Liverpool,draw,4.85,4.73,5.041,0.1619,0.2051,0.193,-21.48,-6.4,NO_EDGE,away,False,0.0254,2.54,-0.0379,-3.79,True,False
2024-03-02_Nottingham Forest_Liverpool_away,2024-03-02,Nottingham Forest vs Liverpool,away,1.58,1.54,1.567,0.6798,0.632,0.6453,7.41,1.97,MARGINAL_EV,away,True,0.026,2.6,0.0083,0.83,True,False
2024-03-02_Everton_West Ham United_home,2024-03-02,Everton vs West Ham United,home,2.14,2.1,2.149,0.3969,0.4644,0.4455,-15.06,-4.66,NO_EDGE,away,False,0.019,1.9,-0.0042,-0.42,True,False
2024-03-02_Everton_West Ham United_draw,2024-03-02,Everton vs West Ham United,draw,3.72,3.57,3.714,0.2391,0.266,0.2558,-11.05,-4.84,NO_EDGE,away,False,0.042,4.2,0.0016,0.16,True,False
2024-03-02_Everton_West Ham United_away,2024-03-02,Everton vs West Ham United,away,3.67,3.62,3.768,0.364,0.2696,0.296,33.59,8.65,CALIBRATED_EV,away,True,0.0138,1.38,-0.026,-2.6,True,True
2024-03-02_Luton Town_Aston Villa_home,2024-03-02,Luton Town vs Aston Villa,home,4.5,4.34,4.591,0.2745,0.2201,0.2354,23.53,5.91,CALIBRATED_EV,away,False,0.0369,3.69,-0.0198,-1.98,True,True
2024-03-02_Luton Town_Aston Villa_draw,2024-03-02,Luton Town vs Aston Villa,draw,4.5,4.44,4.701,0.1962,0.2201,0.2111,-11.71,-5.01,NO_EDGE,away,False,0.0135,1.35,-0.0428,-4.28,True,False
2024-03-02_Luton Town_Aston Villa_away,2024-03-02,Luton Town vs Aston Villa,away,1.78,1.72,1.756,0.5293,0.5598,0.5512,-5.78,-1.88,NO_EDGE,away,True,0.0349,3.49,0.0137,1.37,True,False
2024-03-02_Tottenham_Crystal Palace_home,2024-03-02,Tottenham vs Crystal Palace,home,1.55,1.52,1.549,0.4937,0.6521,0.6343,-23.48,-1.68,NO_EDGE,home,True,0.0197,1.97,0.0006,0.06,True,False
2024-03-02_Tottenham_Crystal Palace_draw,2024-03-02,Tottenham vs Crystal Palace,draw,5.0,4.51,4.826,0.1908,0.2079,0.2015,-4.6,0.73,NO_EDGE,home,False,0.1086,10.86,0.0361,3.61,True,False
2024-03-02_Tottenham_Crystal Palace_away,2024-03-02,Tottenham vs Crystal Palace,away,7.5,6.26,6.797,0.3155,0.14,0.154,136.62,15.53,FAKE_EV,home,False,0.1981,19.81,0.1034,10.34,True,False
2024-03-02_Newcastle United_Wolverhampton Wanderers_home,2024-03-02,Newcastle United vs Wolverhampton Wanderers,home,1.94,1.89,1.933,0.3035,0.5132,0.4897,-41.12,-5.0,NO_EDGE,home,True,0.0265,2.65,0.0036,0.36,True,False
2024-03-02_Newcastle United_Wolverhampton Wanderers_draw,2024-03-02,Newcastle United vs Wolverhampton Wanderers,draw,4.1,4.01,4.211,0.1938,0.2416,0.2282,-20.54,-6.43,NO_EDGE,home,False,0.0224,2.24,-0.0264,-2.64,True,False
2024-03-02_Newcastle United_Wolverhampton Wanderers_away,2024-03-02,Newcastle United vs Wolverhampton Wanderers,away,4.04,3.89,4.08,0.5026,0.2452,0.2741,103.05,10.72,CALIBRATED_EV,home,False,0.0386,3.86,-0.0098,-0.98,True,True
2024-03-03_Burnley_Bournemouth_home,2024-03-03,Burnley vs Bournemouth,home,3.89,3.79,3.967,0.2806,0.2549,0.2646,9.15,2.93,MARGINAL_EV,away,False,0.0264,2.64,-0.0194,-1.94,True,False
2024-03-03_Burnley_Bournemouth_draw,2024-03-03,Burnley vs Bournemouth,draw,3.93,3.83,4.01,0.1973,0.2523,0.2369,-22.46,-6.91,NO_EDGE,away,False,0.0261,2.61,-0.02,-2.0,True,False
2024-03-03_Burnley_Bournemouth_away,2024-03-03,Burnley vs Bournemouth,away,2.02,1.96,2.006,0.5221,0.4929,0.5039,5.46,1.79,MARGINAL_EV,away,True,0.0306,3.06,0.007,0.7,True,False
2024-03-03_Manchester City_Manchester United_home,2024-03-03,Manchester City vs Manchester United,home,1.29,1.27,1.29,0.4795,0.7716,0.7389,-38.14,-4.68,NO_EDGE,home,True,0.0157,1.57,0.0,0.0,True,False
2024-03-03_Manchester City_Manchester United_draw,2024-03-03,Manchester City vs Manchester United,draw,6.72,6.39,7.199,0.2112,0.1437,0.1522,41.93,2.3,MARGINAL_EV,home,False,0.0516,5.16,-0.0665,-6.65,True,False
2024-03-03_Manchester City_Manchester United_away,2024-03-03,Manchester City vs Manchester United,away,11.3,10.06,11.669,0.3093,0.0847,0.1026,249.51,15.98,FAKE_EV,home,False,0.1233,12.33,-0.0316,-3.16,True,False
2024-03-04_Sheffield United_Arsenal_home,2024-03-04,Sheffield United vs Arsenal,home,19.0,16.74,21.336,0.0694,0.0501,0.0534,31.86,1.36,MARGINAL_EV,away,False,0.135,13.5,-0.1095,-10.95,True,False
2024-03-04_Sheffield United_Arsenal_draw,2024-03-04,Sheffield United vs Arsenal,draw,8.6,8.18,9.803,0.111,0.1121,0.1119,-4.54,-3.77,NO_EDGE,away,False,0.0513,5.13,-0.1227,-12.27,True,False
2024-03-04_Sheffield United_Arsenal_away,2024-03-04,Sheffield United vs Arsenal,away,1.19,1.16,1.175,0.8196,0.8378,0.8309,-2.47,-1.12,NO_EDGE,away,True,0.0259,2.59,0.0128,1.28,True,False
2024-03-09_Manchester United_Everton_home,2024-03-09,Manchester United vs Everton,home,1.94,1.84,1.881,0.4485,0.5189,0.4992,-12.99,-3.16,NO_EDGE,home,True,0.0543,5.43,0.0314,3.14,True,False
2024-03-09_Manchester United_Everton_draw,2024-03-09,Manchester United vs Everton,draw,4.05,3.93,4.128,0.2297,0.2504,0.2426,-6.97,-1.76,NO_EDGE,home,False,0.0305,3.05,-0.0189,-1.89,True,False
2024-03-09_Manchester United_Everton_away,2024-03-09,Manchester United vs Everton,away,4.4,4.2,4.423,0.3218,0.2307,0.2562,41.59,12.72,CALIBRATED_EV,home,False,0.0476,4.76,-0.0052,-0.52,True,True
2024-03-09_Bournemouth_Sheffield United_home,2024-03-09,Bournemouth vs Sheffield United,home,1.38,1.35,1.371,0.7306,0.7236,0.7262,0.82,0.22,NO_EDGE,draw,False,0.0222,2.22,0.0066,0.66,True,False
2024-03-09_Bournemouth_Sheffield United_draw,2024-03-09,Bournemouth vs Sheffield United,draw,5.8,5.55,6.054,0.1463,0.1711,0.1669,-15.15,-3.22,NO_EDGE,draw,True,0.045,4.5,-0.042,-4.2,True,False
2024-03-09_Bournemouth_Sheffield United_away,2024-03-09,Bournemouth vs Sheffield United,away,9.4,8.52,9.498,0.1232,0.1053,0.1084,15.81,1.87,MARGINAL_EV,draw,False,0.1033,10.33,-0.0103,-1.03,True,False
2024-03-09_Crystal Palace_Luton Town_home,2024-03-09,Crystal Palace vs Luton Town,home,1.83,1.77,1.808,0.3641,0.5438,0.5237,-33.37,-4.16,NO_EDGE,draw,False,0.0339,3.39,0.0122,1.22,True,False
2024-03-09_Crystal Palace_Luton Town_draw,2024-03-09,Crystal Palace vs Luton Town,draw,4.02,3.95,4.157,0.1834,0.246,0.2285,-26.27,-8.15,NO_EDGE,draw,True,0.0177,1.77,-0.033,-3.3,True,False
2024-03-09_Crystal Palace_Luton Town_away,2024-03-09,Crystal Palace vs Luton Town,away,4.7,4.58,4.847,0.4526,0.2102,0.2373,112.72,11.54,CALIBRATED_EV,draw,False,0.0262,2.62,-0.0303,-3.03,True,True
2024-03-09_Wolverhampton Wanderers_Fulham_home,2024-03-09,Wolverhampton Wanderers vs Fulham,home,2.63,2.52,2.593,0.341,0.3806,0.3695,-10.32,-2.82,NO_EDGE,home,True,0.0437,4.37,0.0143,1.43,True,False
2024-03-09_Wolverhampton Wanderers_Fulham_draw,2024-03-09,Wolverhampton Wanderers vs Fulham,draw,3.62,3.46,3.595,0.2019,0.2766,0.2557,-26.91,-7.44,NO_EDGE,home,False,0.0462,4.62,0.007,0.7,True,False
2024-03-09_Wolverhampton Wanderers_Fulham_away,2024-03-09,Wolverhampton Wanderers vs Fulham,away,2.92,2.88,2.975,0.4571,0.3428,0.3748,33.47,9.45,CALIBRATED_EV,home,False,0.0139,1.39,-0.0185,-1.85,True,True
2024-03-09_Arsenal_Brentford_home,2024-03-09,Arsenal vs Brentford,home,1.27,1.23,1.248,0.7663,0.7886,0.7802,-2.68,-0.92,NO_EDGE,home,True,0.0325,3.25,0.0176,1.76,True,False
2024-03-09_Arsenal_Brentford_draw,2024-03-09,Arsenal vs Brentford,draw,7.3,6.96,7.984,0.1285,0.1387,0.137,-6.19,0.01,NO_EDGE,home,False,0.0489,4.89,-0.0857,-8.57,True,False
2024-03-09_Arsenal_Brentford_away,2024-03-09,Arsenal vs Brentford,away,14.0,11.44,13.592,0.1052,0.0727,0.0767,47.28,7.45,CALIBRATED_EV,home,False,0.2238,22.38,0.03,3.0,True,True
2024-03-10_Aston Villa_Tottenham_home,2024-03-10,Aston Villa vs Tottenham,home,2.49,2.47,2.541,0.4461,0.3993,0.4124,11.08,2.69,MARGINAL_EV,away,False,0.0081,0.81,-0.0201,-2.01,True,False
2024-03-10_Aston Villa_Tottenham_draw,2024-03-10,Aston Villa vs Tottenham,draw,4.26,3.98,4.157,0.1867,0.2326,0.2198,-20.47,-6.38,NO_EDGE,away,False,0.0704,7.04,0.0248,2.48,True,False
2024-03-10_Aston Villa_Tottenham_away,2024-03-10,Aston Villa vs Tottenham,away,2.7,2.65,2.733,0.3672,0.3681,0.3677,-0.86,-0.71,NO_EDGE,away,True,0.0189,1.89,-0.0121,-1.21,True,False
2024-03-10_Brighton_Nottingham Forest_home,2024-03-10,Brighton vs Nottingham Forest,home,1.84,1.81,1.85,0.5164,0.5424,0.5326,-4.98,-2.01,NO_EDGE,home,True,0.0166,1.66,-0.0054,-0.54,True,False
2024-03-10_Brighton_Nottingham Forest_draw,2024-03-10,Brighton vs Nottingham Forest,draw,4.21,4.01,4.221,0.1966,0.2364,0.2253,-17.23,-5.16,NO_EDGE,home,False,0.0499,4.99,-0.0026,-0.26,True,False
2024-03-10_Brighton_Nottingham Forest_away,2024-03-10,Brighton vs Nottingham Forest,away,4.5,4.26,4.494,0.287,0.2212,0.2396,29.15,7.82,CALIBRATED_EV,home,False,0.0563,5.63,0.0013,0.13,True,True
2024-03-10_West Ham United_Burnley_home,2024-03-10,West Ham United vs Burnley,home,1.71,1.69,1.724,0.5033,0.5809,0.5592,-13.94,-4.38,NO_EDGE,draw,False,0.0118,1.18,-0.0081,-0.81,True,False
2024-03-10_West Ham United_Burnley_draw,2024-03-10,West Ham United vs Burnley,draw,4.26,4.06,4.283,0.2054,0.2306,0.2211,-12.5,-5.82,NO_EDGE,draw,True,0.0493,4.93,-0.0054,-0.54,True,False
2024-03-10_West Ham United_Burnley_away,2024-03-10,West Ham United vs Burnley,away,5.2,5.04,5.361,0.2913,0.1885,0.2172,51.48,12.97,CALIBRATED_EV,draw,False,0.0317,3.17,-0.03,-3.0,True,True
2024-03-10_Liverpool_Manchester City_home,2024-03-10,Liverpool vs Manchester City,home,3.15,3.02,3.125,0.4622,0.3192,0.3352,45.59,5.6,CALIBRATED_EV,draw,False,0.043,4.3,0.008,0.8,True,True
2024-03-10_Liverpool_Manchester City_draw,2024-03-10,Liverpool vs Manchester City,draw,4.0,3.8,3.961,0.2056,0.2517,0.2388,-17.76,-4.49,NO_EDGE,draw,True,0.0526,5.26,0.0098,0.98,True,False
2024-03-10_Liverpool_Manchester City_away,2024-03-10,Liverpool vs Manchester City,away,2.34,2.28,2.339,0.3321,0.4291,0.4019,-22.29,-5.95,NO_EDGE,draw,False,0.0263,2.63,0.0004,0.04,True,False
2024-03-11_Chelsea_Newcastle United_home,2024-03-11,Chelsea vs Newcastle United,home,1.98,1.96,2.005,0.3946,0.5017,0.4717,-21.87,-6.6,NO_EDGE,home,True,0.0102,1.02,-0.0125,-1.25,True,False
2024-03-11_Chelsea_Newcastle United_draw,2024-03-11,Chelsea vs Newcastle United,draw,4.26,4.07,4.267,0.1809,0.2314,0.2173,-22.94,-7.43,NO_EDGE,home,False,0.0467,4.67,-0.0016,-0.16,True,False
2024-03-11_Chelsea_Newcastle United_away,2024-03-11,Chelsea vs Newcastle United,away,3.7,3.59,3.748,0.4245,0.2668,0.2845,57.07,5.27,CALIBRATED_EV,home,False,0.0306,3.06,-0.0128,-1.28,True,True
2024-03-13_Bournemouth_Luton Town_home,2024-03-13,Bournemouth vs Luton Town,home,1.55,1.51,1.536,0.4819,0.6445,0.6262,-25.31,-2.93,NO_EDGE,home,True,0.0265,2.65,0.0091,0.91,True,False
2024-03-13_Bournemouth_Luton Town_draw,2024-03-13,Bournemouth vs Luton Town,draw,4.98,4.71,5.024,0.1909,0.2,0.1966,-4.93,-2.11,NO_EDGE,home,False,0.0573,5.73,-0.0088,-0.88,True,False
2024-03-13_Bournemouth_Luton Town_away,2024-03-13,Bournemouth vs Luton Town,away,6.4,6.18,6.667,0.3272,0.1555,0.1693,109.41,8.33,FAKE_EV,home,False,0.0356,3.56,-0.04,-4.0,True,False
2024-03-16_Burnley_Brentford_home,2024-03-16,Burnley vs Brentford,home,3.41,3.23,3.35,0.3982,0.2903,0.3205,35.79,9.28,CALIBRATED_EV,home,True,0.0557,5.57,0.0179,1.79,True,True
2024-03-16_Burnley_Brentford_draw,2024-03-16,Burnley vs Brentford,draw,3.8,3.72,3.876,0.2036,0.2602,0.2444,-22.63,-7.14,NO_EDGE,home,False,0.0215,2.15,-0.0196,-1.96,True,False
2024-03-16_Burnley_Brentford_away,2024-03-16,Burnley vs Brentford,away,2.21,2.2,2.255,0.3982,0.4495,0.4351,-12.0,-3.83,NO_EDGE,home,False,0.0045,0.45,-0.02,-2.0,True,False
2024-03-16_Luton Town_Nottingham Forest_home,2024-03-16,Luton Town vs Nottingham Forest,home,2.95,2.83,2.926,0.4382,0.3366,0.3651,29.27,7.69,CALIBRATED_EV,draw,False,0.0424,4.24,0.0082,0.82,True,True
2024-03-16_Luton Town_Nottingham Forest_draw,2024-03-16,Luton Town vs Nottingham Forest,draw,3.8,3.69,3.847,0.1902,0.2609,0.2411,-27.72,-8.38,NO_EDGE,draw,True,0.0298,2.98,-0.0122,-1.22,True,False
2024-03-16_Luton Town_Nottingham Forest_away,2024-03-16,Luton Town vs Nottingham Forest,away,2.47,2.44,2.511,0.3716,0.4025,0.3938,-8.21,-2.72,NO_EDGE,draw,False,0.0123,1.23,-0.0163,-1.63,True,False
2024-03-16_Fulham_Tottenham_home,2024-03-16,Fulham vs Tottenham,home,3.54,3.42,3.563,0.3509,0.2812,0.3008,24.22,6.47,CALIBRATED_EV,home,True,0.0351,3.51,-0.0065,-0.65,True,True
2024-03-16_Fulham_Tottenham_draw,2024-03-16,Fulham vs Tottenham,draw,4.16,4.09,4.287,0.1986,0.2392,0.2278,-17.38,-5.22,NO_EDGE,home,False,0.0171,1.71,-0.0296,-2.96,True,False
2024-03-16_Fulham_Tottenham_away,2024-03-16,Fulham vs Tottenham,away,2.08,2.01,2.057,0.4505,0.4795,0.4686,-6.3,-2.54,NO_EDGE,home,False,0.0348,3.48,0.0112,1.12,True,False
2024-03-17_West Ham United_Aston Villa_home,2024-03-17,West Ham United vs Aston Villa,home,2.75,2.66,2.746,0.3187,0.3615,0.3495,-12.36,-3.88,NO_EDGE,draw,False,0.0338,3.38,0.0015,0.15,True,False
2024-03-17_West Ham United_Aston Villa_draw,2024-03-17,West Ham United vs Aston Villa,draw,3.92,3.82,3.989,0.2105,0.2531,0.2412,-17.48,-5.47,NO_EDGE,draw,True,0.0262,2.62,-0.0173,-1.73,True,False
2024-03-17_West Ham United_Aston Villa_away,2024-03-17,West Ham United vs Aston Villa,away,2.58,2.52,2.597,0.4707,0.3855,0.4093,21.44,5.6,CALIBRATED_EV,draw,False,0.0238,2.38,-0.0065,-0.65,True,True
2024-03-30_Newcastle United_West Ham United_home,2024-03-30,Newcastle United vs West Ham United,home,1.9,1.81,1.851,0.3825,0.5261,0.51,-27.32,-3.09,NO_EDGE,home,True,0.0497,4.97,0.0265,2.65,True,False
2024-03-30_Newcastle United_West Ham United_draw,2024-03-30,Newcastle United vs West Ham United,draw,4.33,4.26,4.498,0.2019,0.2308,0.2198,-12.58,-4.8,NO_EDGE,home,False,0.0164,1.64,-0.0373,-3.73,True,False
2024-03-30_Newcastle United_West Ham United_away,2024-03-30,Newcastle United vs West Ham United,away,4.11,4.0,4.213,0.4156,0.2431,0.2624,70.81,7.86,CALIBRATED_EV,home,False,0.0275,2.75,-0.0244,-2.44,True,True
2024-03-30_Bournemouth_Everton_home,2024-03-30,Bournemouth vs Everton,home,2.25,2.24,2.297,0.4419,0.4427,0.4424,-0.57,-0.46,NO_EDGE,home,True,0.0045,0.45,-0.0205,-2.05,True,False
2024-03-30_Bournemouth_Everton_draw,2024-03-30,Bournemouth vs Everton,draw,3.8,3.56,3.704,0.2375,0.2615,0.2524,-9.75,-4.09,NO_EDGE,home,False,0.0674,6.74,0.0259,2.59,True,False
2024-03-30_Bournemouth_Everton_away,2024-03-30,Bournemouth vs Everton,away,3.36,3.27,3.393,0.3207,0.2959,0.3053,7.76,2.56,MARGINAL_EV,home,False,0.0275,2.75,-0.0097,-0.97,True,False
2024-03-30_Chelsea_Burnley_home,2024-03-30,Chelsea vs Burnley,home,1.34,1.3,1.319,0.5099,0.7462,0.7197,-31.67,-3.56,NO_EDGE,draw,False,0.0308,3.08,0.0159,1.59,True,False
2024-03-30_Chelsea_Burnley_draw,2024-03-30,Chelsea vs Burnley,draw,6.3,6.12,6.776,0.2078,0.1586,0.1648,30.91,3.84,MARGINAL_EV,draw,True,0.0294,2.94,-0.0702,-7.02,True,False
2024-03-30_Chelsea_Burnley_away,2024-03-30,Chelsea vs Burnley,away,10.5,9.34,10.589,0.2823,0.0952,0.1101,196.42,15.65,FAKE_EV,draw,False,0.1242,12.42,-0.0084,-0.84,True,False
2024-03-30_Nottingham Forest_Crystal Palace_home,2024-03-30,Nottingham Forest vs Crystal Palace,home,2.32,2.29,2.348,0.3886,0.4274,0.4165,-9.84,-3.37,NO_EDGE,draw,False,0.0131,1.31,-0.0119,-1.19,True,False
2024-03-30_Nottingham Forest_Crystal Palace_draw,2024-03-30,Nottingham Forest vs Crystal Palace,draw,3.5,3.38,3.506,0.2227,0.2821,0.2655,-22.06,-7.08,NO_EDGE,draw,True,0.0355,3.55,-0.0017,-0.17,True,False
2024-03-30_Nottingham Forest_Crystal Palace_away,2024-03-30,Nottingham Forest vs Crystal Palace,away,3.4,3.34,3.463,0.3886,0.2905,0.318,32.12,8.11,CALIBRATED_EV,draw,False,0.018,1.8,-0.0182,-1.82,True,True
2024-03-30_Sheffield United_Fulham_home,2024-03-30,Sheffield United vs Fulham,home,4.9,4.89,5.185,0.1512,0.2018,0.1876,-25.91,-8.07,NO_EDGE,draw,False,0.002,0.2,-0.055,-5.5,True,False
2024-03-30_Sheffield United_Fulham_draw,2024-03-30,Sheffield United vs Fulham,draw,4.26,3.95,4.155,0.1809,0.2323,0.2179,-22.94,-7.16,NO_EDGE,draw,True,0.0785,7.85,0.0253,2.53,True,False
2024-03-30_Sheffield United_Fulham_away,2024-03-30,Sheffield United vs Fulham,away,1.76,1.73,1.765,0.6679,0.5659,0.5945,17.55,4.62,MARGINAL_EV,draw,False,0.0173,1.73,-0.0028,-0.28,True,False
2024-03-30_Tottenham_Luton Town_home,2024-03-30,Tottenham vs Luton Town,home,1.26,1.21,1.227,0.4985,0.7945,0.7613,-37.19,-4.07,NO_EDGE,home,True,0.0413,4.13,0.0269,2.69,True,False
2024-03-30_Tottenham_Luton Town_draw,2024-03-30,Tottenham vs Luton Town,draw,8.1,7.6,8.838,0.1935,0.1246,0.1333,56.73,7.97,CALIBRATED_EV,home,False,0.0658,6.58,-0.0835,-8.35,True,True
2024-03-30_Tottenham_Luton Town_away,2024-03-30,Tottenham vs Luton Town,away,12.5,11.57,13.881,0.308,0.0809,0.0991,285.0,23.85,FAKE_EV,home,False,0.0804,8.04,-0.0995,-9.95,True,False
2024-03-30_Aston Villa_Wolverhampton Wanderers_home,2024-03-30,Aston Villa vs Wolverhampton Wanderers,home,1.68,1.64,1.673,0.4023,0.5922,0.5709,-32.41,-4.09,NO_EDGE,home,True,0.0244,2.44,0.0042,0.42,True,False
2024-03-30_Aston Villa_Wolverhampton Wanderers_draw,2024-03-30,Aston Villa vs Wolverhampton Wanderers,draw,4.6,4.46,4.739,0.2289,0.2141,0.2197,5.29,1.07,MARGINAL_EV,home,False,0.0314,3.14,-0.0293,-2.93,True,False
2024-03-30_Aston Villa_Wolverhampton Wanderers_away,2024-03-30,Aston Villa vs Wolverhampton Wanderers,away,5.08,4.9,5.226,0.3688,0.1937,0.2133,87.35,8.36,CALIBRATED_EV,home,False,0.0367,3.67,-0.0279,-2.79,True,True
2024-03-30_Brentford_Manchester United_home,2024-03-30,Brentford vs Manchester United,home,3.25,3.09,3.201,0.2698,0.3061,0.2959,-12.32,-3.83,NO_EDGE,draw,False,0.0518,5.18,0.0153,1.53,True,False
2024-03-30_Brentford_Manchester United_draw,2024-03-30,Brentford vs Manchester United,draw,3.99,3.86,4.027,0.2067,0.2491,0.2372,-17.53,-5.35,NO_EDGE,draw,True,0.0337,3.37,-0.0092,-0.92,True,False
2024-03-30_Brentford_Manchester United_away,2024-03-30,Brentford vs Manchester United,away,2.24,2.22,2.276,0.5234,0.4448,0.4668,17.24,4.57,MARGINAL_EV,draw,False,0.009,0.9,-0.0158,-1.58,True,False
2024-03-31_Liverpool_Brighton_home,2024-03-31,Liverpool vs Brighton,home,1.42,1.37,1.391,0.5581,0.7045,0.6881,-20.75,-2.29,NO_EDGE,home,True,0.0365,3.65,0.0208,2.08,True,False
2024-03-31_Liverpool_Brighton_draw,2024-03-31,Liverpool vs Brighton,draw,6.0,5.71,6.207,0.2102,0.167,0.1724,26.12,3.46,MARGINAL_EV,home,False,0.0508,5.08,-0.0333,-3.33,True,False
2024-03-31_Liverpool_Brighton_away,2024-03-31,Liverpool vs Brighton,away,7.8,7.57,8.341,0.2317,0.1285,0.1415,80.73,10.37,CALIBRATED_EV,home,False,0.0304,3.04,-0.0649,-6.49,True,True
2024-03-31_Manchester City_Arsenal_home,2024-03-31,Manchester City vs Arsenal,home,1.97,1.92,1.962,0.2895,0.5047,0.4806,-42.97,-5.33,NO_EDGE,draw,False,0.026,2.6,0.0041,0.41,True,False
2024-03-31_Manchester City_Arsenal_draw,2024-03-31,Manchester City vs Arsenal,draw,3.97,3.86,4.036,0.2105,0.2489,0.2382,-16.43,-5.45,NO_EDGE,draw,True,0.0285,2.85,-0.0164,-1.64,True,False
2024-03-31_Manchester City_Arsenal_away,2024-03-31,Manchester City vs Arsenal,away,4.01,3.94,4.123,0.4999,0.2464,0.2748,100.46,10.2,CALIBRATED_EV,draw,False,0.0178,1.78,-0.0274,-2.74,True,True
2024-04-02_Newcastle United_Everton_home,2024-04-02,Newcastle United vs Everton,home,2.05,2.03,2.069,0.3911,0.484,0.458,-19.82,-6.11,NO_EDGE,draw,False,0.0099,0.99,-0.0092,-0.92,True,False
2024-04-02_Newcastle United_Everton_draw,2024-04-02,Newcastle United vs Everton,draw,3.95,3.86,4.003,0.2178,0.2495,0.2406,-13.97,-4.97,NO_EDGE,draw,True,0.0233,2.33,-0.0132,-1.32,True,False
2024-04-02_Newcastle United_Everton_away,2024-04-02,Newcastle United vs Everton,away,3.7,3.62,3.747,0.3911,0.2665,0.3014,44.71,11.51,CALIBRATED_EV,draw,False,0.0221,2.21,-0.0125,-1.25,True,True
2024-04-02_Nottingham Forest_Fulham_home,2024-04-02,Nottingham Forest vs Fulham,home,2.78,2.78,2.854,0.314,0.3591,0.3465,-12.71,-3.68,NO_EDGE,home,True,0.0,0.0,-0.0259,-2.59,False,False
2024-04-02_Nottingham Forest_Fulham_draw,2024-04-02,Nottingham Forest vs Fulham,draw,3.68,3.51,3.625,0.2337,0.2712,0.2607,-14.0,-4.08,NO_EDGE,home,False,0.0484,4.84,0.0152,1.52,True,False
2024-04-02_Nottingham Forest_Fulham_away,2024-04-02,Nottingham Forest vs Fulham,away,2.7,2.61,2.675,0.4522,0.3698,0.3928,22.09,6.07,CALIBRATED_EV,home,False,0.0345,3.45,0.0093,0.93,True,True
2024-04-02_Bournemouth_Crystal Palace_home,2024-04-02,Bournemouth vs Crystal Palace,home,2.04,2.02,2.06,0.494,0.4892,0.491,0.78,0.17,NO_EDGE,home,True,0.0099,0.99,-0.0097,-0.97,True,False
2024-04-02_Bournemouth_Crystal Palace_draw,2024-04-02,Bournemouth vs Crystal Palace,draw,3.9,3.8,3.946,0.2179,0.2554,0.2449,-15.02,-4.49,NO_EDGE,home,False,0.0263,2.63,-0.0117,-1.17,True,False
2024-04-02_Bournemouth_Crystal Palace_away,2024-04-02,Bournemouth vs Crystal Palace,away,3.9,3.69,3.828,0.2881,0.2554,0.2646,12.36,3.18,MARGINAL_EV,home,False,0.0569,5.69,0.0188,1.88,True,False
2024-04-02_Burnley_Wolverhampton Wanderers_home,2024-04-02,Burnley vs Wolverhampton Wanderers,home,2.63,2.55,2.613,0.2529,0.3797,0.3442,-33.49,-9.48,NO_EDGE,draw,False,0.0314,3.14,0.0065,0.65,True,False
2024-04-02_Burnley_Wolverhampton Wanderers_draw,2024-04-02,Burnley vs Wolverhampton Wanderers,draw,3.68,3.54,3.658,0.2247,0.2712,0.2582,-17.31,-4.99,NO_EDGE,draw,True,0.0395,3.95,0.006,0.6,True,False
2024-04-02_Burnley_Wolverhampton Wanderers_away,2024-04-02,Burnley vs Wolverhampton Wanderers,away,2.86,2.83,2.908,0.5223,0.3491,0.3685,49.38,5.39,CALIBRATED_EV,draw,False,0.0106,1.06,-0.0165,-1.65,True,True
2024-04-02_West Ham United_Tottenham_home,2024-04-02,West Ham United vs Tottenham,home,3.5,3.38,3.499,0.2848,0.2849,0.2849,-0.32,-0.3,NO_EDGE,draw,False,0.0355,3.55,0.0003,0.03,True,False
2024-04-02_West Ham United_Tottenham_draw,2024-04-02,West Ham United vs Tottenham,draw,4.37,4.24,4.417,0.2102,0.2281,0.2213,-8.14,-3.28,NO_EDGE,draw,True,0.0307,3.07,-0.0106,-1.06,True,False
2024-04-02_West Ham United_Tottenham_away,2024-04-02,West Ham United vs Tottenham,away,2.05,2.01,2.05,0.5049,0.487,0.4938,3.5,1.22,NO_EDGE,draw,False,0.0199,1.99,0.0,0.0,True,False
2024-04-03_Arsenal_Luton Town_home,2024-04-03,Arsenal vs Luton Town,home,1.12,1.11,1.119,0.6125,0.8926,0.8612,-31.4,-3.54,NO_EDGE,home,True,0.009,0.9,0.0009,0.09,True,False
2024-04-03_Arsenal_Luton Town_draw,2024-04-03,Arsenal vs Luton Town,draw,13.0,11.82,14.428,0.1883,0.0764,0.0905,144.79,17.68,FAKE_EV,home,False,0.0998,9.98,-0.099,-9.9,True,False
2024-04-03_Arsenal_Luton Town_away,2024-04-03,Arsenal vs Luton Town,away,32.0,20.95,26.781,0.1992,0.031,0.0444,537.44,42.21,FAKE_EV,home,False,0.5274,52.74,0.1949,19.49,True,False
2024-04-03_Brentford_Brighton_home,2024-04-03,Brentford vs Brighton,home,2.48,2.38,2.446,0.2699,0.4018,0.3649,-33.06,-9.52,NO_EDGE,draw,False,0.042,4.2,0.0139,1.39,True,False
2024-04-03_Brentford_Brighton_draw,2024-04-03,Brentford vs Brighton,draw,3.94,3.79,3.953,0.2249,0.2524,0.242,-11.39,-4.64,NO_EDGE,draw,True,0.0396,3.96,-0.0033,-0.33,True,False
2024-04-03_Brentford_Brighton_away,2024-04-03,Brentford vs Brighton,away,2.88,2.86,2.957,0.5052,0.3458,0.3636,45.5,4.73,MARGINAL_EV,draw,False,0.007,0.7,-0.026,-2.6,True,False
2024-04-03_Manchester City_Aston Villa_home,2024-04-03,Manchester City vs Aston Villa,home,1.34,1.3,1.319,0.4475,0.7462,0.7128,-40.03,-4.49,NO_EDGE,home,True,0.0308,3.08,0.0159,1.59,True,False
2024-04-03_Manchester City_Aston Villa_draw,2024-04-03,Manchester City vs Aston Villa,draw,6.5,6.32,7.015,0.2402,0.1538,0.1647,56.13,7.05,CALIBRATED_EV,home,False,0.0285,2.85,-0.0734,-7.34,True,True
2024-04-03_Manchester City_Aston Villa_away,2024-04-03,Manchester City vs Aston Villa,away,10.0,8.88,10.047,0.3123,0.1,0.1169,212.3,16.95,FAKE_EV,home,False,0.1261,12.61,-0.0047,-0.47,True,False
2024-04-04_Liverpool_Sheffield United_home,2024-04-04,Liverpool vs Sheffield United,home,1.1,1.08,1.089,0.7159,0.9083,0.8867,-21.25,-2.46,NO_EDGE,home,True,0.0185,1.85,0.0101,1.01,True,False
2024-04-04_Liverpool_Sheffield United_draw,2024-04-04,Liverpool vs Sheffield United,draw,15.0,14.33,18.836,0.1619,0.0649,0.0771,142.85,15.72,FAKE_EV,home,False,0.0468,4.68,-0.2037,-20.37,True,False
2024-04-04_Liverpool_Sheffield United_away,2024-04-04,Liverpool vs Sheffield United,away,36.0,25.37,35.361,0.1221,0.0268,0.0388,339.56,39.79,FAKE_EV,home,False,0.419,41.9,0.0181,1.81,True,False
2024-04-04_Chelsea_Manchester United_home,2024-04-04,Chelsea vs Manchester United,home,2.08,2.03,2.077,0.3826,0.4817,0.454,-20.42,-5.58,NO_EDGE,home,True,0.0246,2.46,0.0014,0.14,True,False
2024-04-04_Chelsea_Manchester United_draw,2024-04-04,Chelsea vs Manchester United,draw,4.26,4.03,4.214,0.2213,0.2356,0.2302,-5.73,-1.92,NO_EDGE,home,False,0.0571,5.71,0.0109,1.09,True,False
2024-04-04_Chelsea_Manchester United_away,2024-04-04,Chelsea vs Manchester United,away,3.55,3.42,3.557,0.3961,0.2826,0.3144,40.62,11.62,CALIBRATED_EV,home,False,0.038,3.8,-0.002,-0.2,True,True
2024-04-06_Crystal Palace_Manchester City_home,2024-04-06,Crystal Palace vs Manchester City,home,11.0,10.64,12.008,0.1867,0.0889,0.1013,105.37,11.39,FAKE_EV,away,False,0.0338,3.38,-0.0839,-8.39,True,False
2024-04-06_Crystal Palace_Manchester City_draw,2024-04-06,Crystal Palace vs Manchester City,draw,5.9,5.59,6.104,0.203,0.1668,0.1713,19.77,1.08,MARGINAL_EV,away,False,0.0555,5.55,-0.0334,-3.34,True,False
2024-04-06_Crystal Palace_Manchester City_away,2024-04-06,Crystal Palace vs Manchester City,away,1.34,1.31,1.328,0.6103,0.7443,0.7068,-18.22,-5.29,NO_EDGE,away,True,0.0229,2.29,0.009,0.9,True,False
2024-04-06_Aston Villa_Brentford_home,2024-04-06,Aston Villa vs Brentford,home,1.76,1.71,1.746,0.5256,0.5697,0.5573,-7.49,-1.91,NO_EDGE,draw,False,0.0292,2.92,0.008,0.8,True,False
2024-04-06_Aston Villa_Brentford_draw,2024-04-06,Aston Villa vs Brentford,draw,4.4,4.24,4.482,0.1984,0.2288,0.2203,-12.7,-3.06,NO_EDGE,draw,True,0.0377,3.77,-0.0183,-1.83,True,False
2024-04-06_Aston Villa_Brentford_away,2024-04-06,Aston Villa vs Brentford,away,5.0,4.62,4.9,0.276,0.2015,0.2223,38.0,11.18,CALIBRATED_EV,draw,False,0.0823,8.23,0.0204,2.04,True,True
2024-04-06_Everton_Burnley_home,2024-04-06,Everton vs Burnley,home,1.71,1.68,1.712,0.4375,0.5823,0.566,-25.19,-3.21,NO_EDGE,home,True,0.0179,1.79,-0.0012,-0.12,True,False
2024-04-06_Everton_Burnley_draw,2024-04-06,Everton vs Burnley,draw,4.3,4.18,4.405,0.2434,0.2298,0.2349,4.66,1.03,NO_EDGE,home,False,0.0287,2.87,-0.0238,-2.38,True,False
2024-04-06_Everton_Burnley_away,2024-04-06,Everton vs Burnley,away,5.25,4.99,5.293,0.3191,0.1879,0.2247,67.53,17.95,CALIBRATED_EV,home,False,0.0521,5.21,-0.0081,-0.81,True,True
2024-04-06_Fulham_Newcastle United_home,2024-04-06,Fulham vs Newcastle United,home,2.41,2.35,2.414,0.4001,0.4166,0.4103,-3.58,-1.11,NO_EDGE,away,False,0.0255,2.55,-0.0017,-0.17,True,False
2024-04-06_Fulham_Newcastle United_draw,2024-04-06,Fulham vs Newcastle United,draw,4.05,3.87,4.039,0.1998,0.2485,0.2348,-19.08,-4.89,NO_EDGE,away,False,0.0465,4.65,0.0027,0.27,True,False
2024-04-06_Fulham_Newcastle United_away,2024-04-06,Fulham vs Newcastle United,away,3.0,2.86,2.957,0.4001,0.335,0.3532,20.03,5.96,CALIBRATED_EV,away,True,0.049,4.9,0.0145,1.45,True,True
2024-04-06_Luton Town_Bournemouth_home,2024-04-06,Luton Town vs Bournemouth,home,4.0,3.65,3.818,0.327,0.2508,0.2721,30.8,8.84,CALIBRATED_EV,home,True,0.0959,9.59,0.0477,4.77,True,True
2024-04-06_Luton Town_Bournemouth_draw,2024-04-06,Luton Town vs Bournemouth,draw,4.21,4.11,4.317,0.2028,0.2383,0.2283,-14.62,-3.86,NO_EDGE,home,False,0.0243,2.43,-0.0248,-2.48,True,False
2024-04-06_Luton Town_Bournemouth_away,2024-04-06,Luton Town vs Bournemouth,away,1.96,1.93,1.975,0.4702,0.511,0.4995,-7.84,-2.09,NO_EDGE,home,False,0.0155,1.55,-0.0076,-0.76,True,False
2024-04-06_Wolverhampton Wanderers_West Ham United_home,2024-04-06,Wolverhampton Wanderers vs West Ham United,home,2.58,2.53,2.604,0.4057,0.3839,0.3921,4.67,1.17,NO_EDGE,away,False,0.0198,1.98,-0.0092,-0.92,True,False
2024-04-06_Wolverhampton Wanderers_West Ham United_draw,2024-04-06,Wolverhampton Wanderers vs West Ham United,draw,3.72,3.61,3.757,0.224,0.2652,0.2537,-16.67,-5.63,NO_EDGE,away,False,0.0305,3.05,-0.0098,-0.98,True,False
2024-04-06_Wolverhampton Wanderers_West Ham United_away,2024-04-06,Wolverhampton Wanderers vs West Ham United,away,2.82,2.77,2.859,0.3703,0.3509,0.3582,4.42,1.02,NO_EDGE,away,True,0.0181,1.81,-0.0136,-1.36,True,False
2024-04-06_Brighton_Arsenal_home,2024-04-06,Brighton vs Arsenal,home,5.5,5.25,5.586,0.1666,0.1824,0.1797,-8.37,-1.17,NO_EDGE,away,False,0.0476,4.76,-0.0154,-1.54,True,False
2024-04-06_Brighton_Arsenal_draw,2024-04-06,Brighton vs Arsenal,draw,4.45,4.19,4.421,0.2007,0.2253,0.216,-10.69,-3.87,NO_EDGE,away,False,0.0621,6.21,0.0066,0.66,True,False
2024-04-06_Brighton_Arsenal_away,2024-04-06,Brighton vs Arsenal,away,1.69,1.65,1.681,0.6328,0.5923,0.6036,6.94,2.01,MARGINAL_EV,away,True,0.0242,2.42,0.0054,0.54,True,False
2024-04-07_Tottenham_Nottingham Forest_home,2024-04-07,Tottenham vs Nottingham Forest,home,1.46,1.39,1.413,0.5095,0.6885,0.6685,-25.61,-2.4,NO_EDGE,home,True,0.0504,5.04,0.0333,3.33,True,False
2024-04-07_Tottenham_Nottingham Forest_draw,2024-04-07,Tottenham vs Nottingham Forest,draw,5.6,5.46,5.936,0.2044,0.1829,0.1865,14.46,4.45,MARGINAL_EV,home,False,0.0256,2.56,-0.0566,-5.66,True,False
2024-04-07_Tottenham_Nottingham Forest_away,2024-04-07,Tottenham vs Nottingham Forest,away,8.0,7.33,8.085,0.2861,0.1286,0.1412,128.88,12.98,FAKE_EV,home,False,0.0914,9.14,-0.0105,-1.05,True,False
2024-04-07_Manchester United_Liverpool_home,2024-04-07,Manchester United vs Liverpool,home,5.0,4.75,5.066,0.2206,0.2002,0.2079,10.3,3.96,MARGINAL_EV,draw,False,0.0526,5.26,-0.013,-1.3,True,False
2024-04-07_Manchester United_Liverpool_draw,2024-04-07,Manchester United vs Liverpool,draw,4.9,4.84,5.166,0.193,0.2043,0.2,-5.43,-1.99,NO_EDGE,draw,True,0.0124,1.24,-0.0515,-5.15,True,False
2024-04-07_Manchester United_Liverpool_away,2024-04-07,Manchester United vs Liverpool,away,1.68,1.61,1.642,0.5864,0.5955,0.592,-1.48,-0.54,NO_EDGE,draw,False,0.0435,4.35,0.0231,2.31,True,False
2024-04-07_Sheffield United_Chelsea_home,2024-04-07,Sheffield United vs Chelsea,home,7.5,6.77,7.415,0.2465,0.1333,0.1476,84.87,10.68,CALIBRATED_EV,draw,False,0.1078,10.78,0.0115,1.15,True,True
2024-04-07_Sheffield United_Chelsea_draw,2024-04-07,Sheffield United vs Chelsea,draw,5.5,5.35,5.795,0.1901,0.1818,0.1832,4.55,0.76,NO_EDGE,draw,True,0.028,2.8,-0.0509,-5.09,True,False
2024-04-07_Sheffield United_Chelsea_away,2024-04-07,Sheffield United vs Chelsea,away,1.46,1.42,1.444,0.5635,0.6849,0.6509,-17.73,-4.97,NO_EDGE,draw,False,0.0282,2.82,0.0111,1.11,True,False
2024-04-13_Newcastle United_Tottenham_home,2024-04-13,Newcastle United vs Tottenham,home,2.9,2.8,2.892,0.3364,0.3449,0.3417,-2.44,-0.91,NO_EDGE,home,True,0.0357,3.57,0.0028,0.28,True,False
2024-04-13_Newcastle United_Tottenham_draw,2024-04-13,Newcastle United vs Tottenham,draw,4.26,4.05,4.232,0.1971,0.2348,0.2243,-16.04,-4.46,NO_EDGE,home,False,0.0519,5.19,0.0066,0.66,True,False
2024-04-13_Newcastle United_Tottenham_away,2024-04-13,Newcastle United vs Tottenham,away,2.38,2.33,2.393,0.4664,0.4203,0.4332,11.0,3.1,MARGINAL_EV,home,False,0.0215,2.15,-0.0054,-0.54,True,False
2024-04-13_Brentford_Sheffield United_home,2024-04-13,Brentford vs Sheffield United,home,1.45,1.43,1.455,0.4726,0.6871,0.6631,-31.47,-3.85,NO_EDGE,home,True,0.014,1.4,-0.0034,-0.34,True,False
2024-04-13_Brentford_Sheffield United_draw,2024-04-13,Brentford vs Sheffield United,draw,5.4,5.22,5.663,0.2013,0.1821,0.1894,8.7,2.27,MARGINAL_EV,home,False,0.0345,3.45,-0.0464,-4.64,True,False
2024-04-13_Brentford_Sheffield United_away,2024-04-13,Brentford vs Sheffield United,away,7.5,6.68,7.335,0.3261,0.1307,0.1464,144.57,9.76,FAKE_EV,home,False,0.1228,12.28,0.0225,2.25,True,False
2024-04-13_Burnley_Brighton_home,2024-04-13,Burnley vs Brighton,home,3.62,3.54,3.687,0.2843,0.2724,0.2769,2.92,0.23,NO_EDGE,draw,False,0.0226,2.26,-0.0182,-1.82,True,False
2024-04-13_Burnley_Brighton_draw,2024-04-13,Burnley vs Brighton,draw,3.93,3.8,3.967,0.2373,0.2507,0.2456,-6.74,-3.47,NO_EDGE,draw,True,0.0342,3.42,-0.0093,-0.93,True,False
2024-04-13_Burnley_Brighton_away,2024-04-13,Burnley vs Brighton,away,2.08,2.05,2.098,0.4784,0.4769,0.4775,-0.49,-0.68,NO_EDGE,draw,False,0.0146,1.46,-0.0086,-0.86,True,False
2024-04-13_Manchester City_Luton Town_home,2024-04-13,Manchester City vs Luton Town,home,1.12,1.09,1.099,0.5823,0.8934,0.8586,-34.78,-3.84,NO_EDGE,home,True,0.0275,2.75,0.0191,1.91,True,False
2024-04-13_Manchester City_Luton Town_draw,2024-04-13,Manchester City vs Luton Town,draw,14.0,13.24,16.878,0.197,0.0725,0.0882,175.8,23.51,FAKE_EV,home,False,0.0574,5.74,-0.1705,-17.05,True,False
2024-04-13_Manchester City_Luton Town_away,2024-04-13,Manchester City vs Luton Town,away,30.0,24.14,32.563,0.2207,0.034,0.049,562.1,46.85,FAKE_EV,home,False,0.2428,24.28,-0.0787,-7.87,True,False
2024-04-13_Nottingham Forest_Wolverhampton Wanderers_home,2024-04-13,Nottingham Forest vs Wolverhampton Wanderers,home,2.25,2.14,2.192,0.3616,0.4461,0.4224,-18.64,-4.95,NO_EDGE,draw,False,0.0514,5.14,0.0265,2.65,True,False
2024-04-13_Nottingham Forest_Wolverhampton Wanderers_draw,2024-04-13,Nottingham Forest vs Wolverhampton Wanderers,draw,3.74,3.57,3.716,0.2316,0.269,0.2585,-13.38,-3.31,NO_EDGE,draw,True,0.0476,4.76,0.0065,0.65,True,False
2024-04-13_Nottingham Forest_Wolverhampton Wanderers_away,2024-04-13,Nottingham Forest vs Wolverhampton Wanderers,away,3.53,3.5,3.641,0.4068,0.2849,0.3191,43.6,12.62,CALIBRATED_EV,draw,False,0.0086,0.86,-0.0305,-3.05,True,True
2024-04-13_Bournemouth_Manchester United_home,2024-04-13,Bournemouth vs Manchester United,home,2.49,2.42,2.487,0.3657,0.4014,0.3914,-8.94,-2.55,NO_EDGE,draw,False,0.0289,2.89,0.0012,0.12,True,False
2024-04-13_Bournemouth_Manchester United_draw,2024-04-13,Bournemouth vs Manchester United,draw,4.09,3.83,3.991,0.2259,0.2443,0.2373,-7.61,-2.93,NO_EDGE,draw,True,0.0679,6.79,0.0248,2.48,True,False
2024-04-13_Bournemouth_Manchester United_away,2024-04-13,Bournemouth vs Manchester United,away,2.82,2.79,2.879,0.4084,0.3544,0.3695,15.17,4.2,MARGINAL_EV,draw,False,0.0108,1.08,-0.0205,-2.05,True,False
2024-04-14_Liverpool_Crystal Palace_home,2024-04-14,Liverpool vs Crystal Palace,home,1.24,1.19,1.206,0.6134,0.807,0.7853,-23.94,-2.62,NO_EDGE,away,False,0.042,4.2,0.0282,2.82,True,False
2024-04-14_Liverpool_Crystal Palace_draw,2024-04-14,Liverpool vs Crystal Palace,draw,8.0,7.62,8.876,0.1941,0.1258,0.1344,55.28,7.53,CALIBRATED_EV,away,False,0.0499,4.99,-0.0987,-9.87,True,True
2024-04-14_Liverpool_Crystal Palace_away,2024-04-14,Liverpool vs Crystal Palace,away,15.0,14.15,17.268,0.1925,0.0672,0.083,188.75,24.51,FAKE_EV,away,True,0.0601,6.01,-0.1313,-13.13,True,False
2024-04-14_West Ham United_Fulham_home,2024-04-14,West Ham United vs Fulham,home,2.42,2.4,2.467,0.3651,0.4096,0.3971,-11.65,-3.9,NO_EDGE,away,False,0.0083,0.83,-0.0191,-1.91,True,False
2024-04-14_West Ham United_Fulham_draw,2024-04-14,West Ham United vs Fulham,draw,3.85,3.66,3.812,0.2391,0.2562,0.2498,-7.95,-3.84,NO_EDGE,away,False,0.0519,5.19,0.01,1.0,True,False
2024-04-14_West Ham United_Fulham_away,2024-04-14,West Ham United vs Fulham,away,2.96,2.91,3.009,0.3959,0.3342,0.3515,17.19,4.03,MARGINAL_EV,away,True,0.0172,1.72,-0.0163,-1.63,True,False
2024-04-14_Arsenal_Aston Villa_home,2024-04-14,Arsenal vs Aston Villa,home,1.31,1.29,1.309,0.6293,0.761,0.7241,-17.56,-5.14,NO_EDGE,away,False,0.0155,1.55,0.0008,0.08,True,False
2024-04-14_Arsenal_Aston Villa_draw,2024-04-14,Arsenal vs Aston Villa,draw,6.5,6.27,6.967,0.1824,0.1506,0.1546,18.56,0.48,MARGINAL_EV,away,False,0.0367,3.67,-0.067,-6.7,True,False
2024-04-14_Arsenal_Aston Villa_away,2024-04-14,Arsenal vs Aston Villa,away,11.0,9.5,10.81,0.1883,0.0884,0.101,107.13,11.12,FAKE_EV,away,True,0.1579,15.79,0.0176,1.76,True,False
2024-04-15_Chelsea_Everton_home,2024-04-15,Chelsea vs Everton,home,1.76,1.73,1.767,0.4654,0.5687,0.5397,-18.09,-5.0,NO_EDGE,home,True,0.0173,1.73,-0.004,-0.4,True,False
2024-04-15_Chelsea_Everton_draw,2024-04-15,Chelsea vs Everton,draw,4.42,4.16,4.394,0.2349,0.2268,0.2298,3.83,1.59,NO_EDGE,home,False,0.0625,6.25,0.0059,0.59,True,False
2024-04-15_Chelsea_Everton_away,2024-04-15,Chelsea vs Everton,away,4.9,4.57,4.844,0.2997,0.2046,0.2312,46.85,13.29,CALIBRATED_EV,home,False,0.0722,7.22,0.0116,1.16,True,True
2024-04-20_Luton Town_Brentford_home,2024-04-20,Luton Town vs Brentford,home,3.33,3.28,3.408,0.3747,0.2961,0.3181,24.78,5.92,CALIBRATED_EV,away,False,0.0152,1.52,-0.0229,-2.29,True,True
2024-04-20_Luton Town_Brentford_draw,2024-04-20,Luton Town vs Brentford,draw,3.85,3.76,3.923,0.2086,0.2556,0.2425,-19.69,-6.65,NO_EDGE,away,False,0.0239,2.39,-0.0186,-1.86,True,False
2024-04-20_Luton Town_Brentford_away,2024-04-20,Luton Town vs Brentford,away,2.21,2.16,2.214,0.4168,0.4483,0.4395,-7.89,-2.88,NO_EDGE,away,True,0.0231,2.31,-0.0018,-0.18,True,False
2024-04-20_Sheffield United_Burnley_home,2024-04-20,Sheffield United vs Burnley,home,2.88,2.77,2.857,0.3493,0.3449,0.3466,0.6,-0.18,NO_EDGE,away,False,0.0397,3.97,0.0081,0.81,True,False
2024-04-20_Sheffield United_Burnley_draw,2024-04-20,Sheffield United vs Burnley,draw,3.74,3.64,3.786,0.2115,0.2652,0.2502,-20.9,-6.44,NO_EDGE,away,False,0.0275,2.75,-0.0122,-1.22,True,False
2024-04-20_Sheffield United_Burnley_away,2024-04-20,Sheffield United vs Burnley,away,2.55,2.52,2.592,0.4392,0.3899,0.4037,12.0,2.94,MARGINAL_EV,away,True,0.0119,1.19,-0.0162,-1.62,True,False
2024-04-20_Wolverhampton Wanderers_Arsenal_home,2024-04-20,Wolverhampton Wanderers vs Arsenal,home,8.5,8.02,8.883,0.2049,0.1174,0.1284,74.16,9.17,CALIBRATED_EV,away,False,0.0599,5.99,-0.0431,-4.31,True,True
2024-04-20_Wolverhampton Wanderers_Arsenal_draw,2024-04-20,Wolverhampton Wanderers vs Arsenal,draw,5.3,5.14,5.57,0.1987,0.1884,0.1923,5.31,1.91,MARGINAL_EV,away,False,0.0311,3.11,-0.0485,-4.85,True,False
2024-04-20_Wolverhampton Wanderers_Arsenal_away,2024-04-20,Wolverhampton Wanderers vs Arsenal,away,1.44,1.39,1.413,0.5964,0.6942,0.6668,-14.12,-3.98,NO_EDGE,away,True,0.036,3.6,0.0191,1.91,True,False
2024-04-21_Crystal Palace_West Ham United_home,2024-04-21,Crystal Palace vs West Ham United,home,2.22,2.12,2.173,0.3725,0.4488,0.4274,-17.3,-5.11,NO_EDGE,home,True,0.0472,4.72,0.0216,2.16,True,False
2024-04-21_Crystal Palace_West Ham United_draw,2024-04-21,Crystal Palace vs West Ham United,draw,3.72,3.66,3.821,0.2218,0.2672,0.2545,-17.49,-5.34,NO_EDGE,home,False,0.0164,1.64,-0.0264,-2.64,True,False
2024-04-21_Crystal Palace_West Ham United_away,2024-04-21,Crystal Palace vs West Ham United,away,3.5,3.45,3.595,0.4057,0.2841,0.3181,42.0,11.34,CALIBRATED_EV,home,False,0.0145,1.45,-0.0264,-2.64,True,True
2024-04-21_Everton_Nottingham Forest_home,2024-04-21,Everton vs Nottingham Forest,home,2.12,2.06,2.109,0.2525,0.4721,0.4475,-46.47,-5.13,NO_EDGE,home,True,0.0291,2.91,0.0052,0.52,True,False
2024-04-21_Everton_Nottingham Forest_draw,2024-04-21,Everton vs Nottingham Forest,draw,3.74,3.52,3.668,0.2276,0.2678,0.2565,-14.88,-4.06,NO_EDGE,home,False,0.0625,6.25,0.0196,1.96,True,False
2024-04-21_Everton_Nottingham Forest_away,2024-04-21,Everton vs Nottingham Forest,away,3.85,3.78,3.948,0.5199,0.2601,0.2892,100.16,11.35,CALIBRATED_EV,home,False,0.0185,1.85,-0.0248,-2.48,True,True
2024-04-21_Aston Villa_Bournemouth_home,2024-04-21,Aston Villa vs Bournemouth,home,1.92,1.87,1.912,0.4316,0.5188,0.4944,-17.13,-5.07,NO_EDGE,home,True,0.0267,2.67,0.0042,0.42,True,False
2024-04-21_Aston Villa_Bournemouth_draw,2024-04-21,Aston Villa vs Bournemouth,draw,4.31,4.17,4.386,0.211,0.23,0.2228,-9.06,-3.96,NO_EDGE,home,False,0.0336,3.36,-0.0173,-1.73,True,False
2024-04-21_Aston Villa_Bournemouth_away,2024-04-21,Aston Villa vs Bournemouth,away,3.95,3.83,4.017,0.3575,0.2511,0.2809,41.21,10.96,CALIBRATED_EV,home,False,0.0313,3.13,-0.0167,-1.67,True,True
2024-04-21_Fulham_Liverpool_home,2024-04-21,Fulham vs Liverpool,home,5.55,5.14,5.502,0.2579,0.1809,0.1906,43.13,5.79,CALIBRATED_EV,away,False,0.0798,7.98,0.0087,0.87,True,True
2024-04-21_Fulham_Liverpool_draw,2024-04-21,Fulham vs Liverpool,draw,4.9,4.66,4.968,0.2149,0.2049,0.2087,5.3,2.24,MARGINAL_EV,away,False,0.0515,5.15,-0.0137,-1.37,True,False
2024-04-21_Fulham_Liverpool_away,2024-04-21,Fulham vs Liverpool,away,1.63,1.59,1.621,0.5272,0.6142,0.5898,-14.07,-3.85,NO_EDGE,away,True,0.0252,2.52,0.0056,0.56,True,False
2024-04-23_Arsenal_Chelsea_home,2024-04-23,Arsenal vs Chelsea,home,1.52,1.45,1.474,0.5753,0.6631,0.6385,-12.55,-2.94,NO_EDGE,home,True,0.0483,4.83,0.0312,3.12,True,False
2024-04-23_Arsenal_Chelsea_draw,2024-04-23,Arsenal vs Chelsea,draw,5.2,5.03,5.397,0.1835,0.1984,0.1928,-4.58,0.24,NO_EDGE,home,False,0.0338,3.38,-0.0365,-3.65,True,False
2024-04-23_Arsenal_Chelsea_away,2024-04-23,Arsenal vs Chelsea,away,7.5,6.76,7.346,0.2412,0.1385,0.1514,80.9,13.58,CALIBRATED_EV,home,False,0.1095,10.95,0.021,2.1,True,True
2024-04-24_Wolverhampton Wanderers_Bournemouth_home,2024-04-24,Wolverhampton Wanderers vs Bournemouth,home,2.81,2.74,2.826,0.448,0.3546,0.3808,25.89,7.0,CALIBRATED_EV,away,False,0.0255,2.55,-0.0057,-0.57,True,True
2024-04-24_Wolverhampton Wanderers_Bournemouth_draw,2024-04-24,Wolverhampton Wanderers vs Bournemouth,draw,3.8,3.53,3.669,0.2199,0.262,0.2502,-16.44,-4.92,NO_EDGE,away,False,0.0765,7.65,0.0357,3.57,True,False
2024-04-24_Wolverhampton Wanderers_Bournemouth_away,2024-04-24,Wolverhampton Wanderers vs Bournemouth,away,2.6,2.6,2.677,0.3321,0.3834,0.369,-13.65,-4.05,NO_EDGE,away,True,0.0,0.0,-0.0288,-2.88,False,False
2024-04-24_Crystal Palace_Newcastle United_home,2024-04-24,Crystal Palace vs Newcastle United,home,2.85,2.76,2.851,0.3426,0.3478,0.3458,-2.36,-1.43,NO_EDGE,home,True,0.0326,3.26,-0.0004,-0.04,True,False
2024-04-24_Crystal Palace_Newcastle United_draw,2024-04-24,Crystal Palace vs Newcastle United,draw,3.85,3.7,3.858,0.1883,0.2568,0.2376,-27.5,-8.51,NO_EDGE,home,False,0.0405,4.05,-0.0021,-0.21,True,False
2024-04-24_Crystal Palace_Newcastle United_away,2024-04-24,Crystal Palace vs Newcastle United,away,2.51,2.49,2.564,0.4691,0.3953,0.416,17.74,4.42,MARGINAL_EV,home,False,0.008,0.8,-0.0211,-2.11,True,False
2024-04-24_Everton_Liverpool_home,2024-04-24,Everton vs Liverpool,home,7.7,7.49,8.225,0.1223,0.1306,0.1292,-5.83,-0.54,NO_EDGE,home,True,0.028,2.8,-0.0638,-6.38,True,False
2024-04-24_Everton_Liverpool_draw,2024-04-24,Everton vs Liverpool,draw,5.33,5.0,5.389,0.1704,0.1885,0.1816,-9.18,-3.19,NO_EDGE,home,False,0.066,6.6,-0.0109,-1.09,True,False
2024-04-24_Everton_Liverpool_away,2024-04-24,Everton vs Liverpool,away,1.47,1.42,1.443,0.7073,0.681,0.6909,3.97,1.57,NO_EDGE,home,False,0.0352,3.52,0.0187,1.87,True,False
2024-04-24_Manchester United_Sheffield United_home,2024-04-24,Manchester United vs Sheffield United,home,1.35,1.32,1.339,0.6083,0.7408,0.7037,-17.88,-5.0,NO_EDGE,home,True,0.0227,2.27,0.0082,0.82,True,False
2024-04-24_Manchester United_Sheffield United_draw,2024-04-24,Manchester United vs Sheffield United,draw,6.5,6.28,6.906,0.1755,0.1539,0.1576,14.07,2.42,MARGINAL_EV,home,False,0.035,3.5,-0.0588,-5.88,True,False
2024-04-24_Manchester United_Sheffield United_away,2024-04-24,Manchester United vs Sheffield United,away,9.5,8.27,9.224,0.2162,0.1053,0.1193,105.39,13.32,FAKE_EV,home,False,0.1487,14.87,0.0299,2.99,True,False
2024-04-25_Brighton_Manchester City_home,2024-04-25,Brighton vs Manchester City,home,7.1,6.84,7.499,0.1906,0.1386,0.1452,35.33,3.06,MARGINAL_EV,away,False,0.038,3.8,-0.0532,-5.32,True,False
2024-04-25_Brighton_Manchester City_draw,2024-04-25,Brighton vs Manchester City,draw,5.25,4.9,5.287,0.2105,0.1879,0.1964,10.51,3.13,MARGINAL_EV,away,False,0.0714,7.14,-0.007,-0.7,True,False
2024-04-25_Brighton_Manchester City_away,2024-04-25,Brighton vs Manchester City,away,1.48,1.45,1.476,0.5989,0.6735,0.6526,-11.36,-3.41,NO_EDGE,away,True,0.0207,2.07,0.0027,0.27,True,False
2024-04-27_West Ham United_Liverpool_home,2024-04-27,West Ham United vs Liverpool,home,6.0,5.84,6.292,0.1906,0.1691,0.1728,14.36,3.66,MARGINAL_EV,draw,False,0.0274,2.74,-0.0464,-4.64,True,False
2024-04-27_West Ham United_Liverpool_draw,2024-04-27,West Ham United vs Liverpool,draw,5.18,5.03,5.385,0.1779,0.1956,0.1889,-7.85,-2.13,NO_EDGE,draw,True,0.0298,2.98,-0.0381,-3.81,True,False
2024-04-27_West Ham United_Liverpool_away,2024-04-27,West Ham United vs Liverpool,away,1.58,1.5,1.526,0.6315,0.6353,0.6338,-0.22,0.15,NO_EDGE,draw,False,0.0533,5.33,0.0354,3.54,True,False
2024-04-27_Fulham_Crystal Palace_home,2024-04-27,Fulham vs Crystal Palace,home,2.17,2.14,2.194,0.4425,0.4591,0.4528,-3.98,-1.74,NO_EDGE,draw,False,0.014,1.4,-0.0109,-1.09,True,False
2024-04-27_Fulham_Crystal Palace_draw,2024-04-27,Fulham vs Crystal Palace,draw,3.75,3.63,3.786,0.2229,0.2649,0.2531,-16.41,-5.07,NO_EDGE,draw,True,0.0331,3.31,-0.0095,-0.95,True,False
2024-04-27_Fulham_Crystal Palace_away,2024-04-27,Fulham vs Crystal Palace,away,3.6,3.43,3.571,0.3345,0.276,0.2924,20.42,5.26,CALIBRATED_EV,draw,False,0.0496,4.96,0.0081,0.81,True,True
2024-04-27_Manchester United_Burnley_home,2024-04-27,Manchester United vs Burnley,home,1.57,1.53,1.56,0.5327,0.6359,0.607,-16.37,-4.7,NO_EDGE,draw,False,0.0261,2.61,0.0064,0.64,True,False
2024-04-27_Manchester United_Burnley_draw,2024-04-27,Manchester United vs Burnley,draw,5.2,5.01,5.389,0.1977,0.1912,0.1937,2.8,0.7,NO_EDGE,draw,True,0.0379,3.79,-0.0351,-3.51,True,False
2024-04-27_Manchester United_Burnley_away,2024-04-27,Manchester United vs Burnley,away,5.75,5.35,5.771,0.2697,0.1729,0.185,55.08,6.4,CALIBRATED_EV,draw,False,0.0748,7.48,-0.0036,-0.36,True,True
2024-04-27_Newcastle United_Sheffield United_home,2024-04-27,Newcastle United vs Sheffield United,home,1.25,1.24,1.257,0.594,0.7974,0.7747,-25.75,-3.17,NO_EDGE,home,True,0.0081,0.81,-0.0056,-0.56,True,False
2024-04-27_Newcastle United_Sheffield United_draw,2024-04-27,Newcastle United vs Sheffield United,draw,7.6,7.18,8.149,0.1741,0.1278,0.1336,32.32,1.57,MARGINAL_EV,home,False,0.0585,5.85,-0.0674,-6.74,True,False
2024-04-27_Newcastle United_Sheffield United_away,2024-04-27,Newcastle United vs Sheffield United,away,12.9,10.5,12.212,0.2319,0.0747,0.0873,199.15,12.62,FAKE_EV,home,False,0.2286,22.86,0.0563,5.63,True,False
2024-04-27_Wolverhampton Wanderers_Luton Town_home,2024-04-27,Wolverhampton Wanderers vs Luton Town,home,2.04,1.98,2.027,0.4666,0.4892,0.4807,-4.81,-1.94,NO_EDGE,home,True,0.0303,3.03,0.0064,0.64,True,False
2024-04-27_Wolverhampton Wanderers_Luton Town_draw,2024-04-27,Wolverhampton Wanderers vs Luton Town,draw,4.03,3.9,4.087,0.2135,0.2472,0.2378,-13.96,-4.18,NO_EDGE,home,False,0.0333,3.33,-0.0139,-1.39,True,False
2024-04-27_Wolverhampton Wanderers_Luton Town_away,2024-04-27,Wolverhampton Wanderers vs Luton Town,away,3.78,3.65,3.817,0.3199,0.2636,0.2793,20.92,5.59,CALIBRATED_EV,home,False,0.0356,3.56,-0.0097,-0.97,True,True
2024-04-27_Everton_Brentford_home,2024-04-27,Everton vs Brentford,home,2.45,2.34,2.403,0.3109,0.4084,0.3811,-23.83,-6.64,NO_EDGE,home,True,0.047,4.7,0.0196,1.96,True,False
2024-04-27_Everton_Brentford_draw,2024-04-27,Everton vs Brentford,draw,3.68,3.54,3.683,0.2362,0.2719,0.2619,-13.08,-3.61,NO_EDGE,home,False,0.0395,3.95,-0.0008,-0.08,True,False
2024-04-27_Everton_Brentford_away,2024-04-27,Everton vs Brentford,away,3.13,3.09,3.201,0.4529,0.3197,0.357,41.76,11.74,CALIBRATED_EV,home,False,0.0129,1.29,-0.0222,-2.22,True,True
2024-04-27_Aston Villa_Chelsea_home,2024-04-27,Aston Villa vs Chelsea,home,2.25,2.14,2.194,0.4296,0.4445,0.4389,-3.34,-1.26,NO_EDGE,draw,False,0.0514,5.14,0.0255,2.55,True,False
2024-04-27_Aston Villa_Chelsea_draw,2024-04-27,Aston Villa vs Chelsea,draw,4.1,4.04,4.229,0.1991,0.2439,0.2314,-18.37,-5.13,NO_EDGE,draw,True,0.0149,1.49,-0.0305,-3.05,True,False
2024-04-27_Aston Villa_Chelsea_away,2024-04-27,Aston Villa vs Chelsea,away,3.21,3.13,3.249,0.3713,0.3116,0.3283,19.19,5.38,CALIBRATED_EV,draw,False,0.0256,2.56,-0.012,-1.2,True,True
2024-04-28_Bournemouth_Brighton_home,2024-04-28,Bournemouth vs Brighton,home,2.32,2.27,2.332,0.386,0.4282,0.4164,-10.45,-3.39,NO_EDGE,home,True,0.022,2.2,-0.0051,-0.51,True,False
2024-04-28_Bournemouth_Brighton_draw,2024-04-28,Bournemouth vs Brighton,draw,4.01,3.85,4.024,0.2462,0.2467,0.2465,-1.27,-1.15,NO_EDGE,home,False,0.0416,4.16,-0.0035,-0.35,True,False
2024-04-28_Bournemouth_Brighton_away,2024-04-28,Bournemouth vs Brighton,away,3.05,2.99,3.099,0.3678,0.3251,0.337,12.18,2.79,MARGINAL_EV,home,False,0.0201,2.01,-0.0158,-1.58,True,False
2024-04-28_Tottenham_Arsenal_home,2024-04-28,Tottenham vs Arsenal,home,4.3,4.19,4.419,0.1858,0.2311,0.2184,-20.11,-6.08,NO_EDGE,away,False,0.0263,2.63,-0.0269,-2.69,True,False
2024-04-28_Tottenham_Arsenal_draw,2024-04-28,Tottenham vs Arsenal,draw,4.27,4.07,4.288,0.183,0.2327,0.2188,-21.86,-6.57,NO_EDGE,away,False,0.0491,4.91,-0.0042,-0.42,True,False
2024-04-28_Tottenham_Arsenal_away,2024-04-28,Tottenham vs Arsenal,away,1.86,1.81,1.85,0.6313,0.5362,0.5628,17.42,4.68,MARGINAL_EV,away,True,0.0276,2.76,0.0054,0.54,True,False
2024-04-28_Nottingham Forest_Manchester City_home,2024-04-28,Nottingham Forest vs Manchester City,home,11.0,10.15,11.488,0.1679,0.0961,0.1052,84.69,15.69,CALIBRATED_EV,away,False,0.0837,8.37,-0.0425,-4.25,True,True
2024-04-28_Nottingham Forest_Manchester City_draw,2024-04-28,Nottingham Forest vs Manchester City,draw,6.0,5.89,6.475,0.1947,0.1738,0.1773,16.82,6.4,CALIBRATED_EV,away,False,0.0187,1.87,-0.0734,-7.34,True,True
2024-04-28_Nottingham Forest_Manchester City_away,2024-04-28,Nottingham Forest vs Manchester City,away,1.38,1.3,1.318,0.6374,0.7301,0.7041,-12.04,-2.83,NO_EDGE,away,True,0.0615,6.15,0.047,4.7,True,False
2024-05-02_Chelsea_Tottenham_home,2024-05-02,Chelsea vs Tottenham,home,2.25,2.22,2.278,0.4103,0.4439,0.4345,-7.68,-2.24,NO_EDGE,home,True,0.0135,1.35,-0.0123,-1.23,True,False
2024-05-02_Chelsea_Tottenham_draw,2024-05-02,Chelsea vs Tottenham,draw,4.36,4.15,4.345,0.1959,0.2288,0.2196,-14.59,-4.25,NO_EDGE,home,False,0.0506,5.06,0.0035,0.35,True,False
2024-05-02_Chelsea_Tottenham_away,2024-05-02,Chelsea vs Tottenham,away,3.05,2.92,3.023,0.3938,0.3273,0.3459,20.11,5.5,CALIBRATED_EV,home,False,0.0445,4.45,0.0089,0.89,True,True
2024-05-03_Luton Town_Everton_home,2024-05-03,Luton Town vs Everton,home,2.74,2.71,2.795,0.3273,0.3643,0.3539,-10.32,-3.02,NO_EDGE,draw,False,0.0111,1.11,-0.0197,-1.97,True,False
2024-05-03_Luton Town_Everton_draw,2024-05-03,Luton Town vs Everton,draw,3.75,3.52,3.66,0.2254,0.266,0.2546,-15.48,-4.51,NO_EDGE,draw,True,0.0653,6.53,0.0246,2.46,True,False
2024-05-03_Luton Town_Everton_away,2024-05-03,Luton Town vs Everton,away,2.7,2.63,2.71,0.4473,0.3697,0.3914,20.77,5.68,CALIBRATED_EV,draw,False,0.0266,2.66,-0.0037,-0.37,True,True
2024-05-04_Brentford_Fulham_home,2024-05-04,Brentford vs Fulham,home,2.17,2.13,2.185,0.3287,0.4563,0.4206,-28.67,-8.73,NO_EDGE,draw,False,0.0188,1.88,-0.0069,-0.69,True,False
2024-05-04_Brentford_Fulham_draw,2024-05-04,Brentford vs Fulham,draw,3.95,3.85,4.027,0.23,0.2488,0.2417,-9.15,-4.53,NO_EDGE,draw,True,0.026,2.6,-0.0191,-1.91,True,False
2024-05-04_Brentford_Fulham_away,2024-05-04,Brentford vs Fulham,away,3.34,3.27,3.402,0.4412,0.2949,0.3113,47.36,3.96,MARGINAL_EV,draw,False,0.0214,2.14,-0.0182,-1.82,True,False
2024-05-04_Sheffield United_Nottingham Forest_home,2024-05-04,Sheffield United vs Nottingham Forest,home,5.1,4.57,4.834,0.2601,0.1967,0.2145,32.65,9.37,CALIBRATED_EV,away,False,0.116,11.6,0.055,5.5,True,True
2024-05-04_Sheffield United_Nottingham Forest_draw,2024-05-04,Sheffield United vs Nottingham Forest,draw,4.4,4.31,4.549,0.1955,0.2279,0.2189,-13.98,-3.7,NO_EDGE,away,False,0.0209,2.09,-0.0328,-3.28,True,False
2024-05-04_Sheffield United_Nottingham Forest_away,2024-05-04,Sheffield United vs Nottingham Forest,away,1.74,1.71,1.744,0.5444,0.5753,0.5667,-5.27,-1.4,NO_EDGE,away,True,0.0175,1.75,-0.0023,-0.23,True,False
2024-05-04_Arsenal_Bournemouth_home,2024-05-04,Arsenal vs Bournemouth,home,1.23,1.2,1.216,0.6739,0.8112,0.7728,-17.11,-4.95,NO_EDGE,home,True,0.025,2.5,0.0115,1.15,True,False
2024-05-04_Arsenal_Bournemouth_draw,2024-05-04,Arsenal vs Bournemouth,draw,8.2,7.76,8.994,0.1756,0.1193,0.1264,43.99,3.63,MARGINAL_EV,home,False,0.0567,5.67,-0.0883,-8.83,True,False
2024-05-04_Arsenal_Bournemouth_away,2024-05-04,Arsenal vs Bournemouth,away,14.0,12.56,15.072,0.1506,0.0695,0.0797,110.84,11.57,FAKE_EV,home,False,0.1146,11.46,-0.0711,-7.11,True,False
2024-05-04_Manchester City_Wolverhampton Wanderers_home,2024-05-04,Manchester City vs Wolverhampton Wanderers,home,1.12,1.09,1.098,0.6451,0.894,0.8661,-27.75,-3.0,NO_EDGE,home,True,0.0275,2.75,0.02,2.0,True,False
2024-05-04_Manchester City_Wolverhampton Wanderers_draw,2024-05-04,Manchester City vs Wolverhampton Wanderers,draw,14.0,13.16,16.559,0.1954,0.0736,0.0889,173.56,24.46,FAKE_EV,home,False,0.0638,6.38,-0.1545,-15.45,True,False
2024-05-04_Manchester City_Wolverhampton Wanderers_away,2024-05-04,Manchester City vs Wolverhampton Wanderers,away,32.0,25.65,34.247,0.1594,0.0325,0.0485,410.08,55.07,FAKE_EV,home,False,0.2476,24.76,-0.0656,-6.56,True,False
2024-05-04_Burnley_Newcastle United_home,2024-05-04,Burnley vs Newcastle United,home,3.5,3.37,3.506,0.271,0.2826,0.2782,-5.15,-2.63,NO_EDGE,away,False,0.0386,3.86,-0.0017,-0.17,True,False
2024-05-04_Burnley_Newcastle United_draw,2024-05-04,Burnley vs Newcastle United,draw,4.16,4.05,4.239,0.189,0.2374,0.2238,-21.38,-6.88,NO_EDGE,away,False,0.0272,2.72,-0.0186,-1.86,True,False
2024-05-04_Burnley_Newcastle United_away,2024-05-04,Burnley vs Newcastle United,away,2.07,2.04,2.088,0.54,0.48,0.4968,11.78,2.84,MARGINAL_EV,away,True,0.0147,1.47,-0.0086,-0.86,True,False
2024-05-05_Brighton_Aston Villa_home,2024-05-05,Brighton vs Aston Villa,home,2.78,2.75,2.837,0.2657,0.3576,0.3318,-26.14,-7.75,NO_EDGE,home,True,0.0109,1.09,-0.0201,-2.01,True,False
2024-05-05_Brighton_Aston Villa_draw,2024-05-05,Brighton vs Aston Villa,draw,4.03,3.76,3.916,0.2142,0.2461,0.2372,-13.68,-4.41,NO_EDGE,home,False,0.0718,7.18,0.0291,2.91,True,False
2024-05-05_Brighton_Aston Villa_away,2024-05-05,Brighton vs Aston Villa,away,2.51,2.48,2.55,0.52,0.3963,0.4309,30.52,8.16,CALIBRATED_EV,home,False,0.0121,1.21,-0.0157,-1.57,True,True
2024-05-05_Chelsea_West Ham United_home,2024-05-05,Chelsea vs West Ham United,home,1.7,1.66,1.693,0.5246,0.5886,0.5707,-10.82,-2.98,NO_EDGE,home,True,0.0241,2.41,0.0041,0.41,True,False
2024-05-05_Chelsea_West Ham United_draw,2024-05-05,Chelsea vs West Ham United,draw,4.75,4.62,4.903,0.1831,0.2109,0.2004,-13.03,-4.8,NO_EDGE,home,False,0.0281,2.81,-0.0312,-3.12,True,False
2024-05-05_Chelsea_West Ham United_away,2024-05-05,Chelsea vs West Ham United,away,5.0,4.59,4.87,0.2923,0.2004,0.2261,46.15,13.07,CALIBRATED_EV,home,False,0.0893,8.93,0.0267,2.67,True,True
2024-05-05_Liverpool_Tottenham_home,2024-05-05,Liverpool vs Tottenham,home,1.54,1.48,1.507,0.5106,0.6525,0.6366,-21.37,-1.96,NO_EDGE,home,True,0.0405,4.05,0.0219,2.19,True,False
2024-05-05_Liverpool_Tottenham_draw,2024-05-05,Liverpool vs Tottenham,draw,5.75,5.3,5.716,0.2006,0.1774,0.1813,15.35,4.27,MARGINAL_EV,home,False,0.0849,8.49,0.0059,0.59,True,False
2024-05-05_Liverpool_Tottenham_away,2024-05-05,Liverpool vs Tottenham,away,6.0,5.73,6.201,0.2888,0.1701,0.185,73.28,11.02,CALIBRATED_EV,home,False,0.0471,4.71,-0.0324,-3.24,True,True
2024-05-06_Crystal Palace_Manchester United_home,2024-05-06,Crystal Palace vs Manchester United,home,2.42,2.39,2.458,0.3178,0.4099,0.3841,-23.09,-7.05,NO_EDGE,home,True,0.0126,1.26,-0.0155,-1.55,True,False
2024-05-06_Crystal Palace_Manchester United_draw,2024-05-06,Crystal Palace vs Manchester United,draw,3.99,3.81,3.977,0.1963,0.2475,0.2331,-21.68,-6.98,NO_EDGE,home,False,0.0472,4.72,0.0033,0.33,True,False
2024-05-06_Crystal Palace_Manchester United_away,2024-05-06,Crystal Palace vs Manchester United,away,2.89,2.83,2.926,0.4859,0.3427,0.3587,40.43,3.66,MARGINAL_EV,home,False,0.0212,2.12,-0.0123,-1.23,True,False
2024-05-11_Bournemouth_Brentford_home,2024-05-11,Bournemouth vs Brentford,home,2.02,1.96,2.007,0.413,0.4941,0.4714,-16.57,-4.78,NO_EDGE,away,False,0.0306,3.06,0.0065,0.65,True,False
2024-05-11_Bournemouth_Brentford_draw,2024-05-11,Bournemouth vs Brentford,draw,4.21,4.07,4.276,0.2264,0.2366,0.2327,-4.69,-2.02,NO_EDGE,away,False,0.0344,3.44,-0.0154,-1.54,True,False
2024-05-11_Bournemouth_Brentford_away,2024-05-11,Bournemouth vs Brentford,away,3.7,3.57,3.733,0.3606,0.2693,0.2949,33.42,9.1,CALIBRATED_EV,away,True,0.0364,3.64,-0.0088,-0.88,True,True
2024-05-11_Everton_Sheffield United_home,2024-05-11,Everton vs Sheffield United,home,1.44,1.4,1.422,0.6029,0.6941,0.6685,-13.18,-3.73,NO_EDGE,home,True,0.0286,2.86,0.0127,1.27,True,False
2024-05-11_Everton_Sheffield United_draw,2024-05-11,Everton vs Sheffield United,draw,5.5,5.3,5.724,0.1857,0.1813,0.1821,2.13,0.14,NO_EDGE,home,False,0.0377,3.77,-0.0391,-3.91,True,False
2024-05-11_Everton_Sheffield United_away,2024-05-11,Everton vs Sheffield United,away,8.0,7.47,8.196,0.2114,0.1246,0.1355,69.12,8.43,CALIBRATED_EV,home,False,0.071,7.1,-0.0239,-2.39,True,True
2024-05-11_Fulham_Manchester City_home,2024-05-11,Fulham vs Manchester City,home,14.0,12.95,15.775,0.1896,0.0719,0.0867,165.44,21.42,FAKE_EV,away,False,0.0811,8.11,-0.1125,-11.25,True,False
2024-05-11_Fulham_Manchester City_draw,2024-05-11,Fulham vs Manchester City,draw,7.5,7.04,8.183,0.1971,0.134,0.1419,47.83,6.46,CALIBRATED_EV,away,False,0.0653,6.53,-0.0835,-8.35,True,True
2024-05-11_Fulham_Manchester City_away,2024-05-11,Fulham vs Manchester City,away,1.26,1.21,1.228,0.6133,0.7941,0.7739,-22.72,-2.49,NO_EDGE,away,True,0.0413,4.13,0.0261,2.61,True,False
2024-05-11_Newcastle United_Brighton_home,2024-05-11,Newcastle United vs Brighton,home,1.63,1.59,1.621,0.5845,0.6092,0.5999,-4.73,-2.22,NO_EDGE,draw,False,0.0252,2.52,0.0056,0.56,True,False
2024-05-11_Newcastle United_Brighton_draw,2024-05-11,Newcastle United vs Brighton,draw,5.0,4.93,5.27,0.1835,0.1954,0.1909,-8.25,-4.54,NO_EDGE,draw,True,0.0142,1.42,-0.0512,-5.12,True,False
2024-05-11_Newcastle United_Brighton_away,2024-05-11,Newcastle United vs Brighton,away,5.0,4.84,5.17,0.232,0.1954,0.2057,16.0,2.83,MARGINAL_EV,draw,False,0.0331,3.31,-0.0329,-3.29,True,False
2024-05-11_Tottenham_Burnley_home,2024-05-11,Tottenham vs Burnley,home,1.39,1.35,1.372,0.5009,0.718,0.6937,-30.37,-3.58,NO_EDGE,home,True,0.0296,2.96,0.0131,1.31,True,False
2024-05-11_Tottenham_Burnley_draw,2024-05-11,Tottenham vs Burnley,draw,6.3,6.16,6.788,0.197,0.157,0.162,24.11,2.07,MARGINAL_EV,home,False,0.0227,2.27,-0.0719,-7.19,True,False
2024-05-11_Tottenham_Burnley_away,2024-05-11,Tottenham vs Burnley,away,7.9,7.27,8.083,0.3022,0.125,0.1392,138.74,9.96,FAKE_EV,home,False,0.0867,8.67,-0.0226,-2.26,True,False
2024-05-11_West Ham United_Luton Town_home,2024-05-11,West Ham United vs Luton Town,home,1.86,1.82,1.858,0.4211,0.5368,0.5044,-21.68,-6.18,NO_EDGE,home,True,0.022,2.2,0.0011,0.11,True,False
2024-05-11_West Ham United_Luton Town_draw,2024-05-11,West Ham United vs Luton Town,draw,4.6,4.53,4.776,0.1862,0.2165,0.2081,-14.35,-4.3,NO_EDGE,home,False,0.0155,1.55,-0.0369,-3.69,True,False
2024-05-11_West Ham United_Luton Town_away,2024-05-11,West Ham United vs Luton Town,away,4.04,3.78,3.96,0.3927,0.2467,0.263,58.65,6.26,CALIBRATED_EV,home,False,0.0688,6.88,0.0202,2.02,True,True
2024-05-11_Wolverhampton Wanderers_Crystal Palace_home,2024-05-11,Wolverhampton Wanderers vs Crystal Palace,home,3.0,2.9,2.996,0.2759,0.3317,0.3161,-17.23,-5.17,NO_EDGE,away,False,0.0345,3.45,0.0013,0.13,True,False
2024-05-11_Wolverhampton Wanderers_Crystal Palace_draw,2024-05-11,Wolverhampton Wanderers vs Crystal Palace,draw,3.6,3.49,3.626,0.2034,0.2762,0.2558,-26.78,-7.9,NO_EDGE,away,False,0.0315,3.15,-0.0072,-0.72,True,False
2024-05-11_Wolverhampton Wanderers_Crystal Palace_away,2024-05-11,Wolverhampton Wanderers vs Crystal Palace,away,2.54,2.49,2.561,0.5207,0.3921,0.4281,32.26,8.73,CALIBRATED_EV,away,True,0.0201,2.01,-0.0082,-0.82,True,True
2024-05-11_Nottingham Forest_Chelsea_home,2024-05-11,Nottingham Forest vs Chelsea,home,3.6,3.44,3.588,0.2896,0.2791,0.2831,4.26,1.91,NO_EDGE,away,False,0.0465,4.65,0.0033,0.33,True,False
2024-05-11_Nottingham Forest_Chelsea_draw,2024-05-11,Nottingham Forest vs Chelsea,draw,4.21,3.93,4.118,0.1915,0.2388,0.2256,-19.38,-5.04,NO_EDGE,away,False,0.0712,7.12,0.0223,2.23,True,False
2024-05-11_Nottingham Forest_Chelsea_away,2024-05-11,Nottingham Forest vs Chelsea,away,2.08,2.04,2.09,0.519,0.4821,0.4924,7.95,2.42,MARGINAL_EV,away,True,0.0196,1.96,-0.0048,-0.48,True,False
2024-05-12_Manchester United_Arsenal_home,2024-05-12,Manchester United vs Arsenal,home,7.5,7.2,7.954,0.1513,0.1317,0.135,13.47,1.27,MARGINAL_EV,away,False,0.0417,4.17,-0.0571,-5.71,True,False
2024-05-12_Manchester United_Arsenal_draw,2024-05-12,Manchester United vs Arsenal,draw,5.8,5.68,6.2,0.1513,0.1706,0.1673,-12.25,-2.98,NO_EDGE,away,False,0.0211,2.11,-0.0645,-6.45,True,False
2024-05-12_Manchester United_Arsenal_away,2024-05-12,Manchester United vs Arsenal,away,1.43,1.38,1.403,0.6974,0.6978,0.6976,-0.27,-0.24,NO_EDGE,away,True,0.0362,3.62,0.0192,1.92,True,False
2024-05-13_Aston Villa_Liverpool_home,2024-05-13,Aston Villa vs Liverpool,home,4.4,4.16,4.4,0.3215,0.2263,0.253,41.46,11.31,CALIBRATED_EV,draw,False,0.0577,5.77,0.0,0.0,True,True
2024-05-13_Aston Villa_Liverpool_draw,2024-05-13,Aston Villa vs Liverpool,draw,4.75,4.7,4.996,0.1919,0.2096,0.2029,-8.85,-3.61,NO_EDGE,draw,True,0.0106,1.06,-0.0492,-4.92,True,False
2024-05-13_Aston Villa_Liverpool_away,2024-05-13,Aston Villa vs Liverpool,away,1.77,1.71,1.747,0.4866,0.5641,0.5424,-13.87,-4.0,NO_EDGE,draw,False,0.0351,3.51,0.0132,1.32,True,False
2024-05-14_Tottenham_Manchester City_home,2024-05-14,Tottenham vs Manchester City,home,7.5,7.15,7.798,0.162,0.1345,0.1392,21.5,4.41,MARGINAL_EV,away,False,0.049,4.9,-0.0382,-3.82,True,False
2024-05-14_Tottenham_Manchester City_draw,2024-05-14,Tottenham vs Manchester City,draw,6.5,6.3,6.832,0.1653,0.1551,0.1569,7.45,1.97,MARGINAL_EV,away,False,0.0317,3.17,-0.0486,-4.86,True,False
2024-05-14_Tottenham_Manchester City_away,2024-05-14,Tottenham vs Manchester City,away,1.41,1.36,1.379,0.6727,0.7103,0.6998,-5.15,-1.33,NO_EDGE,away,True,0.0368,3.68,0.0225,2.25,True,False
2024-05-15_Brighton_Chelsea_home,2024-05-15,Brighton vs Chelsea,home,3.52,3.42,3.563,0.2642,0.2809,0.2746,-7.0,-3.35,NO_EDGE,away,False,0.0292,2.92,-0.0121,-1.21,True,False
2024-05-15_Brighton_Chelsea_draw,2024-05-15,Brighton vs Chelsea,draw,4.21,3.97,4.156,0.184,0.2345,0.2203,-22.54,-7.24,NO_EDGE,away,False,0.0605,6.05,0.013,1.3,True,False
2024-05-15_Brighton_Chelsea_away,2024-05-15,Brighton vs Chelsea,away,2.05,2.04,2.089,0.5519,0.4847,0.5035,13.14,3.21,MARGINAL_EV,away,True,0.0049,0.49,-0.0187,-1.87,True,False
2024-05-15_Manchester United_Newcastle United_home,2024-05-15,Manchester United vs Newcastle United,home,2.85,2.75,2.838,0.3106,0.3501,0.339,-11.48,-3.38,NO_EDGE,home,True,0.0364,3.64,0.0042,0.42,True,False
2024-05-15_Manchester United_Newcastle United_draw,2024-05-15,Manchester United vs Newcastle United,draw,4.26,4.07,4.252,0.1758,0.234,0.2177,-25.11,-7.25,NO_EDGE,home,False,0.0467,4.67,0.0019,0.19,True,False
2024-05-15_Manchester United_Newcastle United_away,2024-05-15,Manchester United vs Newcastle United,away,2.4,2.36,2.424,0.5136,0.4159,0.4432,23.26,6.38,CALIBRATED_EV,home,False,0.0169,1.69,-0.0099,-0.99,True,True
2024-05-19_Arsenal_Everton_home,2024-05-19,Arsenal vs Everton,home,1.19,1.17,1.183,0.7857,0.8373,0.8228,-6.5,-2.08,NO_EDGE,home,True,0.0171,1.71,0.0059,0.59,True,False
2024-05-19_Arsenal_Everton_draw,2024-05-19,Arsenal vs Everton,draw,8.9,8.37,9.763,0.1398,0.1073,0.1114,24.42,-0.85,FAKE_EV,home,False,0.0633,6.33,-0.0884,-8.84,True,False
2024-05-19_Arsenal_Everton_away,2024-05-19,Arsenal vs Everton,away,17.0,15.6,19.037,0.0745,0.0554,0.0587,26.65,-0.26,FAKE_EV,home,False,0.0897,8.97,-0.107,-10.7,True,False
2024-05-19_Brentford_Newcastle United_home,2024-05-19,Brentford vs Newcastle United,home,3.04,2.97,3.093,0.3147,0.327,0.3224,-4.33,-2.0,NO_EDGE,away,False,0.0236,2.36,-0.0171,-1.71,True,False
2024-05-19_Brentford_Newcastle United_draw,2024-05-19,Brentford vs Newcastle United,draw,4.2,4.0,4.212,0.187,0.2363,0.2225,-21.46,-6.55,NO_EDGE,away,False,0.05,5.0,-0.0028,-0.28,True,False
2024-05-19_Brentford_Newcastle United_away,2024-05-19,Brentford vs Newcastle United,away,2.28,2.21,2.276,0.4983,0.4367,0.4539,13.61,3.5,MARGINAL_EV,away,True,0.0317,3.17,0.0018,0.18,True,False
2024-05-19_Brighton_Manchester United_home,2024-05-19,Brighton vs Manchester United,home,2.24,2.18,2.244,0.3244,0.4435,0.4102,-27.33,-8.12,NO_EDGE,away,False,0.0275,2.75,-0.0018,-0.18,True,False
2024-05-19_Brighton_Manchester United_draw,2024-05-19,Brighton vs Manchester United,draw,4.37,4.09,4.309,0.2085,0.2261,0.2195,-8.89,-4.1,NO_EDGE,away,False,0.0685,6.85,0.0142,1.42,True,False
2024-05-19_Brighton_Manchester United_away,2024-05-19,Brighton vs Manchester United,away,3.0,2.98,3.103,0.4671,0.3304,0.3686,40.13,10.59,CALIBRATED_EV,away,True,0.0067,0.67,-0.0332,-3.32,True,True
2024-05-19_Burnley_Nottingham Forest_home,2024-05-19,Burnley vs Nottingham Forest,home,3.0,2.92,3.039,0.3297,0.3294,0.3295,-1.09,-1.15,NO_EDGE,away,False,0.0274,2.74,-0.0128,-1.28,True,False
2024-05-19_Burnley_Nottingham Forest_draw,2024-05-19,Burnley vs Nottingham Forest,draw,3.9,3.76,3.95,0.2057,0.2526,0.2395,-19.78,-6.6,NO_EDGE,away,False,0.0372,3.72,-0.0127,-1.27,True,False
2024-05-19_Burnley_Nottingham Forest_away,2024-05-19,Burnley vs Nottingham Forest,away,2.37,2.32,2.394,0.4646,0.418,0.431,10.11,2.16,MARGINAL_EV,away,True,0.0216,2.16,-0.01,-1.0,True,False
2024-05-19_Chelsea_Bournemouth_home,2024-05-19,Chelsea vs Bournemouth,home,1.49,1.45,1.478,0.533,0.6715,0.6327,-20.58,-5.73,NO_EDGE,home,True,0.0276,2.76,0.0081,0.81,True,False
2024-05-19_Chelsea_Bournemouth_draw,2024-05-19,Chelsea vs Bournemouth,draw,5.75,5.4,5.893,0.1723,0.1743,0.174,-0.93,0.03,NO_EDGE,home,False,0.0648,6.48,-0.0243,-2.43,True,False
2024-05-19_Chelsea_Bournemouth_away,2024-05-19,Chelsea vs Bournemouth,away,6.5,5.93,6.502,0.2947,0.1542,0.1655,91.56,7.54,FAKE_EV,home,False,0.0961,9.61,-0.0003,-0.03,True,False
2024-05-19_Crystal Palace_Aston Villa_home,2024-05-19,Crystal Palace vs Aston Villa,home,1.93,1.83,1.878,0.398,0.5179,0.4843,-23.19,-6.53,NO_EDGE,home,True,0.0546,5.46,0.0277,2.77,True,False
2024-05-19_Crystal Palace_Aston Villa_draw,2024-05-19,Crystal Palace vs Aston Villa,draw,4.5,4.37,4.655,0.1865,0.222,0.212,-16.07,-4.58,NO_EDGE,home,False,0.0297,2.97,-0.0333,-3.33,True,False
2024-05-19_Crystal Palace_Aston Villa_away,2024-05-19,Crystal Palace vs Aston Villa,away,3.84,3.74,3.957,0.4154,0.2601,0.2775,59.51,6.58,CALIBRATED_EV,home,False,0.0267,2.67,-0.0296,-2.96,True,True
2024-05-19_Liverpool_Wolverhampton Wanderers_home,2024-05-19,Liverpool vs Wolverhampton Wanderers,home,1.18,1.16,1.175,0.6201,0.8458,0.8205,-26.83,-3.18,NO_EDGE,home,True,0.0172,1.72,0.0043,0.43,True,False
2024-05-19_Liverpool_Wolverhampton Wanderers_draw,2024-05-19,Liverpool vs Wolverhampton Wanderers,draw,10.0,9.27,11.182,0.1738,0.0973,0.107,73.8,6.95,CALIBRATED_EV,home,False,0.0787,7.87,-0.1057,-10.57,True,True
2024-05-19_Liverpool_Wolverhampton Wanderers_away,2024-05-19,Liverpool vs Wolverhampton Wanderers,away,17.0,13.56,16.889,0.2061,0.0569,0.0688,250.37,17.01,FAKE_EV,home,False,0.2537,25.37,0.0066,0.66,True,False
2024-05-19_Luton Town_Fulham_home,2024-05-19,Luton Town vs Fulham,home,3.0,2.93,3.048,0.2153,0.334,0.3008,-35.41,-9.77,NO_EDGE,away,False,0.0239,2.39,-0.0157,-1.57,True,False
2024-05-19_Luton Town_Fulham_draw,2024-05-19,Luton Town vs Fulham,draw,4.35,3.92,4.122,0.1692,0.2305,0.2134,-26.4,-7.19,NO_EDGE,away,False,0.1097,10.97,0.0553,5.53,True,False
2024-05-19_Luton Town_Fulham_away,2024-05-19,Luton Town vs Fulham,away,2.3,2.26,2.329,0.6156,0.4355,0.4556,41.59,4.8,MARGINAL_EV,away,True,0.0177,1.77,-0.0125,-1.25,True,False
2024-05-19_Manchester City_West Ham United_home,2024-05-19,Manchester City vs West Ham United,home,1.11,1.09,1.101,0.8149,0.898,0.8747,-9.55,-2.91,NO_EDGE,home,True,0.0183,1.83,0.0082,0.82,True,False
2024-05-19_Manchester City_West Ham United_draw,2024-05-19,Manchester City vs West Ham United,draw,14.0,13.11,17.596,0.1073,0.0658,0.071,50.22,-0.54,FAKE_EV,home,False,0.0679,6.79,-0.2044,-20.44,True,False
2024-05-19_Manchester City_West Ham United_away,2024-05-19,Manchester City vs West Ham United,away,25.0,20.39,28.785,0.0778,0.0362,0.0414,94.5,3.6,FAKE_EV,home,False,0.2261,22.61,-0.1315,-13.15,True,False
2024-05-19_Sheffield United_Tottenham_home,2024-05-19,Sheffield United vs Tottenham,home,7.9,7.16,8.086,0.1875,0.1253,0.1332,48.13,5.21,CALIBRATED_EV,away,False,0.1034,10.34,-0.023,-2.3,True,True
2024-05-19_Sheffield United_Tottenham_draw,2024-05-19,Sheffield United vs Tottenham,draw,6.34,6.0,6.702,0.1461,0.1563,0.1546,-7.37,-1.98,NO_EDGE,away,False,0.0567,5.67,-0.054,-5.4,True,False
2024-05-19_Sheffield United_Tottenham_away,2024-05-19,Sheffield United vs Tottenham,away,1.39,1.35,1.375,0.6663,0.7183,0.7037,-7.38,-2.18,NO_EDGE,away,True,0.0296,2.96,0.0109,1.09,True,False
2024-08-16_Manchester United_Fulham_home,2024-08-16,Manchester United vs Fulham,home,1.68,1.63,1.656,0.3815,0.5955,0.5715,-35.91,-3.99,NO_EDGE,home,True,0.0307,3.07,0.0145,1.45,True,False
2024-08-16_Manchester United_Fulham_draw,2024-08-16,Manchester United vs Fulham,draw,4.5,4.38,4.597,0.1938,0.2225,0.2116,-12.79,-4.76,NO_EDGE,home,False,0.0274,2.74,-0.0211,-2.11,True,False
2024-08-16_Manchester United_Fulham_away,2024-08-16,Manchester United vs Fulham,away,5.5,5.3,5.597,0.4247,0.182,0.2015,133.59,10.8,FAKE_EV,home,False,0.0377,3.77,-0.0173,-1.73,True,False
2024-08-17_Everton_Brighton_home,2024-08-17,Everton vs Brighton,home,2.76,2.73,2.815,0.421,0.3639,0.3799,16.2,4.85,MARGINAL_EV,away,False,0.011,1.1,-0.0195,-1.95,True,False
2024-08-17_Everton_Brighton_draw,2024-08-17,Everton vs Brighton,draw,3.66,3.36,3.487,0.2547,0.2748,0.2672,-6.78,-2.21,NO_EDGE,away,False,0.0893,8.93,0.0496,4.96,True,False
2024-08-17_Everton_Brighton_away,2024-08-17,Everton vs Brighton,away,2.78,2.71,2.794,0.3243,0.3613,0.3509,-9.84,-2.44,NO_EDGE,away,True,0.0258,2.58,-0.005,-0.5,True,False
2024-08-17_Ipswich Town_Liverpool_home,2024-08-17,Ipswich Town vs Liverpool,home,9.0,8.18,9.147,0.2653,0.1095,0.122,138.77,9.8,FAKE_EV,away,False,0.1002,10.02,-0.0161,-1.61,True,False
2024-08-17_Ipswich Town_Liverpool_draw,2024-08-17,Ipswich Town vs Liverpool,draw,6.1,5.84,6.414,0.191,0.162,0.1669,16.51,1.84,MARGINAL_EV,away,False,0.0445,4.45,-0.049,-4.9,True,False
2024-08-17_Ipswich Town_Liverpool_away,2024-08-17,Ipswich Town vs Liverpool,away,1.37,1.34,1.361,0.5437,0.7284,0.7077,-25.51,-3.04,NO_EDGE,away,True,0.0224,2.24,0.0066,0.66,True,False
2024-08-17_Arsenal_Wolverhampton Wanderers_home,2024-08-17,Arsenal vs Wolverhampton Wanderers,home,1.2,1.16,1.174,0.8678,0.8337,0.8432,4.14,1.19,NO_EDGE,home,True,0.0345,3.45,0.0221,2.21,True,False
2024-08-17_Arsenal_Wolverhampton Wanderers_draw,2024-08-17,Arsenal vs Wolverhampton Wanderers,draw,9.1,8.56,10.146,0.0931,0.1104,0.1075,-15.28,-2.2,NO_EDGE,home,False,0.0631,6.31,-0.1031,-10.31,True,False
2024-08-17_Arsenal_Wolverhampton Wanderers_away,2024-08-17,Arsenal vs Wolverhampton Wanderers,away,18.0,16.22,20.222,0.0391,0.0559,0.053,-29.62,-4.51,NO_EDGE,home,False,0.1097,10.97,-0.1099,-10.99,True,False
2024-08-17_Nottingham Forest_Bournemouth_home,2024-08-17,Nottingham Forest vs Bournemouth,home,2.51,2.47,2.542,0.3471,0.3977,0.3836,-12.88,-3.73,NO_EDGE,draw,False,0.0162,1.62,-0.0126,-1.26,True,False
2024-08-17_Nottingham Forest_Bournemouth_draw,2024-08-17,Nottingham Forest vs Bournemouth,draw,3.7,3.42,3.556,0.2018,0.2696,0.2506,-25.33,-7.27,NO_EDGE,draw,True,0.0819,8.19,0.0405,4.05,True,False
2024-08-17_Nottingham Forest_Bournemouth_away,2024-08-17,Nottingham Forest vs Bournemouth,away,3.0,2.97,3.074,0.4512,0.3327,0.3659,35.36,9.76,CALIBRATED_EV,draw,False,0.0101,1.01,-0.0241,-2.41,True,True
2024-08-17_West Ham United_Aston Villa_home,2024-08-17,West Ham United vs Aston Villa,home,2.49,2.49,2.56,0.3228,0.3996,0.3781,-19.62,-5.85,NO_EDGE,away,False,0.0,0.0,-0.0273,-2.73,False,False
2024-08-17_West Ham United_Aston Villa_draw,2024-08-17,West Ham United vs Aston Villa,draw,3.91,3.65,3.797,0.163,0.2539,0.2284,-36.27,-10.68,NO_EDGE,away,False,0.0712,7.12,0.0298,2.98,True,False
2024-08-17_West Ham United_Aston Villa_away,2024-08-17,West Ham United vs Aston Villa,away,2.87,2.8,2.89,0.5142,0.3465,0.3653,47.58,4.83,MARGINAL_EV,away,True,0.025,2.5,-0.0069,-0.69,True,False
2024-08-17_Newcastle United_Southampton_home,2024-08-17,Newcastle United vs Southampton,home,1.37,1.35,1.37,0.678,0.7252,0.712,-7.11,-2.45,NO_EDGE,home,True,0.0148,1.48,0.0,0.0,True,False
2024-08-17_Newcastle United_Southampton_draw,2024-08-17,Newcastle United vs Southampton,draw,5.9,5.7,6.212,0.1458,0.1635,0.1605,-13.98,-5.33,NO_EDGE,home,False,0.0351,3.51,-0.0502,-5.02,True,False
2024-08-17_Newcastle United_Southampton_away,2024-08-17,Newcastle United vs Southampton,away,8.6,8.25,9.158,0.1762,0.1113,0.1195,51.53,2.74,MARGINAL_EV,home,False,0.0424,4.24,-0.0609,-6.09,True,False
2024-08-18_Brentford_Crystal Palace_home,2024-08-18,Brentford vs Crystal Palace,home,2.52,2.5,2.571,0.2351,0.3953,0.3774,-40.75,-4.9,NO_EDGE,home,True,0.008,0.8,-0.0198,-1.98,True,False
2024-08-18_Brentford_Crystal Palace_draw,2024-08-18,Brentford vs Crystal Palace,draw,3.66,3.4,3.531,0.1809,0.2718,0.2463,-33.79,-9.85,NO_EDGE,home,False,0.0765,7.65,0.0365,3.65,True,False
2024-08-18_Brentford_Crystal Palace_away,2024-08-18,Brentford vs Crystal Palace,away,2.99,2.95,3.05,0.584,0.3329,0.361,74.62,7.95,CALIBRATED_EV,home,False,0.0136,1.36,-0.0197,-1.97,True,True
2024-08-18_Chelsea_Manchester City_home,2024-08-18,Chelsea vs Manchester City,home,4.3,4.19,4.415,0.2663,0.2321,0.2417,14.51,3.91,MARGINAL_EV,away,False,0.0263,2.63,-0.026,-2.6,True,False
2024-08-18_Chelsea_Manchester City_draw,2024-08-18,Chelsea vs Manchester City,draw,4.22,3.93,4.132,0.1666,0.2365,0.2169,-29.69,-8.46,NO_EDGE,away,False,0.0738,7.38,0.0213,2.13,True,False
2024-08-18_Chelsea_Manchester City_away,2024-08-18,Chelsea vs Manchester City,away,1.88,1.84,1.882,0.5671,0.5314,0.5414,6.61,1.79,MARGINAL_EV,away,True,0.0217,2.17,-0.0011,-0.11,True,False
2024-08-19_Leicester City_Tottenham_home,2024-08-19,Leicester City vs Tottenham,home,5.3,5.09,5.436,0.288,0.1858,0.2144,52.64,13.64,CALIBRATED_EV,draw,False,0.0413,4.13,-0.025,-2.5,True,True
2024-08-19_Leicester City_Tottenham_draw,2024-08-19,Leicester City vs Tottenham,draw,4.52,4.39,4.661,0.1992,0.2182,0.211,-9.96,-4.62,NO_EDGE,draw,True,0.0296,2.96,-0.0303,-3.03,True,False
2024-08-19_Leicester City_Tottenham_away,2024-08-19,Leicester City vs Tottenham,away,1.67,1.63,1.663,0.5128,0.596,0.5727,-14.36,-4.36,NO_EDGE,draw,False,0.0245,2.45,0.0042,0.42,True,False
2024-08-24_Brighton_Manchester United_home,2024-08-24,Brighton vs Manchester United,home,2.54,2.51,2.584,0.3161,0.3901,0.3694,-19.71,-6.17,NO_EDGE,home,True,0.012,1.2,-0.017,-1.7,True,False
2024-08-24_Brighton_Manchester United_draw,2024-08-24,Brighton vs Manchester United,draw,3.87,3.66,3.814,0.2173,0.255,0.2445,-15.9,-5.4,NO_EDGE,home,False,0.0574,5.74,0.0147,1.47,True,False
2024-08-24_Brighton_Manchester United_away,2024-08-24,Brighton vs Manchester United,away,2.79,2.76,2.85,0.4666,0.3548,0.3861,30.18,7.73,CALIBRATED_EV,home,False,0.0109,1.09,-0.0211,-2.11,True,True
2024-08-24_Crystal Palace_West Ham United_home,2024-08-24,Crystal Palace vs West Ham United,home,2.21,2.17,2.223,0.6281,0.4471,0.4674,38.81,3.29,MARGINAL_EV,away,False,0.0184,1.84,-0.0058,-0.58,True,False
2024-08-24_Crystal Palace_West Ham United_draw,2024-08-24,Crystal Palace vs West Ham United,draw,3.76,3.68,3.833,0.1642,0.2607,0.2337,-38.26,-12.14,NO_EDGE,away,False,0.0217,2.17,-0.019,-1.9,True,False
2024-08-24_Crystal Palace_West Ham United_away,2024-08-24,Crystal Palace vs West Ham United,away,3.36,3.33,3.457,0.2077,0.2922,0.2686,-30.21,-9.77,NO_EDGE,away,True,0.009,0.9,-0.0281,-2.81,True,False
2024-08-24_Fulham_Leicester City_home,2024-08-24,Fulham vs Leicester City,home,1.9,1.84,1.88,0.4905,0.5276,0.5172,-6.81,-1.73,NO_EDGE,home,True,0.0326,3.26,0.0106,1.06,True,False
2024-08-24_Fulham_Leicester City_draw,2024-08-24,Fulham vs Leicester City,draw,3.89,3.67,3.842,0.2162,0.2584,0.2466,-15.9,-4.08,NO_EDGE,home,False,0.0599,5.99,0.0125,1.25,True,False
2024-08-24_Fulham_Leicester City_away,2024-08-24,Fulham vs Leicester City,away,4.7,4.56,4.811,0.2932,0.214,0.2362,37.8,11.0,CALIBRATED_EV,home,False,0.0307,3.07,-0.0231,-2.31,True,True
2024-08-24_Manchester City_Ipswich Town_home,2024-08-24,Manchester City vs Ipswich Town,home,1.1,1.08,1.09,0.7452,0.9067,0.8887,-18.03,-2.25,NO_EDGE,home,True,0.0185,1.85,0.0092,0.92,True,False
2024-08-24_Manchester City_Ipswich Town_draw,2024-08-24,Manchester City vs Ipswich Town,draw,14.0,13.21,17.899,0.153,0.0665,0.0774,114.2,8.37,FAKE_EV,home,False,0.0598,5.98,-0.2178,-21.78,True,False
2024-08-24_Manchester City_Ipswich Town_away,2024-08-24,Manchester City vs Ipswich Town,away,34.0,25.71,37.665,0.1018,0.0267,0.0362,246.12,23.08,FAKE_EV,home,False,0.3224,32.24,-0.0973,-9.73,True,False
2024-08-24_Southampton_Nottingham Forest_home,2024-08-24,Southampton vs Nottingham Forest,home,2.66,2.59,2.668,0.2797,0.3723,0.3464,-25.6,-7.86,NO_EDGE,away,False,0.027,2.7,-0.003,-0.3,True,False
2024-08-24_Southampton_Nottingham Forest_draw,2024-08-24,Southampton vs Nottingham Forest,draw,3.42,3.28,3.403,0.1976,0.2888,0.2633,-32.42,-9.95,NO_EDGE,away,False,0.0427,4.27,0.005,0.5,True,False
2024-08-24_Southampton_Nottingham Forest_away,2024-08-24,Southampton vs Nottingham Forest,away,2.92,2.92,3.019,0.5227,0.3388,0.3594,52.63,4.95,MARGINAL_EV,away,True,0.0,0.0,-0.0328,-3.28,False,False
2024-08-24_Tottenham_Everton_home,2024-08-24,Tottenham vs Everton,home,1.49,1.45,1.474,0.4575,0.6698,0.6461,-31.83,-3.74,NO_EDGE,home,True,0.0276,2.76,0.0109,1.09,True,False
2024-08-24_Tottenham_Everton_draw,2024-08-24,Tottenham vs Everton,draw,5.1,4.87,5.227,0.2167,0.1945,0.2029,10.52,3.48,MARGINAL_EV,home,False,0.0472,4.72,-0.0243,-2.43,True,False
2024-08-24_Tottenham_Everton_away,2024-08-24,Tottenham vs Everton,away,7.3,7.03,7.67,0.3257,0.1357,0.1509,137.76,10.13,FAKE_EV,home,False,0.0384,3.84,-0.0482,-4.82,True,False
2024-08-24_Aston Villa_Arsenal_home,2024-08-24,Aston Villa vs Arsenal,home,4.7,4.55,4.81,0.1245,0.2127,0.188,-41.48,-11.63,NO_EDGE,away,False,0.033,3.3,-0.0229,-2.29,True,False
2024-08-24_Aston Villa_Arsenal_draw,2024-08-24,Aston Villa vs Arsenal,draw,4.1,3.98,4.187,0.1347,0.2439,0.2133,-44.77,-12.55,NO_EDGE,away,False,0.0302,3.02,-0.0208,-2.08,True,False
2024-08-24_Aston Villa_Arsenal_away,2024-08-24,Aston Villa vs Arsenal,away,1.84,1.77,1.807,0.7408,0.5434,0.5655,36.31,4.06,MARGINAL_EV,away,True,0.0395,3.95,0.0183,1.83,True,False
2024-08-25_Bournemouth_Newcastle United_home,2024-08-25,Bournemouth vs Newcastle United,home,3.06,3.05,3.163,0.2876,0.3231,0.3131,-11.99,-4.18,NO_EDGE,draw,False,0.0033,0.33,-0.0326,-3.26,True,False
2024-08-25_Bournemouth_Newcastle United_draw,2024-08-25,Bournemouth vs Newcastle United,draw,3.95,3.73,3.893,0.1822,0.2496,0.2307,-28.03,-8.86,NO_EDGE,draw,True,0.059,5.9,0.0146,1.46,True,False
2024-08-25_Bournemouth_Newcastle United_away,2024-08-25,Bournemouth vs Newcastle United,away,2.32,2.28,2.342,0.5302,0.4273,0.4561,23.01,5.82,CALIBRATED_EV,draw,False,0.0175,1.75,-0.0094,-0.94,True,True
2024-08-25_Wolverhampton Wanderers_Chelsea_home,2024-08-25,Wolverhampton Wanderers vs Chelsea,home,4.6,4.46,4.697,0.1762,0.2152,0.2043,-18.95,-6.04,NO_EDGE,away,False,0.0314,3.14,-0.0207,-2.07,True,False
2024-08-25_Wolverhampton Wanderers_Chelsea_draw,2024-08-25,Wolverhampton Wanderers vs Chelsea,draw,4.17,4.03,4.23,0.1584,0.2375,0.2154,-33.95,-10.19,NO_EDGE,away,False,0.0347,3.47,-0.0142,-1.42,True,False
2024-08-25_Wolverhampton Wanderers_Chelsea_away,2024-08-25,Wolverhampton Wanderers vs Chelsea,away,1.82,1.78,1.816,0.6655,0.5473,0.5804,21.12,5.63,CALIBRATED_EV,away,True,0.0225,2.25,0.0022,0.22,True,True
2024-08-25_Liverpool_Brentford_home,2024-08-25,Liverpool vs Brentford,home,1.28,1.25,1.268,0.5598,0.7808,0.7561,-28.35,-3.22,NO_EDGE,home,True,0.024,2.4,0.0095,0.95,True,False
2024-08-25_Liverpool_Brentford_draw,2024-08-25,Liverpool vs Brentford,draw,7.5,7.05,7.967,0.1855,0.1327,0.1394,39.12,4.53,MARGINAL_EV,home,False,0.0638,6.38,-0.0586,-5.86,True,False
2024-08-25_Liverpool_Brentford_away,2024-08-25,Liverpool vs Brentford,away,11.5,10.11,11.685,0.2548,0.0865,0.0999,193.02,14.93,FAKE_EV,home,False,0.1375,13.75,-0.0158,-1.58,True,False
2024-08-31_Nottingham Forest_Wolverhampton Wanderers_home,2024-08-31,Nottingham Forest vs Wolverhampton Wanderers,home,2.1,2.02,2.068,0.558,0.4742,0.4976,17.18,4.51,MARGINAL_EV,draw,False,0.0396,3.96,0.0155,1.55,True,False
2024-08-31_Nottingham Forest_Wolverhampton Wanderers_draw,2024-08-31,Nottingham Forest vs Wolverhampton Wanderers,draw,3.76,3.7,3.867,0.1992,0.264,0.2458,-25.1,-7.57,NO_EDGE,draw,True,0.0162,1.62,-0.0277,-2.77,True,False
2024-08-31_Nottingham Forest_Wolverhampton Wanderers_away,2024-08-31,Nottingham Forest vs Wolverhampton Wanderers,away,3.79,3.71,3.877,0.2428,0.2619,0.2547,-7.98,-3.48,NO_EDGE,draw,False,0.0216,2.16,-0.0224,-2.24,True,False
2024-08-31_Everton_Bournemouth_home,2024-08-31,Everton vs Bournemouth,home,2.85,2.82,2.908,0.2548,0.3457,0.3203,-27.38,-8.73,NO_EDGE,away,False,0.0106,1.06,-0.0199,-1.99,True,False
2024-08-31_Everton_Bournemouth_draw,2024-08-31,Everton vs Bournemouth,draw,3.5,3.38,3.505,0.2163,0.2807,0.2626,-24.3,-8.07,NO_EDGE,away,False,0.0355,3.55,-0.0014,-0.14,True,False
2024-08-31_Everton_Bournemouth_away,2024-08-31,Everton vs Bournemouth,away,2.64,2.62,2.696,0.5289,0.3736,0.391,39.63,3.22,MARGINAL_EV,away,True,0.0076,0.76,-0.0208,-2.08,True,False
2024-08-31_Ipswich Town_Fulham_home,2024-08-31,Ipswich Town vs Fulham,home,3.2,3.14,3.252,0.3967,0.3105,0.3347,26.94,7.09,CALIBRATED_EV,draw,False,0.0191,1.91,-0.016,-1.6,True,True
2024-08-31_Ipswich Town_Fulham_draw,2024-08-31,Ipswich Town vs Fulham,draw,3.66,3.53,3.67,0.2193,0.2713,0.2567,-19.74,-6.03,NO_EDGE,draw,True,0.0368,3.68,-0.0027,-0.27,True,False
2024-08-31_Ipswich Town_Fulham_away,2024-08-31,Ipswich Town vs Fulham,away,2.38,2.32,2.381,0.384,0.4182,0.4086,-8.61,-2.75,NO_EDGE,draw,False,0.0259,2.59,-0.0004,-0.04,True,False
2024-08-31_Arsenal_Brighton_home,2024-08-31,Arsenal vs Brighton,home,1.37,1.34,1.361,0.8007,0.7276,0.7481,9.7,2.49,MARGINAL_EV,draw,False,0.0224,2.24,0.0066,0.66,True,False
2024-08-31_Arsenal_Brighton_draw,2024-08-31,Arsenal vs Brighton,draw,6.0,5.87,6.453,0.1391,0.1637,0.1595,-16.54,-4.29,NO_EDGE,draw,True,0.0221,2.21,-0.0702,-7.02,True,False
2024-08-31_Arsenal_Brighton_away,2024-08-31,Arsenal vs Brighton,away,9.0,8.1,9.06,0.0603,0.1087,0.1026,-45.73,-7.67,NO_EDGE,draw,False,0.1111,11.11,-0.0066,-0.66,True,False
2024-08-31_Brentford_Southampton_home,2024-08-31,Brentford vs Southampton,home,1.82,1.79,1.829,0.5643,0.5478,0.5541,2.7,0.84,NO_EDGE,home,True,0.0168,1.68,-0.0049,-0.49,True,False
2024-08-31_Brentford_Southampton_draw,2024-08-31,Brentford vs Southampton,draw,4.12,3.9,4.103,0.1917,0.241,0.2272,-21.02,-6.39,NO_EDGE,home,False,0.0564,5.64,0.0041,0.41,True,False
2024-08-31_Brentford_Southampton_away,2024-08-31,Brentford vs Southampton,away,4.7,4.51,4.771,0.244,0.2112,0.2203,14.68,3.56,MARGINAL_EV,home,False,0.0421,4.21,-0.0149,-1.49,True,False
2024-08-31_West Ham United_Manchester City_home,2024-08-31,West Ham United vs Manchester City,home,8.0,7.69,8.482,0.119,0.1229,0.1222,-4.8,-2.23,NO_EDGE,away,False,0.0403,4.03,-0.0568,-5.68,True,False
2024-08-31_West Ham United_Manchester City_draw,2024-08-31,West Ham United vs Manchester City,draw,5.8,5.64,6.129,0.1305,0.1699,0.165,-24.31,-4.33,NO_EDGE,away,False,0.0284,2.84,-0.0537,-5.37,True,False
2024-08-31_West Ham United_Manchester City_away,2024-08-31,West Ham United vs Manchester City,away,1.41,1.37,1.391,0.7506,0.7072,0.7194,5.83,1.43,MARGINAL_EV,away,True,0.0292,2.92,0.0137,1.37,True,False
2024-08-31_Leicester City_Aston Villa_home,2024-08-31,Leicester City vs Aston Villa,home,4.9,4.8,5.104,0.3452,0.2028,0.2187,69.15,7.18,CALIBRATED_EV,away,False,0.0208,2.08,-0.04,-4.0,True,True
2024-08-31_Leicester City_Aston Villa_draw,2024-08-31,Leicester City vs Aston Villa,draw,4.2,4.09,4.322,0.1951,0.2367,0.2251,-18.06,-5.47,NO_EDGE,away,False,0.0269,2.69,-0.0282,-2.82,True,False
2024-08-31_Leicester City_Aston Villa_away,2024-08-31,Leicester City vs Aston Villa,away,1.78,1.71,1.746,0.4597,0.5605,0.5323,-18.17,-5.25,NO_EDGE,away,True,0.0409,4.09,0.0195,1.95,True,False
2024-09-01_Chelsea_Crystal Palace_home,2024-09-01,Chelsea vs Crystal Palace,home,1.68,1.63,1.663,0.4372,0.5929,0.5754,-26.55,-3.33,NO_EDGE,draw,False,0.0307,3.07,0.0102,1.02,True,False
2024-09-01_Chelsea_Crystal Palace_draw,2024-09-01,Chelsea vs Crystal Palace,draw,4.55,4.4,4.677,0.1797,0.2172,0.2067,-18.24,-5.94,NO_EDGE,draw,True,0.0341,3.41,-0.0272,-2.72,True,False
2024-09-01_Chelsea_Crystal Palace_away,2024-09-01,Chelsea vs Crystal Palace,away,5.2,5.06,5.409,0.3831,0.1899,0.2115,99.21,10.0,CALIBRATED_EV,draw,False,0.0277,2.77,-0.0386,-3.86,True,True
2024-09-01_Newcastle United_Tottenham_home,2024-09-01,Newcastle United vs Tottenham,home,2.56,2.5,2.575,0.4857,0.386,0.4139,24.34,5.96,CALIBRATED_EV,home,True,0.024,2.4,-0.0058,-0.58,True,True
2024-09-01_Newcastle United_Tottenham_draw,2024-09-01,Newcastle United vs Tottenham,draw,4.12,3.96,4.139,0.1903,0.2384,0.2249,-21.6,-7.33,NO_EDGE,home,False,0.0404,4.04,-0.0046,-0.46,True,False
2024-09-01_Newcastle United_Tottenham_away,2024-09-01,Newcastle United vs Tottenham,away,2.63,2.62,2.702,0.324,0.3756,0.3612,-14.79,-5.02,NO_EDGE,home,False,0.0038,0.38,-0.0266,-2.66,True,False
2024-09-01_Manchester United_Liverpool_home,2024-09-01,Manchester United vs Liverpool,home,4.0,3.93,4.129,0.2542,0.2488,0.2508,1.68,0.33,NO_EDGE,away,False,0.0178,1.78,-0.0312,-3.12,True,False
2024-09-01_Manchester United_Liverpool_draw,2024-09-01,Manchester United vs Liverpool,draw,4.4,4.31,4.543,0.1905,0.2261,0.2161,-16.18,-4.91,NO_EDGE,away,False,0.0209,2.09,-0.0315,-3.15,True,False
2024-09-01_Manchester United_Liverpool_away,2024-09-01,Manchester United vs Liverpool,away,1.9,1.82,1.86,0.5552,0.5251,0.5335,5.49,1.37,MARGINAL_EV,away,True,0.044,4.4,0.0215,2.15,True,False
2024-09-14_Southampton_Manchester United_home,2024-09-14,Southampton vs Manchester United,home,4.83,4.5,4.78,0.261,0.2058,0.2213,26.06,6.86,CALIBRATED_EV,away,False,0.0733,7.33,0.0105,1.05,True,True
2024-09-14_Southampton_Manchester United_draw,2024-09-14,Southampton vs Manchester United,draw,4.2,4.13,4.372,0.1814,0.2368,0.2213,-23.81,-7.06,NO_EDGE,away,False,0.0169,1.69,-0.0393,-3.93,True,False
2024-09-14_Southampton_Manchester United_away,2024-09-14,Southampton vs Manchester United,away,1.79,1.74,1.779,0.5576,0.5574,0.5575,-0.19,-0.21,NO_EDGE,away,True,0.0287,2.87,0.0062,0.62,True,False
2024-09-14_Brighton_Ipswich Town_home,2024-09-14,Brighton vs Ipswich Town,home,1.41,1.38,1.405,0.5346,0.7056,0.6864,-24.62,-3.22,NO_EDGE,draw,False,0.0217,2.17,0.0036,0.36,True,False
2024-09-14_Brighton_Ipswich Town_draw,2024-09-14,Brighton vs Ipswich Town,draw,5.4,5.13,5.623,0.2237,0.1805,0.1926,20.8,4.01,MARGINAL_EV,draw,True,0.0526,5.26,-0.0397,-3.97,True,False
2024-09-14_Brighton_Ipswich Town_away,2024-09-14,Brighton vs Ipswich Town,away,8.5,8.05,9.05,0.2416,0.1139,0.13,105.36,10.5,FAKE_EV,draw,False,0.0559,5.59,-0.0608,-6.08,True,False
2024-09-14_Crystal Palace_Leicester City_home,2024-09-14,Crystal Palace vs Leicester City,home,1.66,1.62,1.656,0.5824,0.598,0.5921,-3.32,-1.71,NO_EDGE,draw,False,0.0247,2.47,0.0024,0.24,True,False
2024-09-14_Crystal Palace_Leicester City_draw,2024-09-14,Crystal Palace vs Leicester City,draw,4.3,4.13,4.404,0.1969,0.2277,0.2191,-15.33,-5.79,NO_EDGE,draw,True,0.0412,4.12,-0.0236,-2.36,True,False
2024-09-14_Crystal Palace_Leicester City_away,2024-09-14,Crystal Palace vs Leicester City,away,5.6,5.48,5.919,0.2207,0.1742,0.1801,23.59,0.84,MARGINAL_EV,draw,False,0.0219,2.19,-0.0539,-5.39,True,False
2024-09-14_Fulham_West Ham United_home,2024-09-14,Fulham vs West Ham United,home,2.5,2.4,2.473,0.4825,0.3974,0.4212,20.63,5.3,CALIBRATED_EV,draw,False,0.0417,4.17,0.0109,1.09,True,True
2024-09-14_Fulham_West Ham United_draw,2024-09-14,Fulham vs West Ham United,draw,3.6,3.53,3.686,0.1994,0.2752,0.254,-28.22,-8.56,NO_EDGE,draw,True,0.0198,1.98,-0.0233,-2.33,True,False
2024-09-14_Fulham_West Ham United_away,2024-09-14,Fulham vs West Ham United,away,3.03,2.97,3.083,0.3181,0.3274,0.3239,-3.62,-1.86,NO_EDGE,draw,False,0.0202,2.02,-0.0172,-1.72,True,False
2024-09-14_Liverpool_Nottingham Forest_home,2024-09-14,Liverpool vs Nottingham Forest,home,1.25,1.21,1.227,0.5508,0.7981,0.7704,-31.15,-3.7,NO_EDGE,away,False,0.0331,3.31,0.0187,1.87,True,False
2024-09-14_Liverpool_Nottingham Forest_draw,2024-09-14,Liverpool vs Nottingham Forest,draw,7.7,7.23,8.356,0.2172,0.1271,0.1384,67.24,6.59,CALIBRATED_EV,away,False,0.065,6.5,-0.0785,-7.85,True,True
2024-09-14_Liverpool_Nottingham Forest_away,2024-09-14,Liverpool vs Nottingham Forest,away,13.0,12.71,15.309,0.232,0.0748,0.0874,201.6,13.63,FAKE_EV,away,True,0.0228,2.28,-0.1508,-15.08,True,False
2024-09-14_Manchester City_Brentford_home,2024-09-14,Manchester City vs Brentford,home,1.21,1.17,1.185,0.6851,0.8281,0.8121,-17.1,-1.74,NO_EDGE,home,True,0.0342,3.42,0.0211,2.11,True,False
2024-09-14_Manchester City_Brentford_draw,2024-09-14,Manchester City vs Brentford,draw,9.2,8.43,9.965,0.1643,0.1113,0.118,51.16,8.52,CALIBRATED_EV,home,False,0.0913,9.13,-0.0768,-7.68,True,True
2024-09-14_Manchester City_Brentford_away,2024-09-14,Manchester City vs Brentford,away,17.0,14.62,18.044,0.1505,0.0606,0.0719,155.85,22.3,FAKE_EV,home,False,0.1628,16.28,-0.0579,-5.79,True,False
2024-09-14_Aston Villa_Everton_home,2024-09-14,Aston Villa vs Everton,home,1.55,1.51,1.54,0.4558,0.6422,0.6213,-29.35,-3.7,NO_EDGE,home,True,0.0265,2.65,0.0065,0.65,True,False
2024-09-14_Aston Villa_Everton_draw,2024-09-14,Aston Villa vs Everton,draw,4.65,4.45,4.777,0.2131,0.2116,0.2122,-0.91,-1.35,NO_EDGE,home,False,0.0449,4.49,-0.0266,-2.66,True,False
2024-09-14_Aston Villa_Everton_away,2024-09-14,Aston Villa vs Everton,away,6.7,6.48,7.081,0.331,0.1463,0.161,121.77,7.9,FAKE_EV,home,False,0.034,3.4,-0.0538,-5.38,True,False
2024-09-14_Bournemouth_Chelsea_home,2024-09-14,Bournemouth vs Chelsea,home,3.45,3.32,3.471,0.2844,0.2861,0.2855,-1.88,-1.52,NO_EDGE,away,False,0.0392,3.92,-0.0061,-0.61,True,False
2024-09-14_Bournemouth_Chelsea_draw,2024-09-14,Bournemouth vs Chelsea,draw,4.12,3.97,4.179,0.1828,0.2391,0.2234,-24.69,-7.98,NO_EDGE,away,False,0.0378,3.78,-0.0141,-1.41,True,False
2024-09-14_Bournemouth_Chelsea_away,2024-09-14,Bournemouth vs Chelsea,away,2.09,2.06,2.116,0.5328,0.4748,0.491,11.36,2.62,MARGINAL_EV,away,True,0.0146,1.46,-0.0123,-1.23,True,False
2024-09-15_Tottenham_Arsenal_home,2024-09-15,Tottenham vs Arsenal,home,3.13,3.03,3.15,0.1723,0.3185,0.3022,-46.07,-5.42,NO_EDGE,away,False,0.033,3.3,-0.0063,-0.63,True,False
2024-09-15_Tottenham_Arsenal_draw,2024-09-15,Tottenham vs Arsenal,draw,3.75,3.62,3.787,0.1879,0.2657,0.244,-29.54,-8.52,NO_EDGE,away,False,0.0359,3.59,-0.0098,-0.98,True,False
2024-09-15_Tottenham_Arsenal_away,2024-09-15,Tottenham vs Arsenal,away,2.4,2.32,2.389,0.6398,0.4157,0.4408,53.55,5.79,CALIBRATED_EV,away,True,0.0345,3.45,0.0046,0.46,True,True
2024-09-15_Wolverhampton Wanderers_Newcastle United_home,2024-09-15,Wolverhampton Wanderers vs Newcastle United,home,3.48,3.41,3.57,0.1288,0.2843,0.2668,-55.18,-7.14,NO_EDGE,away,False,0.0205,2.05,-0.0252,-2.52,True,False
2024-09-15_Wolverhampton Wanderers_Newcastle United_draw,2024-09-15,Wolverhampton Wanderers vs Newcastle United,draw,3.8,3.71,3.896,0.1536,0.2601,0.2303,-41.63,-12.49,NO_EDGE,away,False,0.0243,2.43,-0.0246,-2.46,True,False
2024-09-15_Wolverhampton Wanderers_Newcastle United_away,2024-09-15,Wolverhampton Wanderers vs Newcastle United,away,2.18,2.1,2.159,0.7176,0.4556,0.485,56.44,5.72,CALIBRATED_EV,away,True,0.0381,3.81,0.0097,0.97,True,True
2024-09-21_West Ham United_Chelsea_home,2024-09-21,West Ham United vs Chelsea,home,3.71,3.59,3.752,0.2043,0.2671,0.2495,-24.2,-7.44,NO_EDGE,away,False,0.0334,3.34,-0.0112,-1.12,True,False
2024-09-21_West Ham United_Chelsea_draw,2024-09-21,West Ham United vs Chelsea,draw,4.0,3.93,4.12,0.1572,0.2476,0.2223,-37.12,-11.09,NO_EDGE,away,False,0.0178,1.78,-0.0291,-2.91,True,False
2024-09-21_West Ham United_Chelsea_away,2024-09-21,West Ham United vs Chelsea,away,2.05,1.99,2.038,0.6385,0.4854,0.5025,30.89,3.01,MARGINAL_EV,away,True,0.0302,3.02,0.0059,0.59,True,False
2024-09-21_Aston Villa_Wolverhampton Wanderers_home,2024-09-21,Aston Villa vs Wolverhampton Wanderers,home,1.62,1.59,1.62,0.5282,0.613,0.5893,-14.43,-4.54,NO_EDGE,home,True,0.0189,1.89,0.0,0.0,True,False
2024-09-21_Aston Villa_Wolverhampton Wanderers_draw,2024-09-21,Aston Villa vs Wolverhampton Wanderers,draw,4.6,4.47,4.745,0.1893,0.2127,0.2039,-12.92,-6.22,NO_EDGE,home,False,0.0291,2.91,-0.0306,-3.06,True,False
2024-09-21_Aston Villa_Wolverhampton Wanderers_away,2024-09-21,Aston Villa vs Wolverhampton Wanderers,away,5.6,5.44,5.82,0.2825,0.1742,0.1879,58.2,5.21,CALIBRATED_EV,home,False,0.0294,2.94,-0.0378,-3.78,True,True
2024-09-21_Fulham_Newcastle United_home,2024-09-21,Fulham vs Newcastle United,home,3.0,2.89,2.987,0.2407,0.3309,0.3057,-27.79,-8.3,NO_EDGE,home,True,0.0381,3.81,0.0044,0.44,True,False
2024-09-21_Fulham_Newcastle United_draw,2024-09-21,Fulham vs Newcastle United,draw,3.61,3.54,3.682,0.1877,0.2747,0.2503,-32.24,-9.63,NO_EDGE,home,False,0.0198,1.98,-0.0196,-1.96,True,False
2024-09-21_Fulham_Newcastle United_away,2024-09-21,Fulham vs Newcastle United,away,2.52,2.47,2.54,0.5715,0.3944,0.4142,44.02,4.39,MARGINAL_EV,home,False,0.0202,2.02,-0.0079,-0.79,True,False
2024-09-21_Leicester City_Everton_home,2024-09-21,Leicester City vs Everton,home,2.58,2.54,2.612,0.4106,0.385,0.3947,5.93,1.82,MARGINAL_EV,draw,False,0.0157,1.57,-0.0123,-1.23,True,False
2024-09-21_Leicester City_Everton_draw,2024-09-21,Leicester City vs Everton,draw,3.6,3.43,3.56,0.2213,0.2752,0.2601,-20.33,-6.36,NO_EDGE,draw,True,0.0496,4.96,0.0112,1.12,True,False
2024-09-21_Leicester City_Everton_away,2024-09-21,Leicester City vs Everton,away,2.92,2.88,2.973,0.3681,0.3398,0.3505,7.49,2.35,MARGINAL_EV,draw,False,0.0139,1.39,-0.0178,-1.78,True,False
2024-09-21_Liverpool_Bournemouth_home,2024-09-21,Liverpool vs Bournemouth,home,1.31,1.28,1.301,0.5206,0.7597,0.7329,-31.8,-3.99,NO_EDGE,home,True,0.0234,2.34,0.0069,0.69,True,False
2024-09-21_Liverpool_Bournemouth_draw,2024-09-21,Liverpool vs Bournemouth,draw,6.7,6.36,7.166,0.2081,0.1443,0.1523,39.43,2.07,MARGINAL_EV,home,False,0.0535,5.35,-0.065,-6.5,True,False
2024-09-21_Liverpool_Bournemouth_away,2024-09-21,Liverpool vs Bournemouth,away,10.0,9.45,10.923,0.2713,0.096,0.11,171.3,10.01,FAKE_EV,home,False,0.0582,5.82,-0.0845,-8.45,True,False
2024-09-21_Southampton_Ipswich Town_home,2024-09-21,Southampton vs Ipswich Town,home,2.3,2.27,2.332,0.3657,0.4311,0.4128,-15.89,-5.05,NO_EDGE,draw,False,0.0132,1.32,-0.0137,-1.37,True,False
2024-09-21_Southampton_Ipswich Town_draw,2024-09-21,Southampton vs Ipswich Town,draw,3.7,3.5,3.647,0.2209,0.2667,0.2539,-18.27,-6.06,NO_EDGE,draw,True,0.0571,5.71,0.0145,1.45,True,False
2024-09-21_Southampton_Ipswich Town_away,2024-09-21,Southampton vs Ipswich Town,away,3.27,3.24,3.367,0.4134,0.3022,0.3333,35.18,8.99,CALIBRATED_EV,draw,False,0.0093,0.93,-0.0288,-2.88,True,True
2024-09-21_Tottenham_Brentford_home,2024-09-21,Tottenham vs Brentford,home,1.58,1.55,1.579,0.3251,0.6293,0.5952,-48.63,-5.96,NO_EDGE,home,True,0.0194,1.94,0.0006,0.06,True,False
2024-09-21_Tottenham_Brentford_draw,2024-09-21,Tottenham vs Brentford,draw,5.0,4.77,5.09,0.2143,0.196,0.2029,7.15,1.46,MARGINAL_EV,home,False,0.0482,4.82,-0.0177,-1.77,True,False
2024-09-21_Tottenham_Brentford_away,2024-09-21,Tottenham vs Brentford,away,5.6,5.48,5.882,0.4606,0.1747,0.1976,157.94,10.66,FAKE_EV,home,False,0.0219,2.19,-0.0479,-4.79,True,False
2024-09-21_Crystal Palace_Manchester United_home,2024-09-21,Crystal Palace vs Manchester United,home,2.96,2.92,3.022,0.4982,0.3349,0.3532,47.47,4.53,MARGINAL_EV,draw,False,0.0137,1.37,-0.0205,-2.05,True,False
2024-09-21_Crystal Palace_Manchester United_draw,2024-09-21,Crystal Palace vs Manchester United,draw,3.88,3.76,3.922,0.2012,0.2549,0.2399,-21.93,-6.93,NO_EDGE,draw,True,0.0319,3.19,-0.0107,-1.07,True,False
2024-09-21_Crystal Palace_Manchester United_away,2024-09-21,Crystal Palace vs Manchester United,away,2.42,2.35,2.415,0.3006,0.4103,0.3795,-27.25,-8.15,NO_EDGE,draw,False,0.0298,2.98,0.0021,0.21,True,False
2024-09-22_Brighton_Nottingham Forest_home,2024-09-22,Brighton vs Nottingham Forest,home,2.44,1.79,1.829,0.2961,0.4542,0.4365,-27.75,6.5,NO_EDGE,draw,False,0.3631,36.31,0.3341,33.41,True,False
2024-09-22_Brighton_Nottingham Forest_draw,2024-09-22,Brighton vs Nottingham Forest,draw,3.99,3.91,4.11,0.2595,0.2939,0.2843,3.54,13.43,NO_EDGE,draw,True,0.0205,2.05,-0.0292,-2.92,True,False
2024-09-22_Brighton_Nottingham Forest_away,2024-09-22,Brighton vs Nottingham Forest,away,4.75,4.51,4.766,0.4444,0.2519,0.2735,111.09,29.89,CALIBRATED_EV,draw,False,0.0532,5.32,-0.0034,-0.34,True,True
2024-09-22_Manchester City_Arsenal_home,2024-09-22,Manchester City vs Arsenal,home,1.87,1.85,1.889,0.5168,0.5308,0.5255,-3.36,-1.73,NO_EDGE,draw,False,0.0108,1.08,-0.0101,-1.01,True,False
2024-09-22_Manchester City_Arsenal_draw,2024-09-22,Manchester City vs Arsenal,draw,3.75,3.66,3.825,0.2104,0.2625,0.2479,-21.1,-7.03,NO_EDGE,draw,True,0.0246,2.46,-0.0196,-1.96,True,False
2024-09-22_Manchester City_Arsenal_away,2024-09-22,Manchester City vs Arsenal,away,4.75,4.54,4.78,0.2728,0.2067,0.2252,29.58,6.97,CALIBRATED_EV,draw,False,0.0463,4.63,-0.0063,-0.63,True,True
2024-09-28_Brentford_West Ham United_home,2024-09-28,Brentford vs West Ham United,home,2.27,2.23,2.289,0.5345,0.4375,0.4647,21.33,5.48,CALIBRATED_EV,draw,False,0.0179,1.79,-0.0083,-0.83,True,True
2024-09-28_Brentford_West Ham United_draw,2024-09-28,Brentford vs West Ham United,draw,3.82,3.63,3.786,0.1977,0.2588,0.2417,-24.48,-7.67,NO_EDGE,draw,True,0.0523,5.23,0.009,0.9,True,False
2024-09-28_Brentford_West Ham United_away,2024-09-28,Brentford vs West Ham United,away,3.26,3.22,3.345,0.2678,0.3037,0.2936,-12.7,-4.27,NO_EDGE,draw,False,0.0124,1.24,-0.0254,-2.54,True,False
2024-09-28_Arsenal_Leicester City_home,2024-09-28,Arsenal vs Leicester City,home,1.21,1.18,1.194,0.6751,0.8276,0.8106,-18.31,-1.92,NO_EDGE,home,True,0.0254,2.54,0.0134,1.34,True,False
2024-09-28_Arsenal_Leicester City_draw,2024-09-28,Arsenal vs Leicester City,draw,8.8,8.27,9.626,0.189,0.1155,0.1248,66.32,9.82,CALIBRATED_EV,home,False,0.0641,6.41,-0.0858,-8.58,True,True
2024-09-28_Arsenal_Leicester City_away,2024-09-28,Arsenal vs Leicester City,away,18.0,14.09,17.042,0.1359,0.0568,0.0668,144.62,20.19,FAKE_EV,home,False,0.2775,27.75,0.0562,5.62,True,False
2024-09-28_Nottingham Forest_Fulham_home,2024-09-28,Nottingham Forest vs Fulham,home,2.51,2.49,2.56,0.3852,0.4011,0.3951,-3.31,-0.84,NO_EDGE,away,False,0.008,0.8,-0.0195,-1.95,True,False
2024-09-28_Nottingham Forest_Fulham_draw,2024-09-28,Nottingham Forest vs Fulham,draw,3.52,3.32,3.444,0.2295,0.2867,0.2707,-19.22,-4.72,NO_EDGE,away,False,0.0602,6.02,0.0221,2.21,True,False
2024-09-28_Nottingham Forest_Fulham_away,2024-09-28,Nottingham Forest vs Fulham,away,3.23,3.03,3.134,0.3852,0.3122,0.3327,24.42,7.45,CALIBRATED_EV,away,True,0.066,6.6,0.0306,3.06,True,True
2024-09-28_Newcastle United_Manchester City_home,2024-09-28,Newcastle United vs Manchester City,home,5.3,5.18,5.547,0.2261,0.1837,0.1956,19.83,3.66,MARGINAL_EV,draw,False,0.0232,2.32,-0.0445,-4.45,True,False
2024-09-28_Newcastle United_Manchester City_draw,2024-09-28,Newcastle United vs Manchester City,draw,4.7,4.54,4.835,0.1699,0.2076,0.197,-20.15,-7.4,NO_EDGE,draw,True,0.0352,3.52,-0.0279,-2.79,True,False
2024-09-28_Newcastle United_Manchester City_away,2024-09-28,Newcastle United vs Manchester City,away,1.63,1.6,1.632,0.604,0.6087,0.6069,-1.55,-1.07,NO_EDGE,draw,False,0.0187,1.87,-0.0012,-0.12,True,False
2024-09-28_Everton_Crystal Palace_home,2024-09-28,Everton vs Crystal Palace,home,2.8,2.76,2.846,0.2037,0.3556,0.3386,-42.96,-5.21,NO_EDGE,home,True,0.0145,1.45,-0.0162,-1.62,True,False
2024-09-28_Everton_Crystal Palace_draw,2024-09-28,Everton vs Crystal Palace,draw,3.59,3.35,3.475,0.2041,0.277,0.2566,-26.73,-7.88,NO_EDGE,home,False,0.0716,7.16,0.0331,3.31,True,False
2024-09-28_Everton_Crystal Palace_away,2024-09-28,Everton vs Crystal Palace,away,2.71,2.69,2.772,0.5922,0.3674,0.3926,60.49,6.39,CALIBRATED_EV,home,False,0.0074,0.74,-0.0224,-2.24,True,True
2024-09-28_Wolverhampton Wanderers_Liverpool_home,2024-09-28,Wolverhampton Wanderers vs Liverpool,home,8.5,8.09,8.939,0.1218,0.1139,0.1152,3.53,-2.05,NO_EDGE,away,False,0.0507,5.07,-0.0491,-4.91,True,False
2024-09-28_Wolverhampton Wanderers_Liverpool_draw,2024-09-28,Wolverhampton Wanderers vs Liverpool,draw,5.9,5.63,6.114,0.1598,0.165,0.1641,-5.72,-3.17,NO_EDGE,away,False,0.048,4.8,-0.035,-3.5,True,False
2024-09-28_Wolverhampton Wanderers_Liverpool_away,2024-09-28,Wolverhampton Wanderers vs Liverpool,away,1.38,1.36,1.38,0.7184,0.7211,0.7201,-0.86,-0.63,NO_EDGE,away,True,0.0147,1.47,0.0,0.0,True,False
2024-09-28_Chelsea_Brighton_home,2024-09-28,Chelsea vs Brighton,home,1.77,1.75,1.786,0.6469,0.5594,0.5839,14.5,3.35,MARGINAL_EV,home,True,0.0114,1.14,-0.009,-0.9,True,False
2024-09-28_Chelsea_Brighton_draw,2024-09-28,Chelsea vs Brighton,draw,4.35,4.3,4.534,0.1796,0.2241,0.2116,-21.87,-7.94,NO_EDGE,home,False,0.0116,1.16,-0.0406,-4.06,True,False
2024-09-28_Chelsea_Brighton_away,2024-09-28,Chelsea vs Brighton,away,4.5,4.32,4.556,0.1736,0.2165,0.2045,-21.88,-7.98,NO_EDGE,home,False,0.0417,4.17,-0.0123,-1.23,True,False
2024-09-29_Ipswich Town_Aston Villa_home,2024-09-29,Ipswich Town vs Aston Villa,home,4.4,4.34,4.576,0.2475,0.227,0.2347,8.9,3.29,MARGINAL_EV,draw,False,0.0138,1.38,-0.0385,-3.85,True,False
2024-09-29_Ipswich Town_Aston Villa_draw,2024-09-29,Ipswich Town vs Aston Villa,draw,4.0,3.77,3.955,0.2116,0.2497,0.2391,-15.36,-4.38,NO_EDGE,draw,True,0.061,6.1,0.0114,1.14,True,False
2024-09-29_Ipswich Town_Aston Villa_away,2024-09-29,Ipswich Town vs Aston Villa,away,1.91,1.85,1.892,0.5408,0.5233,0.5299,3.29,1.21,NO_EDGE,draw,False,0.0324,3.24,0.0095,0.95,True,False
2024-09-29_Manchester United_Tottenham_home,2024-09-29,Manchester United vs Tottenham,home,2.42,2.42,2.488,0.387,0.409,0.4007,-6.35,-3.04,NO_EDGE,away,False,0.0,0.0,-0.0273,-2.73,False,False
2024-09-29_Manchester United_Tottenham_draw,2024-09-29,Manchester United vs Tottenham,draw,4.13,3.9,4.07,0.2082,0.2382,0.2268,-14.01,-6.32,NO_EDGE,away,False,0.059,5.9,0.0147,1.47,True,False
2024-09-29_Manchester United_Tottenham_away,2024-09-29,Manchester United vs Tottenham,away,2.8,2.75,2.838,0.4048,0.3529,0.3674,13.34,2.87,MARGINAL_EV,away,True,0.0182,1.82,-0.0134,-1.34,True,False
2024-09-30_Bournemouth_Southampton_home,2024-09-30,Bournemouth vs Southampton,home,1.68,1.65,1.681,0.5529,0.5931,0.5819,-7.11,-2.24,NO_EDGE,home,True,0.0182,1.82,-0.0006,-0.06,True,False
2024-09-30_Bournemouth_Southampton_draw,2024-09-30,Bournemouth vs Southampton,draw,4.53,4.37,4.613,0.2004,0.2185,0.2117,-9.22,-4.12,NO_EDGE,home,False,0.0366,3.66,-0.018,-1.8,True,False
2024-09-30_Bournemouth_Southampton_away,2024-09-30,Bournemouth vs Southampton,away,5.25,5.01,5.315,0.2467,0.1883,0.2047,29.52,7.46,CALIBRATED_EV,home,False,0.0479,4.79,-0.0122,-1.22,True,True
2024-10-05_Crystal Palace_Liverpool_home,2024-10-05,Crystal Palace vs Liverpool,home,6.67,6.38,6.887,0.3472,0.1461,0.1622,131.58,8.19,FAKE_EV,away,False,0.0455,4.55,-0.0315,-3.15,True,False
2024-10-05_Crystal Palace_Liverpool_draw,2024-10-05,Crystal Palace vs Liverpool,draw,4.9,4.71,5.021,0.2106,0.1997,0.2038,3.19,-0.12,NO_EDGE,away,False,0.0403,4.03,-0.0241,-2.41,True,False
2024-10-05_Crystal Palace_Liverpool_away,2024-10-05,Crystal Palace vs Liverpool,away,1.52,1.5,1.525,0.4422,0.6542,0.6304,-32.79,-4.18,NO_EDGE,away,True,0.0133,1.33,-0.0033,-0.33,True,False
2024-10-05_Arsenal_Southampton_home,2024-10-05,Arsenal vs Southampton,home,1.16,1.13,1.143,0.8088,0.8596,0.8454,-6.18,-1.94,NO_EDGE,home,True,0.0265,2.65,0.0149,1.49,True,False
2024-10-05_Arsenal_Southampton_draw,2024-10-05,Arsenal vs Southampton,draw,10.0,9.46,11.688,0.1185,0.0956,0.0995,18.5,-0.52,FAKE_EV,home,False,0.0571,5.71,-0.1444,-14.44,True,False
2024-10-05_Arsenal_Southampton_away,2024-10-05,Arsenal vs Southampton,away,21.0,19.13,25.253,0.0726,0.0449,0.0496,52.46,4.12,MARGINAL_EV,home,False,0.0978,9.78,-0.1684,-16.84,True,False
2024-10-05_Brentford_Wolverhampton Wanderers_home,2024-10-05,Brentford vs Wolverhampton Wanderers,home,2.14,2.14,2.194,0.6284,0.4659,0.4841,34.48,3.59,MARGINAL_EV,home,True,0.0,0.0,-0.0246,-2.46,False,False
2024-10-05_Brentford_Wolverhampton Wanderers_draw,2024-10-05,Brentford vs Wolverhampton Wanderers,draw,3.75,3.62,3.775,0.1815,0.2653,0.2418,-31.94,-9.32,NO_EDGE,home,False,0.0359,3.59,-0.0066,-0.66,True,False
2024-10-05_Brentford_Wolverhampton Wanderers_away,2024-10-05,Brentford vs Wolverhampton Wanderers,away,3.7,3.44,3.581,0.1901,0.2689,0.2468,-29.66,-8.68,NO_EDGE,home,False,0.0756,7.56,0.0332,3.32,True,False
2024-10-05_Leicester City_Bournemouth_home,2024-10-05,Leicester City vs Bournemouth,home,3.4,3.35,3.487,0.3313,0.2918,0.3028,12.64,2.96,MARGINAL_EV,home,True,0.0149,1.49,-0.0249,-2.49,True,False
2024-10-05_Leicester City_Bournemouth_draw,2024-10-05,Leicester City vs Bournemouth,draw,3.81,3.63,3.788,0.2096,0.2602,0.246,-20.14,-6.27,NO_EDGE,home,False,0.0496,4.96,0.0058,0.58,True,False
2024-10-05_Leicester City_Bournemouth_away,2024-10-05,Leicester City vs Bournemouth,away,2.22,2.17,2.226,0.459,0.4481,0.4522,1.9,0.39,NO_EDGE,home,False,0.023,2.3,-0.0027,-0.27,True,False
2024-10-05_Manchester City_Fulham_home,2024-10-05,Manchester City vs Fulham,home,1.27,1.23,1.249,0.7619,0.7867,0.7773,-3.24,-1.28,NO_EDGE,home,True,0.0325,3.25,0.0168,1.68,True,False
2024-10-05_Manchester City_Fulham_draw,2024-10-05,Manchester City vs Fulham,draw,7.6,7.15,8.279,0.131,0.1306,0.1307,-0.44,-0.66,NO_EDGE,home,False,0.0629,6.29,-0.082,-8.2,True,False
2024-10-05_Manchester City_Fulham_away,2024-10-05,Manchester City vs Fulham,away,12.0,10.66,12.716,0.1071,0.0826,0.0868,28.52,4.14,MARGINAL_EV,home,False,0.1257,12.57,-0.0563,-5.63,True,False
2024-10-05_West Ham United_Ipswich Town_home,2024-10-05,West Ham United vs Ipswich Town,home,1.86,1.81,1.848,0.3807,0.5356,0.5182,-29.19,-3.61,NO_EDGE,home,True,0.0276,2.76,0.0065,0.65,True,False
2024-10-05_West Ham United_Ipswich Town_draw,2024-10-05,West Ham United vs Ipswich Town,draw,4.1,4.02,4.218,0.2058,0.2418,0.2317,-15.62,-5.0,NO_EDGE,home,False,0.0199,1.99,-0.028,-2.8,True,False
2024-10-05_West Ham United_Ipswich Town_away,2024-10-05,West Ham United vs Ipswich Town,away,4.45,4.29,4.511,0.4135,0.2226,0.244,84.01,8.59,CALIBRATED_EV,home,False,0.0373,3.73,-0.0135,-1.35,True,True
2024-10-05_Everton_Newcastle United_home,2024-10-05,Everton vs Newcastle United,home,3.25,3.18,3.298,0.2017,0.3044,0.2757,-34.45,-10.4,NO_EDGE,draw,False,0.022,2.2,-0.0146,-1.46,True,False
2024-10-05_Everton_Newcastle United_draw,2024-10-05,Everton vs Newcastle United,draw,3.77,3.59,3.738,0.1855,0.2621,0.2407,-30.07,-9.27,NO_EDGE,draw,True,0.0501,5.01,0.0086,0.86,True,False
2024-10-05_Everton_Newcastle United_away,2024-10-05,Everton vs Newcastle United,away,2.29,2.27,2.33,0.6128,0.4334,0.4535,40.33,3.86,MARGINAL_EV,draw,False,0.0088,0.88,-0.0172,-1.72,True,False
2024-10-06_Aston Villa_Manchester United_home,2024-10-06,Aston Villa vs Manchester United,home,2.25,2.22,2.275,0.4477,0.4419,0.4441,0.73,-0.08,NO_EDGE,draw,False,0.0135,1.35,-0.011,-1.1,True,False
2024-10-06_Aston Villa_Manchester United_draw,2024-10-06,Aston Villa vs Manchester United,draw,3.99,3.87,4.034,0.1848,0.2482,0.2304,-26.26,-8.06,NO_EDGE,draw,True,0.031,3.1,-0.0109,-1.09,True,False
2024-10-06_Aston Villa_Manchester United_away,2024-10-06,Aston Villa vs Manchester United,away,3.2,3.09,3.199,0.3676,0.3099,0.3261,17.63,4.35,MARGINAL_EV,draw,False,0.0356,3.56,0.0003,0.03,True,False
2024-10-06_Chelsea_Nottingham Forest_home,2024-10-06,Chelsea vs Nottingham Forest,home,1.52,1.5,1.525,0.6158,0.657,0.6455,-6.4,-1.89,NO_EDGE,draw,False,0.0133,1.33,-0.0033,-0.33,True,False
2024-10-06_Chelsea_Nottingham Forest_draw,2024-10-06,Chelsea vs Nottingham Forest,draw,4.95,4.81,5.133,0.1704,0.201,0.1924,-15.65,-4.75,NO_EDGE,draw,True,0.0291,2.91,-0.0357,-3.57,True,False
2024-10-06_Chelsea_Nottingham Forest_away,2024-10-06,Chelsea vs Nottingham Forest,away,7.0,6.2,6.685,0.2137,0.142,0.151,49.59,5.71,CALIBRATED_EV,draw,False,0.129,12.9,0.0471,4.71,True,True
2024-10-06_Brighton_Tottenham_home,2024-10-06,Brighton vs Tottenham,home,2.99,2.95,3.055,0.2669,0.3302,0.3125,-20.2,-6.56,NO_EDGE,home,True,0.0136,1.36,-0.0213,-2.13,True,False
2024-10-06_Brighton_Tottenham_draw,2024-10-06,Brighton vs Tottenham,draw,4.18,3.99,4.172,0.2116,0.2353,0.2263,-11.55,-5.39,NO_EDGE,home,False,0.0476,4.76,0.0019,0.19,True,False
2024-10-06_Brighton_Tottenham_away,2024-10-06,Brighton vs Tottenham,away,2.28,2.25,2.31,0.5215,0.4344,0.4588,18.9,4.61,MARGINAL_EV,home,False,0.0133,1.33,-0.013,-1.3,True,False
2024-10-19_Manchester United_Brentford_home,2024-10-19,Manchester United vs Brentford,home,1.75,1.72,1.755,0.3234,0.5701,0.5424,-43.4,-5.07,NO_EDGE,home,True,0.0174,1.74,-0.0028,-0.28,True,False
2024-10-19_Manchester United_Brentford_draw,2024-10-19,Manchester United vs Brentford,draw,4.5,4.37,4.616,0.2069,0.2208,0.2155,-6.89,-3.0,NO_EDGE,home,False,0.0297,2.97,-0.0251,-2.51,True,False
2024-10-19_Manchester United_Brentford_away,2024-10-19,Manchester United vs Brentford,away,4.75,4.43,4.682,0.4698,0.2091,0.2383,123.15,13.21,CALIBRATED_EV,home,False,0.0722,7.22,0.0145,1.45,True,True
2024-10-19_Fulham_Aston Villa_home,2024-10-19,Fulham vs Aston Villa,home,2.5,2.46,2.528,0.389,0.3983,0.3948,-2.75,-1.31,NO_EDGE,away,False,0.0163,1.63,-0.0111,-1.11,True,False
2024-10-19_Fulham_Aston Villa_draw,2024-10-19,Fulham vs Aston Villa,draw,3.71,3.5,3.635,0.2032,0.2679,0.2498,-24.61,-7.34,NO_EDGE,away,False,0.06,6.0,0.0206,2.06,True,False
2024-10-19_Fulham_Aston Villa_away,2024-10-19,Fulham vs Aston Villa,away,2.98,2.94,3.037,0.4077,0.3338,0.3545,21.49,5.65,CALIBRATED_EV,away,True,0.0136,1.36,-0.0188,-1.88,True,True
2024-10-19_Ipswich Town_Everton_home,2024-10-19,Ipswich Town vs Everton,home,2.42,2.4,2.467,0.2918,0.4063,0.3743,-29.38,-9.43,NO_EDGE,away,False,0.0083,0.83,-0.0191,-1.91,True,False
2024-10-19_Ipswich Town_Everton_draw,2024-10-19,Ipswich Town vs Everton,draw,3.5,3.43,3.567,0.2227,0.279,0.2632,-22.06,-7.87,NO_EDGE,away,False,0.0204,2.04,-0.0188,-1.88,True,False
2024-10-19_Ipswich Town_Everton_away,2024-10-19,Ipswich Town vs Everton,away,3.11,3.07,3.181,0.4854,0.3147,0.3338,50.96,3.81,MARGINAL_EV,away,True,0.013,1.3,-0.0223,-2.23,True,False
2024-10-19_Bournemouth_Arsenal_home,2024-10-19,Bournemouth vs Arsenal,home,5.1,5.01,5.334,0.1358,0.1904,0.1751,-30.74,-10.68,NO_EDGE,home,True,0.018,1.8,-0.0439,-4.39,True,False
2024-10-19_Bournemouth_Arsenal_draw,2024-10-19,Bournemouth vs Arsenal,draw,4.23,4.13,4.364,0.1705,0.2304,0.2136,-27.88,-9.64,NO_EDGE,home,False,0.0242,2.42,-0.0307,-3.07,True,False
2024-10-19_Bournemouth_Arsenal_away,2024-10-19,Bournemouth vs Arsenal,away,1.71,1.68,1.714,0.6937,0.5792,0.6113,18.62,4.53,MARGINAL_EV,home,False,0.0179,1.79,-0.0023,-0.23,True,False
2024-10-19_Newcastle United_Brighton_home,2024-10-19,Newcastle United vs Brighton,home,2.05,2.01,2.058,0.6056,0.4858,0.5193,24.15,6.46,CALIBRATED_EV,away,False,0.0199,1.99,-0.0039,-0.39,True,True
2024-10-19_Newcastle United_Brighton_draw,2024-10-19,Newcastle United vs Brighton,draw,4.08,3.91,4.095,0.1945,0.2431,0.2295,-20.64,-6.37,NO_EDGE,away,False,0.0435,4.35,-0.0037,-0.37,True,False
2024-10-19_Newcastle United_Brighton_away,2024-10-19,Newcastle United vs Brighton,away,3.66,3.55,3.705,0.1999,0.2712,0.2512,-26.84,-8.06,NO_EDGE,away,True,0.031,3.1,-0.0121,-1.21,True,False
2024-10-19_Southampton_Leicester City_home,2024-10-19,Southampton vs Leicester City,home,2.38,2.34,2.405,0.2829,0.4154,0.3783,-32.67,-9.96,NO_EDGE,away,False,0.0171,1.71,-0.0104,-1.04,True,False
2024-10-19_Southampton_Leicester City_draw,2024-10-19,Southampton vs Leicester City,draw,3.63,3.53,3.676,0.1901,0.2709,0.2482,-30.99,-9.89,NO_EDGE,away,False,0.0283,2.83,-0.0125,-1.25,True,False
2024-10-19_Southampton_Leicester City_away,2024-10-19,Southampton vs Leicester City,away,3.14,3.09,3.204,0.5269,0.3137,0.3376,65.45,6.01,CALIBRATED_EV,away,True,0.0162,1.62,-0.02,-2.0,True,True
2024-10-19_Tottenham_West Ham United_home,2024-10-19,Tottenham vs West Ham United,home,1.54,1.5,1.526,0.5103,0.6455,0.6077,-21.41,-6.42,NO_EDGE,home,True,0.0267,2.67,0.0092,0.92,True,False
2024-10-19_Tottenham_West Ham United_draw,2024-10-19,Tottenham vs West Ham United,draw,5.1,5.01,5.359,0.1894,0.1918,0.1909,-3.41,-2.65,NO_EDGE,home,False,0.018,1.8,-0.0483,-4.83,True,False
2024-10-19_Tottenham_West Ham United_away,2024-10-19,Tottenham vs West Ham United,away,6.0,5.88,6.332,0.3004,0.1627,0.18,80.24,8.01,CALIBRATED_EV,home,False,0.0204,2.04,-0.0524,-5.24,True,True
2024-10-20_Wolverhampton Wanderers_Manchester City_home,2024-10-20,Wolverhampton Wanderers vs Manchester City,home,9.8,9.01,10.092,0.0571,0.0974,0.0924,-44.04,-9.5,NO_EDGE,away,False,0.0877,8.77,-0.0289,-2.89,True,False
2024-10-20_Wolverhampton Wanderers_Manchester City_draw,2024-10-20,Wolverhampton Wanderers vs Manchester City,draw,6.0,5.92,6.489,0.0895,0.1607,0.1517,-46.3,-8.95,NO_EDGE,away,False,0.0135,1.35,-0.0754,-7.54,True,False
2024-10-20_Wolverhampton Wanderers_Manchester City_away,2024-10-20,Wolverhampton Wanderers vs Manchester City,away,1.34,1.32,1.339,0.8535,0.7419,0.7731,14.37,3.6,MARGINAL_EV,away,True,0.0152,1.52,0.0007,0.07,True,False
2024-10-20_Liverpool_Chelsea_home,2024-10-20,Liverpool vs Chelsea,home,1.67,1.62,1.652,0.3527,0.5962,0.5689,-41.1,-4.99,NO_EDGE,home,True,0.0309,3.09,0.0109,1.09,True,False
2024-10-20_Liverpool_Chelsea_draw,2024-10-20,Liverpool vs Chelsea,draw,4.69,4.47,4.751,0.1945,0.2104,0.2044,-8.78,-4.13,NO_EDGE,home,False,0.0492,4.92,-0.0128,-1.28,True,False
2024-10-20_Liverpool_Chelsea_away,2024-10-20,Liverpool vs Chelsea,away,5.1,5.08,5.428,0.4528,0.1934,0.2224,130.93,13.44,CALIBRATED_EV,home,False,0.0039,0.39,-0.0604,-6.04,True,True
2024-10-21_Nottingham Forest_Crystal Palace_home,2024-10-21,Nottingham Forest vs Crystal Palace,home,2.41,2.41,2.477,0.2818,0.4108,0.3747,-32.09,-9.69,NO_EDGE,home,True,0.0,0.0,-0.027,-2.7,False,False
2024-10-21_Nottingham Forest_Crystal Palace_draw,2024-10-21,Nottingham Forest vs Crystal Palace,draw,3.5,3.28,3.403,0.2137,0.2817,0.2627,-25.2,-8.07,NO_EDGE,home,False,0.0671,6.71,0.0285,2.85,True,False
2024-10-21_Nottingham Forest_Crystal Palace_away,2024-10-21,Nottingham Forest vs Crystal Palace,away,3.21,3.19,3.307,0.5045,0.3075,0.3295,61.94,5.78,CALIBRATED_EV,home,False,0.0063,0.63,-0.0293,-2.93,True,True
2024-10-25_Leicester City_Nottingham Forest_home,2024-10-25,Leicester City vs Nottingham Forest,home,3.2,3.14,3.237,0.3582,0.309,0.3228,14.62,3.29,MARGINAL_EV,away,False,0.0191,1.91,-0.0114,-1.14,True,False
2024-10-25_Leicester City_Nottingham Forest_draw,2024-10-25,Leicester City vs Nottingham Forest,draw,3.45,3.35,3.459,0.2222,0.2864,0.2684,-23.34,-7.4,NO_EDGE,away,False,0.0299,2.99,-0.0026,-0.26,True,False
2024-10-25_Leicester City_Nottingham Forest_away,2024-10-25,Leicester City vs Nottingham Forest,away,2.45,2.43,2.488,0.4196,0.4046,0.4103,2.8,0.52,NO_EDGE,away,True,0.0082,0.82,-0.0153,-1.53,True,False
2024-10-26_Manchester City_Southampton_home,2024-10-26,Manchester City vs Southampton,home,1.13,1.1,1.111,0.8302,0.8849,0.8696,-6.19,-1.74,NO_EDGE,home,True,0.0273,2.73,0.0171,1.71,True,False
2024-10-26_Manchester City_Southampton_draw,2024-10-26,Manchester City vs Southampton,draw,13.0,11.9,15.425,0.101,0.0768,0.0809,31.3,5.16,CALIBRATED_EV,home,False,0.0924,9.24,-0.1572,-15.72,True,True
2024-10-26_Manchester City_Southampton_away,2024-10-26,Manchester City vs Southampton,away,26.0,20.73,28.482,0.0689,0.0384,0.0422,79.14,9.75,CALIBRATED_EV,home,False,0.2542,25.42,-0.0871,-8.71,True,True
2024-10-26_Everton_Fulham_home,2024-10-26,Everton vs Fulham,home,2.83,2.8,2.89,0.3428,0.3469,0.3454,-2.99,-2.26,NO_EDGE,draw,False,0.0107,1.07,-0.0208,-2.08,True,False
2024-10-26_Everton_Fulham_draw,2024-10-26,Everton vs Fulham,draw,3.45,3.38,3.509,0.2302,0.2836,0.2686,-20.58,-7.32,NO_EDGE,draw,True,0.0207,2.07,-0.0168,-1.68,True,False
2024-10-26_Everton_Fulham_away,2024-10-26,Everton vs Fulham,away,2.66,2.63,2.71,0.427,0.3695,0.3856,13.58,2.57,MARGINAL_EV,draw,False,0.0114,1.14,-0.0185,-1.85,True,False
2024-10-26_Aston Villa_Bournemouth_home,2024-10-26,Aston Villa vs Bournemouth,home,1.9,1.86,1.902,0.4604,0.5216,0.5045,-12.52,-4.15,NO_EDGE,draw,False,0.0215,2.15,-0.0011,-0.11,True,False
2024-10-26_Aston Villa_Bournemouth_draw,2024-10-26,Aston Villa vs Bournemouth,draw,4.1,4.0,4.202,0.203,0.2392,0.229,-16.77,-6.09,NO_EDGE,draw,True,0.025,2.5,-0.0243,-2.43,True,False
2024-10-26_Aston Villa_Bournemouth_away,2024-10-26,Aston Villa vs Bournemouth,away,4.1,4.03,4.235,0.3366,0.2392,0.2665,38.01,9.24,CALIBRATED_EV,draw,False,0.0174,1.74,-0.0319,-3.19,True,True
2024-10-26_Brentford_Ipswich Town_home,2024-10-26,Brentford vs Ipswich Town,home,1.71,1.65,1.684,0.6189,0.5821,0.5924,5.83,1.31,MARGINAL_EV,home,True,0.0364,3.64,0.0154,1.54,True,False
2024-10-26_Brentford_Ipswich Town_draw,2024-10-26,Brentford vs Ipswich Town,draw,4.4,4.35,4.619,0.1814,0.2245,0.2124,-20.18,-6.54,NO_EDGE,home,False,0.0115,1.15,-0.0474,-4.74,True,False
2024-10-26_Brentford_Ipswich Town_away,2024-10-26,Brentford vs Ipswich Town,away,5.1,4.94,5.272,0.1997,0.1934,0.1958,1.85,-0.15,NO_EDGE,home,False,0.0324,3.24,-0.0326,-3.26,True,False
2024-10-26_Brighton_Wolverhampton Wanderers_home,2024-10-26,Brighton vs Wolverhampton Wanderers,home,1.68,1.66,1.693,0.584,0.5909,0.5883,-1.89,-1.17,NO_EDGE,draw,False,0.012,1.2,-0.0077,-0.77,True,False
2024-10-26_Brighton_Wolverhampton Wanderers_draw,2024-10-26,Brighton vs Wolverhampton Wanderers,draw,4.5,4.34,4.596,0.1856,0.2175,0.2086,-16.48,-6.13,NO_EDGE,draw,True,0.0369,3.69,-0.0209,-2.09,True,False
2024-10-26_Brighton_Wolverhampton Wanderers_away,2024-10-26,Brighton vs Wolverhampton Wanderers,away,5.1,4.9,5.213,0.2304,0.1916,0.2025,17.5,3.25,MARGINAL_EV,draw,False,0.0408,4.08,-0.0217,-2.17,True,False
2024-10-27_West Ham United_Manchester United_home,2024-10-27,West Ham United vs Manchester United,home,2.98,2.94,3.042,0.2896,0.3332,0.321,-13.7,-4.35,NO_EDGE,home,True,0.0136,1.36,-0.0204,-2.04,True,False
2024-10-27_West Ham United_Manchester United_draw,2024-10-27,West Ham United vs Manchester United,draw,3.98,3.73,3.889,0.1981,0.249,0.2348,-21.16,-6.57,NO_EDGE,home,False,0.067,6.7,0.0234,2.34,True,False
2024-10-27_West Ham United_Manchester United_away,2024-10-27,West Ham United vs Manchester United,away,2.38,2.35,2.415,0.5122,0.4178,0.4442,21.9,5.73,CALIBRATED_EV,home,False,0.0128,1.28,-0.0145,-1.45,True,True
2024-10-27_Chelsea_Newcastle United_home,2024-10-27,Chelsea vs Newcastle United,home,1.82,1.75,1.785,0.4212,0.5469,0.5117,-23.34,-6.87,NO_EDGE,home,True,0.04,4.0,0.0196,1.96,True,False
2024-10-27_Chelsea_Newcastle United_draw,2024-10-27,Chelsea vs Newcastle United,draw,4.43,4.35,4.585,0.1987,0.2231,0.2139,-11.98,-5.24,NO_EDGE,home,False,0.0184,1.84,-0.0338,-3.38,True,False
2024-10-27_Chelsea_Newcastle United_away,2024-10-27,Chelsea vs Newcastle United,away,4.3,4.28,4.509,0.3801,0.2299,0.2468,63.44,6.11,CALIBRATED_EV,home,False,0.0047,0.47,-0.0464,-4.64,True,True
2024-10-27_Crystal Palace_Tottenham_home,2024-10-27,Crystal Palace vs Tottenham,home,4.1,4.05,4.257,0.4897,0.2379,0.2661,100.78,9.09,CALIBRATED_EV,home,True,0.0123,1.23,-0.0369,-3.69,True,True
2024-10-27_Crystal Palace_Tottenham_draw,2024-10-27,Crystal Palace vs Tottenham,draw,4.13,3.98,4.181,0.2039,0.2361,0.2271,-15.79,-6.21,NO_EDGE,home,False,0.0377,3.77,-0.0122,-1.22,True,False
2024-10-27_Crystal Palace_Tottenham_away,2024-10-27,Crystal Palace vs Tottenham,away,1.88,1.86,1.902,0.3065,0.526,0.5014,-42.38,-5.73,NO_EDGE,home,False,0.0108,1.08,-0.0116,-1.16,True,False
2024-10-27_Arsenal_Liverpool_home,2024-10-27,Arsenal vs Liverpool,home,2.54,2.54,2.613,0.4239,0.3903,0.3997,7.67,1.53,MARGINAL_EV,draw,False,0.0,0.0,-0.0279,-2.79,False,False
2024-10-27_Arsenal_Liverpool_draw,2024-10-27,Arsenal vs Liverpool,draw,3.59,3.4,3.529,0.2172,0.2753,0.259,-22.03,-7.02,NO_EDGE,draw,True,0.0559,5.59,0.0173,1.73,True,False
2024-10-27_Arsenal_Liverpool_away,2024-10-27,Arsenal vs Liverpool,away,2.96,2.9,2.995,0.3589,0.3344,0.3437,6.23,1.73,MARGINAL_EV,draw,False,0.0207,2.07,-0.0117,-1.17,True,False
2024-11-02_Bournemouth_Manchester City_home,2024-11-02,Bournemouth vs Manchester City,home,5.5,5.29,5.659,0.1181,0.1764,0.1691,-35.05,-7.02,NO_EDGE,home,True,0.0397,3.97,-0.0281,-2.81,True,False
2024-11-02_Bournemouth_Manchester City_draw,2024-11-02,Bournemouth vs Manchester City,draw,4.6,4.48,4.76,0.1539,0.2116,0.1954,-29.21,-10.1,NO_EDGE,home,False,0.0268,2.68,-0.0336,-3.36,True,False
2024-11-02_Bournemouth_Manchester City_away,2024-11-02,Bournemouth vs Manchester City,away,1.62,1.6,1.631,0.728,0.612,0.6445,17.94,4.41,MARGINAL_EV,home,False,0.0125,1.25,-0.0067,-0.67,True,False
2024-11-02_Newcastle United_Arsenal_home,2024-11-02,Newcastle United vs Arsenal,home,3.88,3.85,4.021,0.2491,0.2532,0.2517,-3.35,-2.35,NO_EDGE,home,True,0.0078,0.78,-0.0351,-3.51,True,False
2024-11-02_Newcastle United_Arsenal_draw,2024-11-02,Newcastle United vs Arsenal,draw,3.8,3.69,3.849,0.1986,0.2586,0.2418,-24.53,-8.1,NO_EDGE,home,False,0.0298,2.98,-0.0127,-1.27,True,False
2024-11-02_Newcastle United_Arsenal_away,2024-11-02,Newcastle United vs Arsenal,away,2.03,1.99,2.035,0.5524,0.4881,0.5061,12.14,2.74,MARGINAL_EV,home,False,0.0201,2.01,-0.0025,-0.25,True,False
2024-11-02_Liverpool_Brighton_home,2024-11-02,Liverpool vs Brighton,home,1.43,1.39,1.414,0.6189,0.6978,0.6757,-11.5,-3.38,NO_EDGE,home,True,0.0288,2.88,0.0113,1.13,True,False
2024-11-02_Liverpool_Brighton_draw,2024-11-02,Liverpool vs Brighton,draw,5.8,5.54,6.047,0.1879,0.1706,0.1735,8.98,0.63,MARGINAL_EV,home,False,0.0469,4.69,-0.0408,-4.08,True,False
2024-11-02_Liverpool_Brighton_away,2024-11-02,Liverpool vs Brighton,away,7.5,7.11,7.86,0.1933,0.1317,0.1394,44.98,4.59,MARGINAL_EV,home,False,0.0549,5.49,-0.0458,-4.58,True,False
2024-11-02_Nottingham Forest_West Ham United_home,2024-11-02,Nottingham Forest vs West Ham United,home,2.2,2.15,2.203,0.5572,0.4529,0.4821,22.58,6.06,CALIBRATED_EV,home,True,0.0233,2.33,-0.0014,-0.14,True,True
2024-11-02_Nottingham Forest_West Ham United_draw,2024-11-02,Nottingham Forest vs West Ham United,draw,3.69,3.51,3.652,0.1931,0.2694,0.248,-28.75,-8.48,NO_EDGE,home,False,0.0513,5.13,0.0104,1.04,True,False
2024-11-02_Nottingham Forest_West Ham United_away,2024-11-02,Nottingham Forest vs West Ham United,away,3.58,3.53,3.674,0.2498,0.2777,0.2671,-10.57,-4.36,NO_EDGE,home,False,0.0142,1.42,-0.0256,-2.56,True,False
2024-11-02_Ipswich Town_Leicester City_home,2024-11-02,Ipswich Town vs Leicester City,home,2.3,2.28,2.34,0.3004,0.4299,0.3936,-30.91,-9.46,NO_EDGE,draw,False,0.0088,0.88,-0.0171,-1.71,True,False
2024-11-02_Ipswich Town_Leicester City_draw,2024-11-02,Ipswich Town vs Leicester City,draw,3.77,3.63,3.781,0.1906,0.2605,0.2409,-28.14,-9.17,NO_EDGE,draw,True,0.0386,3.86,-0.0029,-0.29,True,False
2024-11-02_Ipswich Town_Leicester City_away,2024-11-02,Ipswich Town vs Leicester City,away,3.18,3.13,3.245,0.509,0.3096,0.3319,61.86,5.55,CALIBRATED_EV,draw,False,0.016,1.6,-0.02,-2.0,True,True
2024-11-02_Wolverhampton Wanderers_Crystal Palace_home,2024-11-02,Wolverhampton Wanderers vs Crystal Palace,home,2.61,2.55,2.627,0.1195,0.3817,0.3524,-68.81,-8.03,NO_EDGE,draw,False,0.0235,2.35,-0.0065,-0.65,True,False
2024-11-02_Wolverhampton Wanderers_Crystal Palace_draw,2024-11-02,Wolverhampton Wanderers vs Crystal Palace,draw,3.59,3.34,3.47,0.1475,0.2772,0.2409,-47.05,-13.52,NO_EDGE,draw,True,0.0749,7.49,0.0346,3.46,True,False
2024-11-02_Wolverhampton Wanderers_Crystal Palace_away,2024-11-02,Wolverhampton Wanderers vs Crystal Palace,away,2.92,2.92,3.021,0.733,0.3411,0.385,114.04,12.41,CALIBRATED_EV,draw,False,0.0,0.0,-0.0334,-3.34,False,True
2024-11-02_Southampton_Everton_home,2024-11-02,Southampton vs Everton,home,2.7,2.7,2.781,0.2065,0.3672,0.3492,-44.25,-5.72,NO_EDGE,home,True,0.0,0.0,-0.0291,-2.91,False,False
2024-11-02_Southampton_Everton_draw,2024-11-02,Southampton vs Everton,draw,3.63,3.45,3.579,0.199,0.2724,0.2519,-27.76,-8.58,NO_EDGE,home,False,0.0522,5.22,0.0142,1.42,True,False
2024-11-02_Southampton_Everton_away,2024-11-02,Southampton vs Everton,away,2.75,2.69,2.77,0.5945,0.3604,0.3866,63.49,6.33,CALIBRATED_EV,home,False,0.0223,2.23,-0.0072,-0.72,True,True
2024-11-03_Tottenham_Aston Villa_home,2024-11-03,Tottenham vs Aston Villa,home,1.98,1.97,2.016,0.417,0.5023,0.4784,-17.43,-5.27,NO_EDGE,home,True,0.0051,0.51,-0.0179,-1.79,True,False
2024-11-03_Tottenham_Aston Villa_draw,2024-11-03,Tottenham vs Aston Villa,draw,4.28,4.07,4.27,0.2058,0.2309,0.2214,-11.92,-5.22,NO_EDGE,home,False,0.0516,5.16,0.0023,0.23,True,False
2024-11-03_Tottenham_Aston Villa_away,2024-11-03,Tottenham vs Aston Villa,away,3.71,3.55,3.707,0.3773,0.2667,0.2977,39.98,10.45,CALIBRATED_EV,home,False,0.0451,4.51,0.0008,0.08,True,True
2024-11-03_Manchester United_Chelsea_home,2024-11-03,Manchester United vs Chelsea,home,2.63,2.61,2.689,0.2052,0.3769,0.3577,-46.03,-5.92,NO_EDGE,draw,False,0.0077,0.77,-0.0219,-2.19,True,False
2024-11-03_Manchester United_Chelsea_draw,2024-11-03,Manchester United vs Chelsea,draw,4.06,3.81,3.972,0.1924,0.2432,0.229,-21.89,-7.03,NO_EDGE,draw,True,0.0656,6.56,0.0222,2.22,True,False
2024-11-03_Manchester United_Chelsea_away,2024-11-03,Manchester United vs Chelsea,away,2.61,2.58,2.657,0.6025,0.3799,0.4048,57.25,5.65,CALIBRATED_EV,draw,False,0.0116,1.16,-0.0177,-1.77,True,True
2024-11-04_Fulham_Brentford_home,2024-11-04,Fulham vs Brentford,home,2.08,2.04,2.09,0.3394,0.476,0.4378,-29.4,-8.94,NO_EDGE,home,True,0.0196,1.96,-0.0048,-0.48,True,False
2024-11-04_Fulham_Brentford_draw,2024-11-04,Fulham vs Brentford,draw,3.9,3.73,3.901,0.2085,0.2517,0.2396,-18.69,-6.54,NO_EDGE,home,False,0.0456,4.56,-0.0003,-0.03,True,False
2024-11-04_Fulham_Brentford_away,2024-11-04,Fulham vs Brentford,away,3.61,3.61,3.771,0.4521,0.2722,0.2924,63.21,5.55,CALIBRATED_EV,home,False,0.0,0.0,-0.0427,-4.27,False,True
2024-11-09_West Ham United_Everton_home,2024-11-09,West Ham United vs Everton,home,2.23,2.2,2.255,0.3008,0.4472,0.4308,-32.92,-3.93,NO_EDGE,draw,False,0.0136,1.36,-0.0111,-1.11,True,False
2024-11-09_West Ham United_Everton_draw,2024-11-09,West Ham United vs Everton,draw,3.71,3.55,3.693,0.2131,0.2683,0.2529,-20.94,-6.19,NO_EDGE,draw,True,0.0451,4.51,0.0046,0.46,True,False
2024-11-09_West Ham United_Everton_away,2024-11-09,West Ham United vs Everton,away,3.5,3.37,3.5,0.4862,0.2845,0.3071,70.17,7.47,CALIBRATED_EV,draw,False,0.0386,3.86,0.0,0.0,True,True
2024-11-09_Brentford_Bournemouth_home,2024-11-09,Brentford vs Bournemouth,home,2.61,2.59,2.668,0.4013,0.3796,0.3878,4.74,1.21,NO_EDGE,home,True,0.0077,0.77,-0.0217,-2.17,True,False
2024-11-09_Brentford_Bournemouth_draw,2024-11-09,Brentford vs Bournemouth,draw,3.7,3.56,3.703,0.2192,0.2668,0.2535,-18.9,-6.2,NO_EDGE,home,False,0.0393,3.93,-0.0008,-0.08,True,False
2024-11-09_Brentford_Bournemouth_away,2024-11-09,Brentford vs Bournemouth,away,2.8,2.73,2.816,0.3794,0.3536,0.3633,6.23,1.74,MARGINAL_EV,home,False,0.0256,2.56,-0.0057,-0.57,True,False
2024-11-09_Crystal Palace_Fulham_home,2024-11-09,Crystal Palace vs Fulham,home,2.82,2.79,2.881,0.4866,0.3569,0.3932,37.22,10.9,CALIBRATED_EV,away,False,0.0108,1.08,-0.0212,-2.12,True,True
2024-11-09_Crystal Palace_Fulham_draw,2024-11-09,Crystal Palace vs Fulham,draw,3.73,3.44,3.576,0.2347,0.2703,0.2604,-12.46,-2.89,NO_EDGE,away,False,0.0843,8.43,0.0431,4.31,True,False
2024-11-09_Crystal Palace_Fulham_away,2024-11-09,Crystal Palace vs Fulham,away,2.7,2.6,2.679,0.2786,0.3727,0.3464,-24.78,-6.48,NO_EDGE,away,True,0.0385,3.85,0.0078,0.78,True,False
2024-11-09_Brighton_Manchester City_home,2024-11-09,Brighton vs Manchester City,home,4.6,4.49,4.751,0.1796,0.2161,0.2059,-17.38,-5.3,NO_EDGE,home,True,0.0245,2.45,-0.0318,-3.18,True,False
2024-11-09_Brighton_Manchester City_draw,2024-11-09,Brighton vs Manchester City,draw,4.33,4.18,4.411,0.189,0.2296,0.2182,-18.16,-5.5,NO_EDGE,home,False,0.0359,3.59,-0.0184,-1.84,True,False
2024-11-09_Brighton_Manchester City_away,2024-11-09,Brighton vs Manchester City,away,1.8,1.74,1.777,0.6314,0.5543,0.5759,13.65,3.66,MARGINAL_EV,home,False,0.0345,3.45,0.0129,1.29,True,False
2024-11-09_Liverpool_Aston Villa_home,2024-11-09,Liverpool vs Aston Villa,home,1.45,1.42,1.443,0.5538,0.6876,0.6502,-19.7,-5.73,NO_EDGE,home,True,0.0211,2.11,0.0049,0.49,True,False
2024-11-09_Liverpool_Aston Villa_draw,2024-11-09,Liverpool vs Aston Villa,draw,5.5,5.45,5.885,0.1975,0.1794,0.1825,8.63,0.35,MARGINAL_EV,home,False,0.0092,0.92,-0.0654,-6.54,True,False
2024-11-09_Liverpool_Aston Villa_away,2024-11-09,Liverpool vs Aston Villa,away,7.4,6.7,7.302,0.2487,0.133,0.1476,84.04,9.21,FAKE_EV,home,False,0.1045,10.45,0.0134,1.34,True,False
2024-11-09_Wolverhampton Wanderers_Southampton_home,2024-11-09,Wolverhampton Wanderers vs Southampton,home,2.01,1.99,2.035,0.3867,0.4966,0.4658,-22.27,-6.37,NO_EDGE,home,True,0.0101,1.01,-0.0123,-1.23,True,False
2024-11-09_Wolverhampton Wanderers_Southampton_draw,2024-11-09,Wolverhampton Wanderers vs Southampton,draw,4.13,3.84,4.01,0.1953,0.2412,0.2284,-19.34,-5.69,NO_EDGE,home,False,0.0755,7.55,0.0299,2.99,True,False
2024-11-09_Wolverhampton Wanderers_Southampton_away,2024-11-09,Wolverhampton Wanderers vs Southampton,away,3.8,3.7,3.859,0.4181,0.2622,0.2797,58.88,6.27,CALIBRATED_EV,home,False,0.027,2.7,-0.0153,-1.53,True,True
2024-11-10_Manchester United_Leicester City_home,2024-11-10,Manchester United vs Leicester City,home,1.43,1.39,1.412,0.4123,0.6984,0.6664,-41.04,-4.71,NO_EDGE,home,True,0.0288,2.88,0.0127,1.27,True,False
2024-11-10_Manchester United_Leicester City_draw,2024-11-10,Manchester United vs Leicester City,draw,5.6,5.34,5.787,0.2325,0.1775,0.1844,30.2,3.28,MARGINAL_EV,home,False,0.0487,4.87,-0.0323,-3.23,True,False
2024-11-10_Manchester United_Leicester City_away,2024-11-10,Manchester United vs Leicester City,away,8.0,7.62,8.4,0.3552,0.1241,0.1426,184.16,14.06,FAKE_EV,home,False,0.0499,4.99,-0.0476,-4.76,True,False
2024-11-10_Nottingham Forest_Newcastle United_home,2024-11-10,Nottingham Forest vs Newcastle United,home,2.75,2.71,2.793,0.3505,0.3642,0.359,-3.61,-1.27,NO_EDGE,away,False,0.0148,1.48,-0.0154,-1.54,True,False
2024-11-10_Nottingham Forest_Newcastle United_draw,2024-11-10,Nottingham Forest vs Newcastle United,draw,3.57,3.29,3.411,0.2384,0.2807,0.2688,-14.89,-4.03,NO_EDGE,away,False,0.0851,8.51,0.0466,4.66,True,False
2024-11-10_Nottingham Forest_Newcastle United_away,2024-11-10,Nottingham Forest vs Newcastle United,away,2.82,2.78,2.867,0.4111,0.3552,0.3708,15.93,4.57,MARGINAL_EV,away,True,0.0144,1.44,-0.0164,-1.64,True,False
2024-11-10_Tottenham_Ipswich Town_home,2024-11-10,Tottenham vs Ipswich Town,home,1.27,1.25,1.269,0.6424,0.7831,0.7673,-18.42,-2.55,NO_EDGE,away,False,0.016,1.6,0.0008,0.08,True,False
2024-11-10_Tottenham_Ipswich Town_draw,2024-11-10,Tottenham vs Ipswich Town,draw,7.3,6.95,7.948,0.1773,0.1309,0.1367,29.43,-0.19,FAKE_EV,away,False,0.0504,5.04,-0.0815,-8.15,True,False
2024-11-10_Tottenham_Ipswich Town_away,2024-11-10,Tottenham vs Ipswich Town,away,11.0,9.87,11.566,0.1803,0.086,0.0979,98.33,7.71,FAKE_EV,away,True,0.1145,11.45,-0.0489,-4.89,True,False
2024-11-10_Chelsea_Arsenal_home,2024-11-10,Chelsea vs Arsenal,home,2.8,2.75,2.837,0.4039,0.3531,0.3673,13.09,2.84,MARGINAL_EV,draw,False,0.0182,1.82,-0.013,-1.3,True,False
2024-11-10_Chelsea_Arsenal_draw,2024-11-10,Chelsea vs Arsenal,draw,3.72,3.53,3.669,0.2096,0.2649,0.2494,-22.03,-7.22,NO_EDGE,draw,True,0.0538,5.38,0.0139,1.39,True,False
2024-11-10_Chelsea_Arsenal_away,2024-11-10,Chelsea vs Arsenal,away,2.59,2.59,2.667,0.3865,0.382,0.3837,0.1,-0.62,NO_EDGE,draw,False,0.0,0.0,-0.0289,-2.89,False,False
2024-11-23_Arsenal_Nottingham Forest_home,2024-11-23,Arsenal vs Nottingham Forest,home,1.43,1.38,1.402,0.4537,0.7009,0.6732,-35.12,-3.73,NO_EDGE,home,True,0.0362,3.62,0.02,2.0,True,False
2024-11-23_Arsenal_Nottingham Forest_draw,2024-11-23,Arsenal vs Nottingham Forest,draw,5.2,5.03,5.444,0.2363,0.1944,0.2061,22.88,7.17,CALIBRATED_EV,home,False,0.0338,3.38,-0.0448,-4.48,True,True
2024-11-23_Arsenal_Nottingham Forest_away,2024-11-23,Arsenal vs Nottingham Forest,away,9.69,8.73,9.707,0.31,0.1047,0.1211,200.39,17.38,FAKE_EV,home,False,0.11,11.0,-0.0018,-0.18,True,False
2024-11-23_Bournemouth_Brighton_home,2024-11-23,Bournemouth vs Brighton,home,2.45,2.42,2.487,0.3425,0.405,0.3875,-16.09,-5.06,NO_EDGE,away,False,0.0124,1.24,-0.0149,-1.49,True,False
2024-11-23_Bournemouth_Brighton_draw,2024-11-23,Bournemouth vs Brighton,draw,3.75,3.62,3.767,0.2322,0.2636,0.2548,-12.93,-4.44,NO_EDGE,away,False,0.0359,3.59,-0.0045,-0.45,True,False
2024-11-23_Bournemouth_Brighton_away,2024-11-23,Bournemouth vs Brighton,away,2.99,2.91,3.008,0.4253,0.3313,0.3576,27.16,6.93,CALIBRATED_EV,away,True,0.0275,2.75,-0.006,-0.6,True,True
2024-11-23_Aston Villa_Crystal Palace_home,2024-11-23,Aston Villa vs Crystal Palace,home,1.68,1.63,1.664,0.2946,0.5938,0.5603,-50.51,-5.86,NO_EDGE,draw,False,0.0307,3.07,0.0096,0.96,True,False
2024-11-23_Aston Villa_Crystal Palace_draw,2024-11-23,Aston Villa vs Crystal Palace,draw,4.28,4.06,4.304,0.2189,0.2321,0.2271,-6.31,-2.79,NO_EDGE,draw,True,0.0542,5.42,-0.0056,-0.56,True,False
2024-11-23_Aston Villa_Crystal Palace_away,2024-11-23,Aston Villa vs Crystal Palace,away,5.7,5.59,6.005,0.4865,0.1741,0.1991,177.31,13.46,FAKE_EV,draw,False,0.0197,1.97,-0.0508,-5.08,True,False
2024-11-23_Fulham_Wolverhampton Wanderers_home,2024-11-23,Fulham vs Wolverhampton Wanderers,home,1.71,1.64,1.673,0.5802,0.5909,0.5869,-0.79,0.35,NO_EDGE,away,False,0.0427,4.27,0.0221,2.21,True,False
2024-11-23_Fulham_Wolverhampton Wanderers_draw,2024-11-23,Fulham vs Wolverhampton Wanderers,draw,4.28,4.11,4.348,0.1875,0.2404,0.2256,-19.75,-3.46,NO_EDGE,away,False,0.0414,4.14,-0.0156,-1.56,True,False
2024-11-23_Fulham_Wolverhampton Wanderers_away,2024-11-23,Fulham vs Wolverhampton Wanderers,away,6.14,5.43,5.809,0.2322,0.1687,0.1767,42.57,8.51,CALIBRATED_EV,away,True,0.1308,13.08,0.057,5.7,True,True
2024-11-23_Everton_Brentford_home,2024-11-23,Everton vs Brentford,home,2.52,2.5,2.57,0.35,0.3986,0.385,-11.8,-2.97,NO_EDGE,draw,False,0.008,0.8,-0.0195,-1.95,True,False
2024-11-23_Everton_Brentford_draw,2024-11-23,Everton vs Brentford,draw,3.62,3.38,3.507,0.2248,0.278,0.2631,-18.62,-4.75,NO_EDGE,draw,True,0.071,7.1,0.0322,3.22,True,False
2024-11-23_Everton_Brentford_away,2024-11-23,Everton vs Brentford,away,3.11,2.97,3.069,0.4252,0.3234,0.3519,32.24,9.43,CALIBRATED_EV,draw,False,0.0471,4.71,0.0134,1.34,True,True
2024-11-23_Manchester City_Tottenham_home,2024-11-23,Manchester City vs Tottenham,home,1.52,1.48,1.507,0.4966,0.6566,0.6387,-24.52,-2.92,NO_EDGE,away,False,0.027,2.7,0.0086,0.86,True,False
2024-11-23_Manchester City_Tottenham_draw,2024-11-23,Manchester City vs Tottenham,draw,5.29,4.98,5.364,0.201,0.1875,0.1926,6.33,1.9,MARGINAL_EV,away,False,0.0622,6.22,-0.0138,-1.38,True,False
2024-11-23_Manchester City_Tottenham_away,2024-11-23,Manchester City vs Tottenham,away,6.36,6.13,6.666,0.3024,0.1559,0.1676,92.33,6.58,FAKE_EV,away,True,0.0375,3.75,-0.0459,-4.59,True,False
2024-11-23_Leicester City_Chelsea_home,2024-11-23,Leicester City vs Chelsea,home,7.44,7.05,7.666,0.1866,0.1344,0.141,38.83,4.92,MARGINAL_EV,away,False,0.0553,5.53,-0.0295,-2.95,True,False
2024-11-23_Leicester City_Chelsea_draw,2024-11-23,Leicester City vs Chelsea,draw,5.03,4.78,5.111,0.1819,0.1988,0.1924,-8.5,-3.2,NO_EDGE,away,False,0.0523,5.23,-0.0158,-1.58,True,False
2024-11-23_Leicester City_Chelsea_away,2024-11-23,Leicester City vs Chelsea,away,1.5,1.46,1.484,0.6315,0.6667,0.6568,-5.28,-1.47,NO_EDGE,away,True,0.0274,2.74,0.0108,1.08,True,False
2024-11-24_Southampton_Liverpool_home,2024-11-24,Southampton vs Liverpool,home,11.0,10.83,12.737,0.115,0.0895,0.0938,26.5,3.2,MARGINAL_EV,away,False,0.0157,1.57,-0.1364,-13.64,True,False
2024-11-24_Southampton_Liverpool_draw,2024-11-24,Southampton vs Liverpool,draw,6.4,5.79,6.525,0.1586,0.1543,0.1551,1.5,-0.76,NO_EDGE,away,False,0.1054,10.54,-0.0192,-1.92,True,False
2024-11-24_Southampton_Liverpool_away,2024-11-24,Southampton vs Liverpool,away,1.32,1.28,1.302,0.7264,0.7562,0.7449,-4.12,-1.67,NO_EDGE,away,True,0.0312,3.12,0.0138,1.38,True,False
2024-11-24_Ipswich Town_Manchester United_home,2024-11-24,Ipswich Town vs Manchester United,home,5.3,5.24,5.583,0.2721,0.1863,0.2104,44.21,11.49,CALIBRATED_EV,draw,False,0.0115,1.15,-0.0507,-5.07,True,True
2024-11-24_Ipswich Town_Manchester United_draw,2024-11-24,Ipswich Town vs Manchester United,draw,4.48,4.25,4.492,0.2291,0.2207,0.2239,2.64,0.3,NO_EDGE,draw,True,0.0541,5.41,-0.0027,-0.27,True,False
2024-11-24_Ipswich Town_Manchester United_away,2024-11-24,Ipswich Town vs Manchester United,away,1.68,1.64,1.671,0.4988,0.5929,0.5666,-16.2,-4.82,NO_EDGE,draw,False,0.0244,2.44,0.0054,0.54,True,False
2024-11-25_Newcastle United_West Ham United_home,2024-11-25,Newcastle United vs West Ham United,home,1.54,1.5,1.528,0.5545,0.6463,0.6206,-14.61,-4.43,NO_EDGE,away,False,0.0267,2.67,0.0079,0.79,True,False
2024-11-25_Newcastle United_West Ham United_draw,2024-11-25,Newcastle United vs West Ham United,draw,4.79,4.58,4.906,0.2058,0.2052,0.2055,-1.42,-1.58,NO_EDGE,away,False,0.0459,4.59,-0.0236,-2.36,True,False
2024-11-25_Newcastle United_West Ham United_away,2024-11-25,Newcastle United vs West Ham United,away,6.6,6.49,7.062,0.2397,0.1484,0.1599,58.2,5.56,CALIBRATED_EV,away,True,0.0169,1.69,-0.0654,-6.54,True,True
2024-11-29_Brighton_Southampton_home,2024-11-29,Brighton vs Southampton,home,1.43,1.39,1.412,0.5848,0.6974,0.6659,-16.37,-4.78,NO_EDGE,draw,False,0.0288,2.88,0.0127,1.27,True,False
2024-11-29_Brighton_Southampton_draw,2024-11-29,Brighton vs Southampton,draw,5.5,5.33,5.772,0.2014,0.1795,0.1832,10.77,0.78,MARGINAL_EV,draw,True,0.0319,3.19,-0.0471,-4.71,True,False
2024-11-29_Brighton_Southampton_away,2024-11-29,Brighton vs Southampton,away,8.0,7.66,8.439,0.2138,0.1231,0.1345,71.04,7.6,CALIBRATED_EV,draw,False,0.0444,4.44,-0.052,-5.2,True,True
2024-11-30_Brentford_Leicester City_home,2024-11-30,Brentford vs Leicester City,home,1.68,1.65,1.684,0.4703,0.5893,0.5559,-20.99,-6.6,NO_EDGE,home,True,0.0182,1.82,-0.0024,-0.24,True,False
2024-11-30_Brentford_Leicester City_draw,2024-11-30,Brentford vs Leicester City,draw,4.4,4.33,4.593,0.2129,0.2208,0.2178,-6.32,-4.16,NO_EDGE,home,False,0.0162,1.62,-0.042,-4.2,True,False
2024-11-30_Brentford_Leicester City_away,2024-11-30,Brentford vs Leicester City,away,5.1,4.98,5.312,0.3168,0.19,0.2255,61.57,14.99,CALIBRATED_EV,home,False,0.0241,2.41,-0.0399,-3.99,True,True
2024-11-30_Crystal Palace_Newcastle United_home,2024-11-30,Crystal Palace vs Newcastle United,home,3.21,3.16,3.276,0.4033,0.3186,0.3423,29.46,9.88,CALIBRATED_EV,draw,False,0.0158,1.58,-0.0201,-2.01,True,True
2024-11-30_Crystal Palace_Newcastle United_draw,2024-11-30,Crystal Palace vs Newcastle United,draw,4.1,3.52,3.662,0.2492,0.2506,0.2501,2.17,2.53,NO_EDGE,draw,True,0.1648,16.48,0.1196,11.96,True,False
2024-11-30_Crystal Palace_Newcastle United_away,2024-11-30,Crystal Palace vs Newcastle United,away,2.36,2.31,2.371,0.3474,0.4308,0.4074,-18.01,-3.84,NO_EDGE,draw,False,0.0216,2.16,-0.0046,-0.46,True,False
2024-11-30_Nottingham Forest_Ipswich Town_home,2024-11-30,Nottingham Forest vs Ipswich Town,home,1.81,1.78,1.817,0.529,0.5524,0.5436,-4.25,-1.61,NO_EDGE,home,True,0.0169,1.69,-0.0039,-0.39,True,False
2024-11-30_Nottingham Forest_Ipswich Town_draw,2024-11-30,Nottingham Forest vs Ipswich Town,draw,4.0,3.75,3.929,0.2266,0.25,0.2411,-9.36,-3.55,NO_EDGE,home,False,0.0667,6.67,0.0181,1.81,True,False
2024-11-30_Nottingham Forest_Ipswich Town_away,2024-11-30,Nottingham Forest vs Ipswich Town,away,5.06,4.85,5.128,0.2444,0.1976,0.2107,23.67,6.61,CALIBRATED_EV,home,False,0.0433,4.33,-0.0133,-1.33,True,True
2024-11-30_Wolverhampton Wanderers_Bournemouth_home,2024-11-30,Wolverhampton Wanderers vs Bournemouth,home,2.93,2.86,2.957,0.3126,0.34,0.3297,-8.41,-3.41,NO_EDGE,away,False,0.0245,2.45,-0.0091,-0.91,True,False
2024-11-30_Wolverhampton Wanderers_Bournemouth_draw,2024-11-30,Wolverhampton Wanderers vs Bournemouth,draw,3.81,3.6,3.749,0.2058,0.2612,0.2457,-21.59,-6.38,NO_EDGE,away,False,0.0583,5.83,0.0163,1.63,True,False
2024-11-30_Wolverhampton Wanderers_Bournemouth_away,2024-11-30,Wolverhampton Wanderers vs Bournemouth,away,2.5,2.46,2.531,0.4816,0.3987,0.4219,20.4,5.48,CALIBRATED_EV,away,True,0.0163,1.63,-0.0122,-1.22,True,True
2024-11-30_West Ham United_Arsenal_home,2024-11-30,West Ham United vs Arsenal,home,7.5,7.07,7.697,0.2,0.1307,0.1394,50.0,4.56,MARGINAL_EV,away,False,0.0608,6.08,-0.0256,-2.56,True,False
2024-11-30_West Ham United_Arsenal_draw,2024-11-30,West Ham United vs Arsenal,draw,4.9,4.76,5.094,0.2093,0.2009,0.2041,2.56,-0.02,NO_EDGE,away,False,0.0294,2.94,-0.0381,-3.81,True,False
2024-11-30_West Ham United_Arsenal_away,2024-11-30,West Ham United vs Arsenal,away,1.49,1.46,1.484,0.5907,0.6685,0.6467,-11.99,-3.64,NO_EDGE,away,True,0.0205,2.05,0.004,0.4,True,False
2024-12-01_Chelsea_Aston Villa_home,2024-12-01,Chelsea vs Aston Villa,home,1.75,1.7,1.736,0.5483,0.5668,0.5598,-4.05,-2.03,NO_EDGE,home,True,0.0294,2.94,0.0081,0.81,True,False
2024-12-01_Chelsea_Aston Villa_draw,2024-12-01,Chelsea vs Aston Villa,draw,4.35,4.3,4.557,0.2025,0.2251,0.2165,-11.91,-5.81,NO_EDGE,home,False,0.0116,1.16,-0.0454,-4.54,True,False
2024-12-01_Chelsea_Aston Villa_away,2024-12-01,Chelsea vs Aston Villa,away,4.7,4.6,4.888,0.2492,0.2081,0.2196,17.12,3.21,MARGINAL_EV,home,False,0.0217,2.17,-0.0385,-3.85,True,False
2024-12-01_Manchester United_Everton_home,2024-12-01,Manchester United vs Everton,home,1.56,1.55,1.578,0.4535,0.6356,0.6152,-29.25,-4.03,NO_EDGE,home,True,0.0065,0.65,-0.0114,-1.14,True,False
2024-12-01_Manchester United_Everton_draw,2024-12-01,Manchester United vs Everton,draw,4.5,4.36,4.631,0.2736,0.2159,0.2321,23.12,4.44,MARGINAL_EV,home,False,0.0321,3.21,-0.0283,-2.83,True,False
2024-12-01_Manchester United_Everton_away,2024-12-01,Manchester United vs Everton,away,6.5,6.17,6.648,0.2729,0.1484,0.1641,77.38,6.68,CALIBRATED_EV,home,False,0.0535,5.35,-0.0223,-2.23,True,True
2024-12-01_Tottenham_Fulham_home,2024-12-01,Tottenham vs Fulham,home,1.77,1.75,1.785,0.5536,0.5603,0.5577,-2.01,-1.28,NO_EDGE,draw,False,0.0114,1.14,-0.0084,-0.84,True,False
2024-12-01_Tottenham_Fulham_draw,2024-12-01,Tottenham vs Fulham,draw,4.5,4.35,4.585,0.2079,0.2174,0.2138,-6.45,-3.79,NO_EDGE,draw,True,0.0345,3.45,-0.0185,-1.85,True,False
2024-12-01_Tottenham_Fulham_away,2024-12-01,Tottenham vs Fulham,away,4.4,4.28,4.509,0.2385,0.2224,0.2285,4.94,0.53,NO_EDGE,draw,False,0.028,2.8,-0.0242,-2.42,True,False
2024-12-01_Liverpool_Manchester City_home,2024-12-01,Liverpool vs Manchester City,home,2.14,2.08,2.13,0.4492,0.4632,0.4579,-3.87,-2.01,NO_EDGE,home,True,0.0288,2.88,0.0047,0.47,True,False
2024-12-01_Liverpool_Manchester City_draw,2024-12-01,Liverpool vs Manchester City,draw,3.8,3.76,3.926,0.2189,0.2591,0.2479,-16.82,-5.81,NO_EDGE,home,False,0.0106,1.06,-0.0321,-3.21,True,False
2024-12-01_Liverpool_Manchester City_away,2024-12-01,Liverpool vs Manchester City,away,3.55,3.48,3.625,0.3319,0.2776,0.2928,17.82,3.95,MARGINAL_EV,home,False,0.0201,2.01,-0.0207,-2.07,True,False
2024-12-03_Ipswich Town_Crystal Palace_home,2024-12-03,Ipswich Town vs Crystal Palace,home,3.2,3.15,3.25,0.2651,0.3109,0.2981,-15.17,-4.62,NO_EDGE,away,False,0.0159,1.59,-0.0154,-1.54,True,False
2024-12-03_Ipswich Town_Crystal Palace_draw,2024-12-03,Ipswich Town vs Crystal Palace,draw,3.54,3.41,3.525,0.2387,0.2809,0.2691,-15.5,-4.75,NO_EDGE,away,False,0.0381,3.81,0.0043,0.43,True,False
2024-12-03_Ipswich Town_Crystal Palace_away,2024-12-03,Ipswich Town vs Crystal Palace,away,2.44,2.39,2.447,0.4962,0.4082,0.4329,21.07,5.62,CALIBRATED_EV,away,True,0.0209,2.09,-0.0029,-0.29,True,True
2024-12-03_Leicester City_West Ham United_home,2024-12-03,Leicester City vs West Ham United,home,2.95,2.95,3.032,0.3644,0.3388,0.3485,7.5,2.8,MARGINAL_EV,home,True,0.0,0.0,-0.027,-2.7,False,False
2024-12-03_Leicester City_West Ham United_draw,2024-12-03,Leicester City vs West Ham United,draw,3.67,3.43,3.539,0.2182,0.2723,0.2571,-19.92,-5.63,NO_EDGE,home,False,0.07,7.0,0.037,3.7,True,False
2024-12-03_Leicester City_West Ham United_away,2024-12-03,Leicester City vs West Ham United,away,2.57,2.52,2.58,0.4174,0.3889,0.3997,7.27,2.72,MARGINAL_EV,home,False,0.0198,1.98,-0.0039,-0.39,True,False
2024-12-04_Everton_Wolverhampton Wanderers_home,2024-12-04,Everton vs Wolverhampton Wanderers,home,2.18,2.16,2.213,0.4166,0.4542,0.4437,-9.18,-3.28,NO_EDGE,home,True,0.0093,0.93,-0.0149,-1.49,True,False
2024-12-04_Everton_Wolverhampton Wanderers_draw,2024-12-04,Everton vs Wolverhampton Wanderers,draw,3.59,3.4,3.534,0.2191,0.2741,0.2587,-21.34,-7.14,NO_EDGE,home,False,0.0559,5.59,0.0158,1.58,True,False
2024-12-04_Everton_Wolverhampton Wanderers_away,2024-12-04,Everton vs Wolverhampton Wanderers,away,3.62,3.62,3.77,0.3642,0.2718,0.2976,31.84,7.75,CALIBRATED_EV,home,False,0.0,0.0,-0.0398,-3.98,False,True
2024-12-04_Manchester City_Nottingham Forest_home,2024-12-04,Manchester City vs Nottingham Forest,home,1.41,1.36,1.383,0.4197,0.7086,0.6762,-40.82,-4.65,NO_EDGE,home,True,0.0368,3.68,0.0195,1.95,True,False
2024-12-04_Manchester City_Nottingham Forest_draw,2024-12-04,Manchester City vs Nottingham Forest,draw,5.5,5.41,5.926,0.2378,0.181,0.1881,30.79,3.48,MARGINAL_EV,home,False,0.0166,1.66,-0.0719,-7.19,True,False
2024-12-04_Manchester City_Nottingham Forest_away,2024-12-04,Manchester City vs Nottingham Forest,away,9.0,8.26,9.256,0.3425,0.1105,0.129,208.25,16.11,FAKE_EV,home,False,0.0896,8.96,-0.0277,-2.77,True,False
2024-12-04_Newcastle United_Liverpool_home,2024-12-04,Newcastle United vs Liverpool,home,4.5,4.29,4.524,0.2148,0.2183,0.217,-3.34,-2.35,NO_EDGE,draw,False,0.049,4.9,-0.0053,-0.53,True,False
2024-12-04_Newcastle United_Liverpool_draw,2024-12-04,Newcastle United vs Liverpool,draw,4.22,4.04,4.251,0.2253,0.233,0.2301,-4.92,-2.9,NO_EDGE,draw,True,0.0446,4.46,-0.0073,-0.73,True,False
2024-12-04_Newcastle United_Liverpool_away,2024-12-04,Newcastle United vs Liverpool,away,1.81,1.8,1.839,0.5599,0.5487,0.5529,1.34,0.08,NO_EDGE,draw,False,0.0056,0.56,-0.0158,-1.58,True,False
2024-12-04_Southampton_Chelsea_home,2024-12-04,Southampton vs Chelsea,home,9.0,8.92,9.949,0.1598,0.1087,0.1151,43.82,3.62,MARGINAL_EV,away,False,0.009,0.9,-0.0954,-9.54,True,False
2024-12-04_Southampton_Chelsea_draw,2024-12-04,Southampton vs Chelsea,draw,6.0,5.79,6.32,0.1862,0.1637,0.1675,11.72,0.51,MARGINAL_EV,away,False,0.0363,3.63,-0.0506,-5.06,True,False
2024-12-04_Southampton_Chelsea_away,2024-12-04,Southampton vs Chelsea,away,1.37,1.33,1.349,0.654,0.7276,0.707,-10.4,-3.14,NO_EDGE,away,True,0.0301,3.01,0.0156,1.56,True,False
2024-12-04_Arsenal_Manchester United_home,2024-12-04,Arsenal vs Manchester United,home,1.49,1.45,1.474,0.4419,0.668,0.6427,-34.16,-4.24,NO_EDGE,home,True,0.0276,2.76,0.0109,1.09,True,False
2024-12-04_Arsenal_Manchester United_draw,2024-12-04,Arsenal vs Manchester United,draw,5.0,4.87,5.227,0.2449,0.1963,0.2099,22.45,4.94,MARGINAL_EV,home,False,0.0267,2.67,-0.0434,-4.34,True,False
2024-12-04_Arsenal_Manchester United_away,2024-12-04,Arsenal vs Manchester United,away,7.2,7.03,7.67,0.3131,0.1357,0.1499,125.43,7.94,FAKE_EV,home,False,0.0242,2.42,-0.0613,-6.13,True,False
2024-12-04_Aston Villa_Brentford_home,2024-12-04,Aston Villa vs Brentford,home,1.84,1.8,1.839,0.3225,0.5429,0.5182,-40.66,-4.65,NO_EDGE,home,True,0.0222,2.22,0.0005,0.05,True,False
2024-12-04_Aston Villa_Brentford_draw,2024-12-04,Aston Villa vs Brentford,draw,4.21,3.91,4.112,0.1953,0.2369,0.2253,-17.78,-5.16,NO_EDGE,home,False,0.0767,7.67,0.0238,2.38,True,False
2024-12-04_Aston Villa_Brentford_away,2024-12-04,Aston Villa vs Brentford,away,4.53,4.44,4.691,0.4822,0.2202,0.2495,118.44,13.03,CALIBRATED_EV,home,False,0.0203,2.03,-0.0343,-3.43,True,True
2024-12-05_Fulham_Brighton_home,2024-12-05,Fulham vs Brighton,home,2.4,2.37,2.434,0.3491,0.4142,0.396,-16.22,-4.97,NO_EDGE,home,True,0.0127,1.27,-0.014,-1.4,True,False
2024-12-05_Fulham_Brighton_draw,2024-12-05,Fulham vs Brighton,draw,3.82,3.69,3.842,0.229,0.2594,0.2509,-12.52,-4.17,NO_EDGE,home,False,0.0352,3.52,-0.0057,-0.57,True,False
2024-12-05_Fulham_Brighton_away,2024-12-05,Fulham vs Brighton,away,3.04,2.94,3.04,0.4219,0.3265,0.3532,28.26,7.37,CALIBRATED_EV,home,False,0.034,3.4,0.0,0.0,True,True
2024-12-05_Bournemouth_Tottenham_home,2024-12-05,Bournemouth vs Tottenham,home,2.75,2.67,2.756,0.2594,0.3615,0.3329,-28.66,-8.46,NO_EDGE,home,True,0.03,3.0,-0.0022,-0.22,True,False
2024-12-05_Bournemouth_Tottenham_draw,2024-12-05,Bournemouth vs Tottenham,draw,4.12,3.92,4.098,0.2165,0.2407,0.2316,-10.8,-4.6,NO_EDGE,home,False,0.051,5.1,0.0054,0.54,True,False
2024-12-05_Bournemouth_Tottenham_away,2024-12-05,Bournemouth vs Tottenham,away,2.5,2.47,2.543,0.524,0.3978,0.4332,31.0,8.29,CALIBRATED_EV,home,False,0.0121,1.21,-0.0169,-1.69,True,True
2024-12-07_Aston Villa_Southampton_home,2024-12-07,Aston Villa vs Southampton,home,1.39,1.37,1.393,0.5008,0.713,0.6892,-30.39,-4.2,NO_EDGE,home,True,0.0146,1.46,-0.0022,-0.22,True,False
2024-12-07_Aston Villa_Southampton_draw,2024-12-07,Aston Villa vs Southampton,draw,5.6,5.48,5.998,0.2109,0.1704,0.1755,18.1,-1.73,FAKE_EV,home,False,0.0219,2.19,-0.0664,-6.64,True,False
2024-12-07_Aston Villa_Southampton_away,2024-12-07,Aston Villa vs Southampton,away,8.1,7.77,8.663,0.2883,0.1166,0.1303,133.52,5.58,FAKE_EV,home,False,0.0425,4.25,-0.065,-6.5,True,False
2024-12-07_Brentford_Newcastle United_home,2024-12-07,Brentford vs Newcastle United,home,2.94,2.88,2.979,0.3668,0.3351,0.344,7.84,1.13,MARGINAL_EV,home,True,0.0208,2.08,-0.0131,-1.31,True,False
2024-12-07_Brentford_Newcastle United_draw,2024-12-07,Brentford vs Newcastle United,draw,3.85,3.75,3.912,0.2177,0.255,0.2445,-16.19,-5.86,NO_EDGE,home,False,0.0267,2.67,-0.0158,-1.58,True,False
2024-12-07_Brentford_Newcastle United_away,2024-12-07,Brentford vs Newcastle United,away,2.41,2.38,2.447,0.4154,0.4099,0.412,0.11,-0.71,NO_EDGE,home,False,0.0126,1.26,-0.0151,-1.51,True,False
2024-12-07_Crystal Palace_Manchester City_home,2024-12-07,Crystal Palace vs Manchester City,home,5.5,5.38,5.774,0.3015,0.1761,0.1919,65.83,5.53,CALIBRATED_EV,draw,False,0.0223,2.23,-0.0475,-4.75,True,True
2024-12-07_Crystal Palace_Manchester City_draw,2024-12-07,Crystal Palace vs Manchester City,draw,4.5,4.39,4.672,0.2419,0.216,0.2258,8.86,1.61,MARGINAL_EV,draw,True,0.0251,2.51,-0.0368,-3.68,True,False
2024-12-07_Crystal Palace_Manchester City_away,2024-12-07,Crystal Palace vs Manchester City,away,1.63,1.6,1.632,0.4566,0.6079,0.5909,-25.57,-3.68,NO_EDGE,draw,False,0.0187,1.87,-0.0012,-0.12,True,False
2024-12-07_Manchester United_Nottingham Forest_home,2024-12-07,Manchester United vs Nottingham Forest,home,1.7,1.68,1.713,0.3881,0.5845,0.5625,-34.02,-4.38,NO_EDGE,away,False,0.0119,1.19,-0.0076,-0.76,True,False
2024-12-07_Manchester United_Nottingham Forest_draw,2024-12-07,Manchester United vs Nottingham Forest,draw,4.2,4.05,4.265,0.2784,0.234,0.2465,16.93,3.51,MARGINAL_EV,away,False,0.037,3.7,-0.0152,-1.52,True,False
2024-12-07_Manchester United_Nottingham Forest_away,2024-12-07,Manchester United vs Nottingham Forest,away,5.4,5.18,5.505,0.3335,0.1815,0.1985,80.09,7.19,CALIBRATED_EV,away,True,0.0425,4.25,-0.0191,-1.91,True,True
2024-12-08_Ipswich Town_Bournemouth_home,2024-12-08,Ipswich Town vs Bournemouth,home,3.71,3.68,3.847,0.2654,0.2635,0.2642,-1.54,-1.98,NO_EDGE,away,False,0.0082,0.82,-0.0356,-3.56,True,False
2024-12-08_Ipswich Town_Bournemouth_draw,2024-12-08,Ipswich Town vs Bournemouth,draw,3.8,3.76,3.933,0.2379,0.2571,0.2499,-9.6,-5.05,NO_EDGE,away,False,0.0106,1.06,-0.0338,-3.38,True,False
2024-12-08_Ipswich Town_Bournemouth_away,2024-12-08,Ipswich Town vs Bournemouth,away,2.06,2.01,2.058,0.4968,0.4794,0.486,2.34,0.11,NO_EDGE,away,True,0.0249,2.49,0.001,0.1,True,False
2024-12-08_Fulham_Arsenal_home,2024-12-08,Fulham vs Arsenal,home,6.0,5.33,5.707,0.2969,0.1658,0.1824,78.14,9.41,CALIBRATED_EV,draw,False,0.1257,12.57,0.0513,5.13,True,True
2024-12-08_Fulham_Arsenal_draw,2024-12-08,Fulham vs Arsenal,draw,4.35,4.22,4.476,0.2293,0.2289,0.2291,-0.25,-0.35,NO_EDGE,draw,True,0.0308,3.08,-0.0282,-2.82,True,False
2024-12-08_Fulham_Arsenal_away,2024-12-08,Fulham vs Arsenal,away,1.65,1.63,1.663,0.4738,0.6052,0.5684,-21.82,-6.21,NO_EDGE,draw,False,0.0123,1.23,-0.0078,-0.78,True,False
2024-12-08_Tottenham_Chelsea_home,2024-12-08,Tottenham vs Chelsea,home,3.4,3.23,3.36,0.3781,0.2965,0.3193,28.55,8.57,CALIBRATED_EV,away,False,0.0526,5.26,0.0119,1.19,True,True
2024-12-08_Tottenham_Chelsea_draw,2024-12-08,Tottenham vs Chelsea,draw,4.2,4.13,4.331,0.2299,0.2403,0.2364,-3.44,-0.72,NO_EDGE,away,False,0.0169,1.69,-0.0302,-3.02,True,False
2024-12-08_Tottenham_Chelsea_away,2024-12-08,Tottenham vs Chelsea,away,2.17,2.07,2.121,0.392,0.4632,0.4432,-14.94,-3.82,NO_EDGE,away,True,0.0483,4.83,0.0231,2.31,True,False
2024-12-08_Leicester City_Brighton_home,2024-12-08,Leicester City vs Brighton,home,4.69,4.69,4.975,0.3179,0.2109,0.2409,49.1,12.98,CALIBRATED_EV,draw,False,0.0,0.0,-0.0573,-5.73,False,True
2024-12-08_Leicester City_Brighton_draw,2024-12-08,Leicester City vs Brighton,draw,4.2,4.07,4.294,0.2284,0.2357,0.233,-4.07,-2.15,NO_EDGE,draw,True,0.0319,3.19,-0.0219,-2.19,True,False
2024-12-08_Leicester City_Brighton_away,2024-12-08,Leicester City vs Brighton,away,1.8,1.73,1.767,0.4537,0.5533,0.5254,-18.33,-5.43,NO_EDGE,draw,False,0.0405,4.05,0.0187,1.87,True,False
2024-12-09_West Ham United_Wolverhampton Wanderers_home,2024-12-09,West Ham United vs Wolverhampton Wanderers,home,1.96,1.95,1.997,0.4268,0.5058,0.4837,-16.35,-5.2,NO_EDGE,home,True,0.0051,0.51,-0.0185,-1.85,True,False
2024-12-09_West Ham United_Wolverhampton Wanderers_draw,2024-12-09,West Ham United vs Wolverhampton Wanderers,draw,3.95,3.88,4.072,0.2161,0.2487,0.2396,-14.64,-5.37,NO_EDGE,home,False,0.018,1.8,-0.03,-3.0,True,False
2024-12-09_West Ham United_Wolverhampton Wanderers_away,2024-12-09,West Ham United vs Wolverhampton Wanderers,away,4.0,3.76,3.942,0.3571,0.2455,0.2768,42.84,10.71,CALIBRATED_EV,home,False,0.0638,6.38,0.0147,1.47,True,True
2024-12-14_Arsenal_Everton_home,2024-12-14,Arsenal vs Everton,home,1.26,1.23,1.247,0.5457,0.7905,0.7631,-31.24,-3.86,NO_EDGE,draw,False,0.0244,2.44,0.0104,1.04,True,False
2024-12-14_Arsenal_Everton_draw,2024-12-14,Arsenal vs Everton,draw,6.63,6.63,7.519,0.237,0.1459,0.1574,57.13,4.36,MARGINAL_EV,draw,True,0.0,0.0,-0.1182,-11.82,False,False
2024-12-14_Arsenal_Everton_away,2024-12-14,Arsenal vs Everton,away,15.0,12.95,15.356,0.2173,0.0636,0.0759,225.95,13.85,FAKE_EV,draw,False,0.1583,15.83,-0.0232,-2.32,True,False
2024-12-14_Liverpool_Fulham_home,2024-12-14,Liverpool vs Fulham,home,1.34,1.32,1.338,0.5067,0.7428,0.7163,-32.1,-4.01,NO_EDGE,draw,False,0.0152,1.52,0.0015,0.15,True,False
2024-12-14_Liverpool_Fulham_draw,2024-12-14,Liverpool vs Fulham,draw,6.04,6.04,6.598,0.2438,0.1608,0.1713,47.26,3.47,MARGINAL_EV,draw,True,0.0,0.0,-0.0846,-8.46,False,False
2024-12-14_Liverpool_Fulham_away,2024-12-14,Liverpool vs Fulham,away,10.0,8.88,9.886,0.2495,0.0964,0.1086,149.5,8.62,FAKE_EV,draw,False,0.1261,12.61,0.0115,1.15,True,False
2024-12-14_Newcastle United_Leicester City_home,2024-12-14,Newcastle United vs Leicester City,home,1.34,1.3,1.323,0.4242,0.7429,0.7072,-43.16,-5.23,NO_EDGE,home,True,0.0308,3.08,0.0128,1.28,True,False
2024-12-14_Newcastle United_Leicester City_draw,2024-12-14,Newcastle United vs Leicester City,draw,6.06,6.02,6.782,0.2452,0.1605,0.1712,48.59,3.75,MARGINAL_EV,home,False,0.0066,0.66,-0.1065,-10.65,True,False
2024-12-14_Newcastle United_Leicester City_away,2024-12-14,Newcastle United vs Leicester City,away,10.0,8.95,10.352,0.3305,0.0965,0.1153,230.5,15.26,FAKE_EV,home,False,0.1173,11.73,-0.034,-3.4,True,False
2024-12-14_Wolverhampton Wanderers_Ipswich Town_home,2024-12-14,Wolverhampton Wanderers vs Ipswich Town,home,1.93,1.91,1.951,0.3727,0.5113,0.4725,-28.07,-8.81,NO_EDGE,away,False,0.0105,1.05,-0.0108,-1.08,True,False
2024-12-14_Wolverhampton Wanderers_Ipswich Town_draw,2024-12-14,Wolverhampton Wanderers vs Ipswich Town,draw,3.96,3.91,4.091,0.231,0.2456,0.2401,-8.52,-4.93,NO_EDGE,away,False,0.0128,1.28,-0.032,-3.2,True,False
2024-12-14_Wolverhampton Wanderers_Ipswich Town_away,2024-12-14,Wolverhampton Wanderers vs Ipswich Town,away,4.0,3.93,4.113,0.3963,0.2431,0.2603,58.52,4.1,MARGINAL_EV,away,True,0.0178,1.78,-0.0275,-2.75,True,False
2024-12-14_Nottingham Forest_Aston Villa_home,2024-12-14,Nottingham Forest vs Aston Villa,home,2.68,2.67,2.751,0.3771,0.3693,0.3722,1.06,-0.24,NO_EDGE,home,True,0.0037,0.37,-0.0258,-2.58,True,False
2024-12-14_Nottingham Forest_Aston Villa_draw,2024-12-14,Nottingham Forest vs Aston Villa,draw,3.59,3.38,3.507,0.2586,0.2748,0.2687,-7.16,-3.54,NO_EDGE,home,False,0.0621,6.21,0.0237,2.37,True,False
2024-12-14_Nottingham Forest_Aston Villa_away,2024-12-14,Nottingham Forest vs Aston Villa,away,2.78,2.76,2.846,0.3643,0.3559,0.3591,1.28,-0.18,NO_EDGE,home,False,0.0072,0.72,-0.0232,-2.32,True,False
2024-12-15_Brighton_Crystal Palace_home,2024-12-15,Brighton vs Crystal Palace,home,1.93,1.9,1.943,0.4331,0.5119,0.4898,-16.41,-5.46,NO_EDGE,away,False,0.0158,1.58,-0.0067,-0.67,True,False
2024-12-15_Brighton_Crystal Palace_draw,2024-12-15,Brighton vs Crystal Palace,draw,3.94,3.89,4.078,0.2605,0.2475,0.2524,2.64,-0.55,NO_EDGE,away,False,0.0129,1.29,-0.0338,-3.38,True,False
2024-12-15_Brighton_Crystal Palace_away,2024-12-15,Brighton vs Crystal Palace,away,4.05,3.97,4.165,0.3064,0.2406,0.2591,24.09,4.92,MARGINAL_EV,away,True,0.0202,2.02,-0.0276,-2.76,True,False
2024-12-15_Manchester City_Manchester United_home,2024-12-15,Manchester City vs Manchester United,home,1.61,1.6,1.631,0.4081,0.6148,0.5916,-34.3,-4.75,NO_EDGE,away,False,0.0063,0.63,-0.0129,-1.29,True,False
2024-12-15_Manchester City_Manchester United_draw,2024-12-15,Manchester City vs Manchester United,draw,4.8,4.65,4.949,0.2551,0.2014,0.2165,22.45,3.9,MARGINAL_EV,away,False,0.0323,3.23,-0.0301,-3.01,True,False
2024-12-15_Manchester City_Manchester United_away,2024-12-15,Manchester City vs Manchester United,away,5.25,5.07,5.414,0.3368,0.1838,0.2009,76.82,5.49,CALIBRATED_EV,away,True,0.0355,3.55,-0.0303,-3.03,True,True
2024-12-15_Chelsea_Brentford_home,2024-12-15,Chelsea vs Brentford,home,1.36,1.33,1.348,0.4758,0.733,0.7042,-35.29,-4.23,NO_EDGE,home,True,0.0226,2.26,0.0089,0.89,True,False
2024-12-15_Chelsea_Brentford_draw,2024-12-15,Chelsea vs Brentford,draw,6.2,6.05,6.6,0.2183,0.1583,0.1659,35.35,2.85,MARGINAL_EV,home,False,0.0248,2.48,-0.0606,-6.06,True,False
2024-12-15_Chelsea_Brentford_away,2024-12-15,Chelsea vs Brentford,away,9.0,8.44,9.356,0.3058,0.1087,0.1244,175.22,11.99,FAKE_EV,home,False,0.0664,6.64,-0.0381,-3.81,True,False
2024-12-15_Southampton_Tottenham_home,2024-12-15,Southampton vs Tottenham,home,4.47,4.47,4.738,0.1866,0.2185,0.2095,-16.59,-6.34,NO_EDGE,away,False,0.0,0.0,-0.0566,-5.66,False,False
2024-12-15_Southampton_Tottenham_draw,2024-12-15,Southampton vs Tottenham,draw,4.68,4.51,4.781,0.2166,0.2085,0.2116,1.37,-0.99,NO_EDGE,away,False,0.0377,3.77,-0.0211,-2.11,True,False
2024-12-15_Southampton_Tottenham_away,2024-12-15,Southampton vs Tottenham,away,1.73,1.69,1.725,0.5968,0.573,0.582,3.25,0.69,NO_EDGE,away,True,0.0237,2.37,0.0029,0.29,True,False
2024-12-16_Bournemouth_West Ham United_home,2024-12-16,Bournemouth vs West Ham United,home,1.75,1.72,1.757,0.4559,0.5684,0.5369,-20.22,-6.04,NO_EDGE,draw,False,0.0174,1.74,-0.004,-0.4,True,False
2024-12-16_Bournemouth_West Ham United_draw,2024-12-16,Bournemouth vs West Ham United,draw,4.4,4.27,4.523,0.2414,0.2241,0.2306,6.22,1.49,MARGINAL_EV,draw,True,0.0304,3.04,-0.0272,-2.72,True,False
2024-12-16_Bournemouth_West Ham United_away,2024-12-16,Bournemouth vs West Ham United,away,4.75,4.49,4.765,0.3028,0.2075,0.2342,43.83,11.23,CALIBRATED_EV,draw,False,0.0579,5.79,-0.0031,-0.31,True,True
2024-12-21_Aston Villa_Manchester City_home,2024-12-21,Aston Villa vs Manchester City,home,3.42,3.3,3.431,0.3459,0.2876,0.3039,18.3,3.94,MARGINAL_EV,home,True,0.0364,3.64,-0.0032,-0.32,True,False
2024-12-21_Aston Villa_Manchester City_draw,2024-12-21,Aston Villa vs Manchester City,draw,3.8,3.79,3.958,0.242,0.2585,0.2522,-8.04,-4.15,NO_EDGE,home,False,0.0026,0.26,-0.0399,-3.99,True,False
2024-12-21_Aston Villa_Manchester City_away,2024-12-21,Aston Villa vs Manchester City,away,2.18,2.14,2.194,0.4121,0.4539,0.4422,-10.16,-3.6,NO_EDGE,home,False,0.0187,1.87,-0.0064,-0.64,True,False
2024-12-21_West Ham United_Brighton_home,2024-12-21,West Ham United vs Brighton,home,2.88,2.8,2.891,0.346,0.3414,0.3431,-0.35,-1.18,NO_EDGE,draw,False,0.0286,2.86,-0.0038,-0.38,True,False
2024-12-21_West Ham United_Brighton_draw,2024-12-21,West Ham United vs Brighton,draw,3.87,3.83,3.994,0.2402,0.2529,0.2481,-7.04,-3.99,NO_EDGE,draw,True,0.0104,1.04,-0.031,-3.1,True,False
2024-12-21_West Ham United_Brighton_away,2024-12-21,West Ham United vs Brighton,away,2.43,2.41,2.477,0.4138,0.4057,0.4088,0.55,-0.67,NO_EDGE,draw,False,0.0083,0.83,-0.019,-1.9,True,False
2024-12-21_Brentford_Nottingham Forest_home,2024-12-21,Brentford vs Nottingham Forest,home,2.4,2.39,2.454,0.3741,0.4127,0.4019,-10.22,-3.54,NO_EDGE,away,False,0.0042,0.42,-0.022,-2.2,True,False
2024-12-21_Brentford_Nottingham Forest_draw,2024-12-21,Brentford vs Nottingham Forest,draw,3.67,3.47,3.603,0.2401,0.2686,0.2579,-11.88,-5.37,NO_EDGE,away,False,0.0576,5.76,0.0186,1.86,True,False
2024-12-21_Brentford_Nottingham Forest_away,2024-12-21,Brentford vs Nottingham Forest,away,3.1,3.07,3.176,0.3858,0.3186,0.3374,19.6,4.61,MARGINAL_EV,away,True,0.0098,0.98,-0.0239,-2.39,True,False
2024-12-21_Ipswich Town_Newcastle United_home,2024-12-21,Ipswich Town vs Newcastle United,home,4.75,4.69,4.972,0.2962,0.2034,0.2294,40.7,8.95,CALIBRATED_EV,away,False,0.0128,1.28,-0.0447,-4.47,True,True
2024-12-21_Ipswich Town_Newcastle United_draw,2024-12-21,Ipswich Town vs Newcastle United,draw,4.06,4.02,4.237,0.2508,0.2388,0.2433,1.82,-1.21,NO_EDGE,away,False,0.01,1.0,-0.0418,-4.18,True,False
2024-12-21_Ipswich Town_Newcastle United_away,2024-12-21,Ipswich Town vs Newcastle United,away,1.77,1.74,1.777,0.453,0.5579,0.5285,-19.82,-6.46,NO_EDGE,away,True,0.0172,1.72,-0.0039,-0.39,True,False
2024-12-21_Crystal Palace_Arsenal_home,2024-12-21,Crystal Palace vs Arsenal,home,6.8,6.75,7.318,0.2592,0.1473,0.1614,76.26,9.77,CALIBRATED_EV,away,False,0.0074,0.74,-0.0708,-7.08,True,True
2024-12-21_Crystal Palace_Arsenal_draw,2024-12-21,Crystal Palace vs Arsenal,draw,4.33,4.17,4.43,0.2605,0.2313,0.2423,12.8,4.92,MARGINAL_EV,away,False,0.0384,3.84,-0.0226,-2.26,True,False
2024-12-21_Crystal Palace_Arsenal_away,2024-12-21,Crystal Palace vs Arsenal,away,1.61,1.54,1.568,0.4803,0.6214,0.6056,-22.67,-2.5,NO_EDGE,away,True,0.0455,4.55,0.0268,2.68,True,False
2024-12-22_Everton_Chelsea_home,2024-12-22,Everton vs Chelsea,home,5.52,5.48,5.859,0.2052,0.1776,0.1823,13.27,0.64,MARGINAL_EV,draw,False,0.0073,0.73,-0.0579,-5.79,True,False
2024-12-22_Everton_Chelsea_draw,2024-12-22,Everton vs Chelsea,draw,4.33,4.09,4.323,0.2259,0.2271,0.2266,-2.19,-1.86,NO_EDGE,draw,True,0.0587,5.87,0.0016,0.16,True,False
2024-12-22_Everton_Chelsea_away,2024-12-22,Everton vs Chelsea,away,1.67,1.64,1.672,0.5689,0.5953,0.5853,-4.99,-2.25,NO_EDGE,draw,False,0.0183,1.83,-0.0012,-0.12,True,False
2024-12-22_Fulham_Southampton_home,2024-12-22,Fulham vs Southampton,home,1.45,1.42,1.443,0.5574,0.6843,0.6488,-19.18,-5.92,NO_EDGE,draw,False,0.0211,2.11,0.0049,0.49,True,False
2024-12-22_Fulham_Southampton_draw,2024-12-22,Fulham vs Southampton,draw,5.1,5.06,5.458,0.2283,0.1895,0.2004,16.43,2.2,MARGINAL_EV,draw,True,0.0079,0.79,-0.0656,-6.56,True,False
2024-12-22_Fulham_Southampton_away,2024-12-22,Fulham vs Southampton,away,7.6,7.35,8.066,0.2143,0.1261,0.1372,62.87,4.3,MARGINAL_EV,draw,False,0.034,3.4,-0.0578,-5.78,True,False
2024-12-22_Leicester City_Wolverhampton Wanderers_home,2024-12-22,Leicester City vs Wolverhampton Wanderers,home,2.63,2.63,2.709,0.3917,0.3757,0.3817,3.02,0.4,NO_EDGE,away,False,0.0,0.0,-0.0292,-2.92,False,False
2024-12-22_Leicester City_Wolverhampton Wanderers_draw,2024-12-22,Leicester City vs Wolverhampton Wanderers,draw,3.71,3.58,3.722,0.2266,0.2652,0.2544,-15.93,-5.62,NO_EDGE,away,False,0.0363,3.63,-0.0032,-0.32,True,False
2024-12-22_Leicester City_Wolverhampton Wanderers_away,2024-12-22,Leicester City vs Wolverhampton Wanderers,away,2.75,2.68,2.762,0.3817,0.3591,0.3676,4.97,1.1,NO_EDGE,away,True,0.0261,2.61,-0.0043,-0.43,True,False
2024-12-22_Manchester United_Bournemouth_home,2024-12-22,Manchester United vs Bournemouth,home,1.89,1.86,1.902,0.3528,0.5256,0.5062,-33.32,-4.32,NO_EDGE,away,False,0.0161,1.61,-0.0063,-0.63,True,False
2024-12-22_Manchester United_Bournemouth_draw,2024-12-22,Manchester United vs Bournemouth,draw,4.06,3.87,4.065,0.2677,0.2427,0.2521,8.69,2.37,MARGINAL_EV,away,False,0.0491,4.91,-0.0012,-0.12,True,False
2024-12-22_Manchester United_Bournemouth_away,2024-12-22,Manchester United vs Bournemouth,away,4.25,4.16,4.381,0.3795,0.2317,0.2483,61.29,5.52,CALIBRATED_EV,away,True,0.0216,2.16,-0.0299,-2.99,True,True
2024-12-22_Tottenham_Liverpool_home,2024-12-22,Tottenham vs Liverpool,home,4.5,4.47,4.737,0.3722,0.2202,0.2372,67.49,6.76,CALIBRATED_EV,away,False,0.0067,0.67,-0.05,-5.0,True,True
2024-12-22_Tottenham_Liverpool_draw,2024-12-22,Tottenham vs Liverpool,draw,4.64,4.37,4.627,0.2446,0.2135,0.2222,13.49,3.11,MARGINAL_EV,away,False,0.0618,6.18,0.0028,0.28,True,False
2024-12-22_Tottenham_Liverpool_away,2024-12-22,Tottenham vs Liverpool,away,1.76,1.71,1.746,0.3832,0.5663,0.5457,-32.56,-3.95,NO_EDGE,away,True,0.0292,2.92,0.008,0.8,True,False
2024-12-26_Newcastle United_Aston Villa_home,2024-12-26,Newcastle United vs Aston Villa,home,1.97,1.94,1.985,0.398,0.5011,0.4723,-21.59,-6.97,NO_EDGE,home,True,0.0155,1.55,-0.0076,-0.76,True,False
2024-12-26_Newcastle United_Aston Villa_draw,2024-12-26,Newcastle United vs Aston Villa,draw,4.02,4.02,4.217,0.2517,0.2423,0.2458,1.18,-1.17,NO_EDGE,home,False,0.0,0.0,-0.0467,-4.67,False,False
2024-12-26_Newcastle United_Aston Villa_away,2024-12-26,Newcastle United vs Aston Villa,away,3.8,3.69,3.86,0.3503,0.2566,0.2828,33.11,7.47,CALIBRATED_EV,home,False,0.0298,2.98,-0.0155,-1.55,True,True
2024-12-26_Manchester City_Everton_home,2024-12-26,Manchester City vs Everton,home,1.37,1.34,1.36,0.3837,0.7267,0.6883,-47.43,-5.71,NO_EDGE,draw,False,0.0224,2.24,0.0074,0.74,True,False
2024-12-26_Manchester City_Everton_draw,2024-12-26,Manchester City vs Everton,draw,5.73,5.73,6.265,0.2715,0.1703,0.183,55.57,4.87,MARGINAL_EV,draw,True,0.0,0.0,-0.0854,-8.54,False,False
2024-12-26_Manchester City_Everton_away,2024-12-26,Manchester City vs Everton,away,9.4,8.52,9.507,0.3447,0.1031,0.1224,224.02,15.05,FAKE_EV,draw,False,0.1033,10.33,-0.0113,-1.13,True,False
2024-12-26_Bournemouth_Crystal Palace_home,2024-12-26,Bournemouth vs Crystal Palace,home,1.95,1.92,1.963,0.4402,0.5108,0.491,-14.16,-4.25,NO_EDGE,draw,False,0.0156,1.56,-0.0066,-0.66,True,False
2024-12-26_Bournemouth_Crystal Palace_draw,2024-12-26,Bournemouth vs Crystal Palace,draw,3.92,3.85,4.029,0.2613,0.2531,0.2562,2.43,0.42,NO_EDGE,draw,True,0.0182,1.82,-0.0271,-2.71,True,False
2024-12-26_Bournemouth_Crystal Palace_away,2024-12-26,Bournemouth vs Crystal Palace,away,4.2,3.94,4.127,0.2985,0.2361,0.2536,25.37,6.5,CALIBRATED_EV,draw,False,0.066,6.6,0.0177,1.77,True,True
2024-12-26_Chelsea_Fulham_home,2024-12-26,Chelsea vs Fulham,home,1.52,1.47,1.496,0.4563,0.6572,0.6347,-30.64,-3.52,NO_EDGE,away,False,0.034,3.4,0.016,1.6,True,False
2024-12-26_Chelsea_Fulham_draw,2024-12-26,Chelsea vs Fulham,draw,5.1,4.98,5.364,0.2553,0.1953,0.2121,30.2,8.18,CALIBRATED_EV,away,False,0.0241,2.41,-0.0492,-4.92,True,True
2024-12-26_Chelsea_Fulham_away,2024-12-26,Chelsea vs Fulham,away,6.75,6.32,6.882,0.2883,0.1475,0.1587,94.6,7.14,FAKE_EV,away,True,0.068,6.8,-0.0192,-1.92,True,False
2024-12-26_Southampton_West Ham United_home,2024-12-26,Southampton vs West Ham United,home,3.37,3.28,3.406,0.2925,0.2909,0.2915,-1.43,-1.77,NO_EDGE,away,False,0.0274,2.74,-0.0106,-1.06,True,False
2024-12-26_Southampton_West Ham United_draw,2024-12-26,Southampton vs West Ham United,draw,3.7,3.62,3.771,0.2496,0.2645,0.2589,-7.65,-4.21,NO_EDGE,away,False,0.0221,2.21,-0.0188,-1.88,True,False
2024-12-26_Southampton_West Ham United_away,2024-12-26,Southampton vs West Ham United,away,2.22,2.21,2.266,0.4579,0.4446,0.4496,1.65,-0.18,NO_EDGE,away,True,0.0045,0.45,-0.0203,-2.03,True,False
2024-12-26_Wolverhampton Wanderers_Manchester United_home,2024-12-26,Wolverhampton Wanderers vs Manchester United,home,3.99,3.95,4.146,0.3409,0.2461,0.2726,36.02,8.78,CALIBRATED_EV,home,True,0.0101,1.01,-0.0376,-3.76,True,True
2024-12-26_Wolverhampton Wanderers_Manchester United_draw,2024-12-26,Wolverhampton Wanderers vs Manchester United,draw,3.8,3.74,3.918,0.2438,0.2585,0.253,-7.36,-3.88,NO_EDGE,home,False,0.016,1.6,-0.0301,-3.01,True,False
2024-12-26_Wolverhampton Wanderers_Manchester United_away,2024-12-26,Wolverhampton Wanderers vs Manchester United,away,2.0,1.94,1.986,0.4153,0.4954,0.473,-16.94,-5.4,NO_EDGE,home,False,0.0309,3.09,0.007,0.7,True,False
2024-12-26_Liverpool_Leicester City_home,2024-12-26,Liverpool vs Leicester City,home,1.1,1.08,1.089,0.5874,0.9066,0.8708,-35.39,-4.21,NO_EDGE,home,True,0.0185,1.85,0.0101,1.01,True,False
2024-12-26_Liverpool_Leicester City_draw,2024-12-26,Liverpool vs Leicester City,draw,13.84,13.84,18.536,0.2107,0.0669,0.0784,191.61,8.52,FAKE_EV,home,False,0.0,0.0,-0.2533,-25.33,False,False
2024-12-26_Liverpool_Leicester City_away,2024-12-26,Liverpool vs Leicester City,away,34.0,24.96,35.689,0.2019,0.0265,0.0406,586.46,37.9,FAKE_EV,home,False,0.3622,36.22,-0.0473,-4.73,True,False
2024-12-26_Nottingham Forest_Tottenham_home,2024-12-26,Nottingham Forest vs Tottenham,home,2.42,2.37,2.434,0.3364,0.4072,0.3874,-18.59,-6.25,NO_EDGE,home,True,0.0211,2.11,-0.0058,-0.58,True,False
2024-12-26_Nottingham Forest_Tottenham_draw,2024-12-26,Nottingham Forest vs Tottenham,draw,3.85,3.81,3.97,0.2443,0.254,0.2503,-5.94,-3.62,NO_EDGE,home,False,0.0105,1.05,-0.0302,-3.02,True,False
2024-12-26_Nottingham Forest_Tottenham_away,2024-12-26,Nottingham Forest vs Tottenham,away,2.9,2.87,2.965,0.4193,0.3388,0.3613,21.6,4.79,MARGINAL_EV,home,False,0.0105,1.05,-0.0219,-2.19,True,False
2024-12-27_Brighton_Brentford_home,2024-12-27,Brighton vs Brentford,home,1.66,1.64,1.668,0.3597,0.5979,0.5712,-40.29,-5.18,NO_EDGE,draw,False,0.0122,1.22,-0.0048,-0.48,True,False
2024-12-27_Brighton_Brentford_draw,2024-12-27,Brighton vs Brentford,draw,4.64,4.54,4.778,0.2363,0.2107,0.2204,9.64,2.25,MARGINAL_EV,draw,True,0.022,2.2,-0.0289,-2.89,True,False
2024-12-27_Brighton_Brentford_away,2024-12-27,Brighton vs Brentford,away,5.1,4.96,5.235,0.404,0.1914,0.2152,106.04,9.76,CALIBRATED_EV,draw,False,0.0282,2.82,-0.0258,-2.58,True,True
2024-12-27_Arsenal_Ipswich Town_home,2024-12-27,Arsenal vs Ipswich Town,home,1.18,1.15,1.162,0.5346,0.8452,0.8104,-36.92,-4.37,NO_EDGE,home,True,0.0261,2.61,0.0155,1.55,True,False
2024-12-27_Arsenal_Ipswich Town_draw,2024-12-27,Arsenal vs Ipswich Town,draw,9.0,8.67,10.118,0.2415,0.1073,0.1242,117.35,11.75,FAKE_EV,home,False,0.0381,3.81,-0.1105,-11.05,True,False
2024-12-27_Arsenal_Ipswich Town_away,2024-12-27,Arsenal vs Ipswich Town,away,20.05,20.05,24.845,0.224,0.0475,0.0617,349.12,23.61,FAKE_EV,home,False,0.0,0.0,-0.193,-19.3,False,False
2024-12-29_Crystal Palace_Southampton_home,2024-12-29,Crystal Palace vs Southampton,home,1.66,1.64,1.672,0.4813,0.5991,0.5661,-20.1,-6.02,NO_EDGE,home,True,0.0122,1.22,-0.0072,-0.72,True,False
2024-12-29_Crystal Palace_Southampton_draw,2024-12-29,Crystal Palace vs Southampton,draw,4.25,4.13,4.369,0.2619,0.2317,0.2401,11.31,2.06,MARGINAL_EV,home,False,0.0291,2.91,-0.0272,-2.72,True,False
2024-12-29_Crystal Palace_Southampton_away,2024-12-29,Crystal Palace vs Southampton,away,5.8,5.4,5.774,0.2568,0.1692,0.1802,48.94,4.53,MARGINAL_EV,home,False,0.0741,7.41,0.0045,0.45,True,False
2024-12-29_Everton_Nottingham Forest_home,2024-12-29,Everton vs Nottingham Forest,home,2.71,2.69,2.774,0.3266,0.3615,0.3517,-11.49,-4.69,NO_EDGE,away,False,0.0074,0.74,-0.0231,-2.31,True,False
2024-12-29_Everton_Nottingham Forest_draw,2024-12-29,Everton vs Nottingham Forest,draw,3.24,3.18,3.296,0.2916,0.3012,0.2976,-5.52,-3.58,NO_EDGE,away,False,0.0189,1.89,-0.017,-1.7,True,False
2024-12-29_Everton_Nottingham Forest_away,2024-12-29,Everton vs Nottingham Forest,away,2.9,2.88,2.976,0.3818,0.3373,0.3498,10.72,1.43,MARGINAL_EV,away,True,0.0069,0.69,-0.0255,-2.55,True,False
2024-12-29_Leicester City_Manchester City_home,2024-12-29,Leicester City vs Manchester City,home,8.8,8.42,9.454,0.3029,0.1095,0.125,166.55,9.98,FAKE_EV,away,False,0.0451,4.51,-0.0692,-6.92,True,False
2024-12-29_Leicester City_Manchester City_draw,2024-12-29,Leicester City vs Manchester City,draw,5.9,5.9,6.497,0.2398,0.1645,0.1739,41.48,2.62,MARGINAL_EV,away,False,0.0,0.0,-0.0919,-9.19,False,False
2024-12-29_Leicester City_Manchester City_away,2024-12-29,Leicester City vs Manchester City,away,1.37,1.33,1.351,0.4573,0.726,0.6959,-37.35,-4.66,NO_EDGE,away,True,0.0301,3.01,0.0141,1.41,True,False
2024-12-29_Tottenham_Wolverhampton Wanderers_home,2024-12-29,Tottenham vs Wolverhampton Wanderers,home,1.66,1.63,1.661,0.4755,0.5982,0.5639,-21.07,-6.4,NO_EDGE,draw,False,0.0184,1.84,-0.0006,-0.06,True,False
2024-12-29_Tottenham_Wolverhampton Wanderers_draw,2024-12-29,Tottenham vs Wolverhampton Wanderers,draw,5.0,4.91,5.22,0.2211,0.1956,0.2053,10.55,2.64,MARGINAL_EV,draw,True,0.0183,1.83,-0.0421,-4.21,True,False
2024-12-29_Tottenham_Wolverhampton Wanderers_away,2024-12-29,Tottenham vs Wolverhampton Wanderers,away,4.75,4.57,4.845,0.3034,0.2061,0.2333,44.11,10.84,CALIBRATED_EV,draw,False,0.0394,3.94,-0.0196,-1.96,True,True
2024-12-29_West Ham United_Liverpool_home,2024-12-29,West Ham United vs Liverpool,home,7.5,7.32,8.05,0.2352,0.1287,0.1421,76.4,6.57,CALIBRATED_EV,away,False,0.0246,2.46,-0.0683,-6.83,True,True
2024-12-29_West Ham United_Liverpool_draw,2024-12-29,West Ham United vs Liverpool,draw,5.5,5.34,5.785,0.2276,0.1764,0.1829,25.18,0.58,MARGINAL_EV,away,False,0.03,3.0,-0.0493,-4.93,True,False
2024-12-29_West Ham United_Liverpool_away,2024-12-29,West Ham United vs Liverpool,away,1.43,1.4,1.423,0.5372,0.6949,0.6772,-23.18,-3.15,NO_EDGE,away,True,0.0214,2.14,0.0049,0.49,True,False
2024-12-29_Fulham_Bournemouth_home,2024-12-29,Fulham vs Bournemouth,home,2.4,2.37,2.436,0.3544,0.4115,0.3955,-14.94,-5.07,NO_EDGE,draw,False,0.0127,1.27,-0.0148,-1.48,True,False
2024-12-29_Fulham_Bournemouth_draw,2024-12-29,Fulham vs Bournemouth,draw,3.77,3.59,3.738,0.2617,0.2603,0.2608,-1.34,-1.67,NO_EDGE,draw,True,0.0501,5.01,0.0086,0.86,True,False
2024-12-29_Fulham_Bournemouth_away,2024-12-29,Fulham vs Bournemouth,away,3.0,3.0,3.106,0.3839,0.3282,0.3438,15.17,3.13,MARGINAL_EV,draw,False,0.0,0.0,-0.0341,-3.41,False,False
2024-12-30_Aston Villa_Brighton_home,2024-12-30,Aston Villa vs Brighton,home,1.99,1.99,2.036,0.3769,0.4977,0.4639,-25.0,-7.69,NO_EDGE,draw,False,0.0,0.0,-0.0226,-2.26,False,False
2024-12-30_Aston Villa_Brighton_draw,2024-12-30,Aston Villa vs Brighton,draw,4.02,3.91,4.093,0.2463,0.244,0.2449,-0.99,-1.57,NO_EDGE,draw,True,0.0281,2.81,-0.0178,-1.78,True,False
2024-12-30_Aston Villa_Brighton_away,2024-12-30,Aston Villa vs Brighton,away,3.8,3.62,3.779,0.3769,0.2583,0.2915,43.22,10.78,CALIBRATED_EV,draw,False,0.0497,4.97,0.0056,0.56,True,True
2024-12-30_Ipswich Town_Chelsea_home,2024-12-30,Ipswich Town vs Chelsea,home,7.83,7.1,7.768,0.2101,0.1284,0.1387,64.51,8.59,CALIBRATED_EV,home,True,0.1028,10.28,0.008,0.8,True,True
2024-12-30_Ipswich Town_Chelsea_draw,2024-12-30,Ipswich Town vs Chelsea,draw,5.4,5.2,5.609,0.235,0.186,0.1997,26.9,7.85,CALIBRATED_EV,home,False,0.0385,3.85,-0.0373,-3.73,True,True
2024-12-30_Ipswich Town_Chelsea_away,2024-12-30,Ipswich Town vs Chelsea,away,1.46,1.42,1.443,0.5549,0.6856,0.649,-18.98,-5.25,NO_EDGE,home,False,0.0282,2.82,0.0118,1.18,True,False
2024-12-30_Manchester United_Newcastle United_home,2024-12-30,Manchester United vs Newcastle United,home,2.8,2.72,2.805,0.3244,0.3532,0.3423,-9.17,-4.16,NO_EDGE,away,False,0.0294,2.94,-0.0018,-0.18,True,False
2024-12-30_Manchester United_Newcastle United_draw,2024-12-30,Manchester United vs Newcastle United,draw,3.81,3.68,3.831,0.2649,0.2587,0.261,0.93,-0.55,NO_EDGE,away,False,0.0353,3.53,-0.0055,-0.55,True,False
2024-12-30_Manchester United_Newcastle United_away,2024-12-30,Manchester United vs Newcastle United,away,2.55,2.54,2.614,0.4108,0.3882,0.3967,4.75,1.17,NO_EDGE,away,True,0.0039,0.39,-0.0245,-2.45,True,False
2025-01-01_Brentford_Arsenal_home,2025-01-01,Brentford vs Arsenal,home,7.2,6.98,7.677,0.2903,0.1357,0.1481,109.02,6.62,FAKE_EV,away,False,0.0315,3.15,-0.0621,-6.21,True,False
2025-01-01_Brentford_Arsenal_draw,2025-01-01,Brentford vs Arsenal,draw,5.0,4.93,5.331,0.239,0.1963,0.2082,19.5,4.12,MARGINAL_EV,away,False,0.0142,1.42,-0.0621,-6.21,True,False
2025-01-01_Brentford_Arsenal_away,2025-01-01,Brentford vs Arsenal,away,1.49,1.44,1.466,0.4707,0.668,0.6459,-29.87,-3.76,NO_EDGE,away,True,0.0347,3.47,0.0164,1.64,True,False
2025-01-04_Tottenham_Newcastle United_home,2025-01-04,Tottenham vs Newcastle United,home,3.0,2.97,3.075,0.3959,0.3291,0.3478,18.77,4.33,MARGINAL_EV,away,False,0.0101,1.01,-0.0244,-2.44,True,False
2025-01-04_Tottenham_Newcastle United_draw,2025-01-04,Tottenham vs Newcastle United,draw,4.06,4.06,4.245,0.2417,0.2423,0.2421,-1.87,-1.72,NO_EDGE,away,False,0.0,0.0,-0.0436,-4.36,False,False
2025-01-04_Tottenham_Newcastle United_away,2025-01-04,Tottenham vs Newcastle United,away,2.31,2.22,2.277,0.3625,0.4287,0.4101,-16.26,-5.26,NO_EDGE,away,True,0.0405,4.05,0.0145,1.45,True,False
2025-01-04_Aston Villa_Leicester City_home,2025-01-04,Aston Villa vs Leicester City,home,1.35,1.32,1.341,0.455,0.7388,0.707,-38.57,-4.56,NO_EDGE,home,True,0.0227,2.27,0.0067,0.67,True,False
2025-01-04_Aston Villa_Leicester City_draw,2025-01-04,Aston Villa vs Leicester City,draw,5.86,5.64,6.222,0.2453,0.168,0.1777,43.75,4.14,MARGINAL_EV,home,False,0.039,3.9,-0.0582,-5.82,True,False
2025-01-04_Aston Villa_Leicester City_away,2025-01-04,Aston Villa vs Leicester City,away,10.5,9.41,10.688,0.2997,0.0933,0.1098,214.69,15.27,FAKE_EV,home,False,0.1158,11.58,-0.0176,-1.76,True,False
2025-01-04_Bournemouth_Everton_home,2025-01-04,Bournemouth vs Everton,home,1.8,1.75,1.785,0.4006,0.5535,0.5364,-27.89,-3.45,NO_EDGE,home,True,0.0286,2.86,0.0084,0.84,True,False
2025-01-04_Bournemouth_Everton_draw,2025-01-04,Bournemouth vs Everton,draw,3.99,3.91,4.104,0.2918,0.2485,0.2606,16.43,3.98,MARGINAL_EV,home,False,0.0205,2.05,-0.0278,-2.78,True,False
2025-01-04_Bournemouth_Everton_away,2025-01-04,Bournemouth vs Everton,away,5.0,4.82,5.097,0.3076,0.198,0.2287,53.8,14.35,CALIBRATED_EV,home,False,0.0373,3.73,-0.019,-1.9,True,True
2025-01-04_Crystal Palace_Chelsea_home,2025-01-04,Crystal Palace vs Chelsea,home,3.8,3.69,3.862,0.2747,0.2575,0.264,4.39,0.31,NO_EDGE,draw,False,0.0298,2.98,-0.0161,-1.61,True,False
2025-01-04_Crystal Palace_Chelsea_draw,2025-01-04,Crystal Palace vs Chelsea,draw,4.02,3.97,4.166,0.2618,0.2431,0.2502,5.24,0.58,MARGINAL_EV,draw,True,0.0126,1.26,-0.035,-3.5,True,False
2025-01-04_Crystal Palace_Chelsea_away,2025-01-04,Crystal Palace vs Chelsea,away,1.98,1.95,1.996,0.4634,0.4994,0.4893,-8.25,-3.11,NO_EDGE,draw,False,0.0154,1.54,-0.008,-0.8,True,False
2025-01-04_Manchester City_West Ham United_home,2025-01-04,Manchester City vs West Ham United,home,1.34,1.32,1.338,0.4213,0.743,0.7069,-43.55,-5.27,NO_EDGE,home,True,0.0152,1.52,0.0015,0.15,True,False
2025-01-04_Manchester City_West Ham United_draw,2025-01-04,Manchester City vs West Ham United,draw,6.5,6.41,7.017,0.2576,0.1495,0.1632,67.44,6.05,CALIBRATED_EV,home,False,0.014,1.4,-0.0737,-7.37,True,True
2025-01-04_Manchester City_West Ham United_away,2025-01-04,Manchester City vs West Ham United,away,9.0,8.2,9.084,0.321,0.1075,0.1246,188.9,12.1,FAKE_EV,home,False,0.0976,9.76,-0.0092,-0.92,True,False
2025-01-04_Southampton_Brentford_home,2025-01-04,Southampton vs Brentford,home,3.0,2.95,3.048,0.2784,0.3374,0.3209,-16.48,-3.74,NO_EDGE,away,False,0.0169,1.69,-0.0157,-1.57,True,False
2025-01-04_Southampton_Brentford_draw,2025-01-04,Southampton vs Brentford,draw,3.81,3.59,3.732,0.2413,0.2664,0.2569,-8.06,-2.12,NO_EDGE,away,False,0.0613,6.13,0.0209,2.09,True,False
2025-01-04_Southampton_Brentford_away,2025-01-04,Southampton vs Brentford,away,2.55,2.41,2.475,0.4803,0.3962,0.4198,22.48,7.04,CALIBRATED_EV,away,True,0.0581,5.81,0.0303,3.03,True,True
2025-01-04_Brighton_Arsenal_home,2025-01-04,Brighton vs Arsenal,home,4.7,4.62,4.885,0.2726,0.2109,0.2282,28.12,7.25,CALIBRATED_EV,draw,False,0.0173,1.73,-0.0379,-3.79,True,True
2025-01-04_Brighton_Arsenal_draw,2025-01-04,Brighton vs Arsenal,draw,4.01,3.7,3.881,0.2411,0.2474,0.245,-3.32,-1.74,NO_EDGE,draw,True,0.0838,8.38,0.0332,3.32,True,False
2025-01-04_Brighton_Arsenal_away,2025-01-04,Brighton vs Arsenal,away,1.84,1.82,1.86,0.4863,0.5416,0.5261,-10.52,-3.19,NO_EDGE,draw,False,0.011,1.1,-0.0108,-1.08,True,False
2025-01-05_Fulham_Ipswich Town_home,2025-01-05,Fulham vs Ipswich Town,home,1.6,1.56,1.591,0.449,0.622,0.6027,-28.16,-3.57,NO_EDGE,draw,False,0.0256,2.56,0.0057,0.57,True,False
2025-01-05_Fulham_Ipswich Town_draw,2025-01-05,Fulham vs Ipswich Town,draw,4.46,4.46,4.769,0.2581,0.2209,0.2313,15.11,3.16,MARGINAL_EV,draw,True,0.0,0.0,-0.0648,-6.48,False,False
2025-01-05_Fulham_Ipswich Town_away,2025-01-05,Fulham vs Ipswich Town,away,6.25,5.71,6.174,0.2929,0.1571,0.1742,83.06,8.87,FAKE_EV,draw,False,0.0946,9.46,0.0123,1.23,True,False
2025-01-05_Liverpool_Manchester United_home,2025-01-05,Liverpool vs Manchester United,home,1.3,1.29,1.311,0.525,0.7652,0.7383,-31.75,-4.02,NO_EDGE,draw,False,0.0078,0.78,-0.0084,-0.84,True,False
2025-01-05_Liverpool_Manchester United_draw,2025-01-05,Liverpool vs Manchester United,draw,6.5,6.14,6.899,0.2414,0.1482,0.1599,56.91,3.95,MARGINAL_EV,draw,True,0.0586,5.86,-0.0578,-5.78,True,False
2025-01-05_Liverpool_Manchester United_away,2025-01-05,Liverpool vs Manchester United,away,11.0,9.37,10.818,0.2336,0.0866,0.0984,156.96,8.24,FAKE_EV,draw,False,0.174,17.4,0.0168,1.68,True,False
2025-01-06_Wolverhampton Wanderers_Nottingham Forest_home,2025-01-06,Wolverhampton Wanderers vs Nottingham Forest,home,3.44,3.44,3.579,0.3259,0.2899,0.3,12.11,3.19,MARGINAL_EV,away,False,0.0,0.0,-0.0388,-3.88,False,False
2025-01-06_Wolverhampton Wanderers_Nottingham Forest_draw,2025-01-06,Wolverhampton Wanderers vs Nottingham Forest,draw,3.35,3.22,3.343,0.2503,0.2977,0.2844,-16.15,-4.72,NO_EDGE,away,False,0.0404,4.04,0.0021,0.21,True,False
2025-01-06_Wolverhampton Wanderers_Nottingham Forest_away,2025-01-06,Wolverhampton Wanderers vs Nottingham Forest,away,2.42,2.31,2.373,0.4238,0.4124,0.4167,2.56,0.85,NO_EDGE,away,True,0.0476,4.76,0.0198,1.98,True,False
2025-01-14_Brentford_Manchester City_home,2025-01-14,Brentford vs Manchester City,home,5.09,4.9,5.149,0.4011,0.1944,0.2175,104.16,10.72,CALIBRATED_EV,draw,False,0.0388,3.88,-0.0115,-1.15,True,True
2025-01-14_Brentford_Manchester City_draw,2025-01-14,Brentford vs Manchester City,draw,4.74,4.56,4.781,0.244,0.2088,0.2187,15.66,3.65,MARGINAL_EV,draw,True,0.0395,3.95,-0.0086,-0.86,True,False
2025-01-14_Brentford_Manchester City_away,2025-01-14,Brentford vs Manchester City,away,1.67,1.65,1.676,0.3549,0.5968,0.5697,-40.73,-4.86,NO_EDGE,draw,False,0.0121,1.21,-0.0036,-0.36,True,False
2025-01-14_Chelsea_Bournemouth_home,2025-01-14,Chelsea vs Bournemouth,home,1.61,1.5,1.521,0.3616,0.6283,0.5984,-41.78,-3.65,NO_EDGE,draw,False,0.0733,7.33,0.0585,5.85,True,False
2025-01-14_Chelsea_Bournemouth_draw,2025-01-14,Chelsea vs Bournemouth,draw,4.99,4.96,5.246,0.2626,0.2083,0.2235,31.04,11.54,CALIBRATED_EV,draw,True,0.006,0.6,-0.0488,-4.88,True,True
2025-01-14_Chelsea_Bournemouth_away,2025-01-14,Chelsea vs Bournemouth,away,6.4,6.17,6.575,0.3758,0.1634,0.1804,140.51,15.45,FAKE_EV,draw,False,0.0373,3.73,-0.0266,-2.66,True,False
2025-01-14_West Ham United_Fulham_home,2025-01-14,West Ham United vs Fulham,home,3.05,3.03,3.117,0.3064,0.3239,0.3172,-6.55,-3.24,NO_EDGE,home,True,0.0066,0.66,-0.0215,-2.15,True,False
2025-01-14_West Ham United_Fulham_draw,2025-01-14,West Ham United vs Fulham,draw,3.54,3.54,3.656,0.2493,0.2786,0.2675,-11.75,-5.3,NO_EDGE,home,False,0.0,0.0,-0.0317,-3.17,False,False
2025-01-14_West Ham United_Fulham_away,2025-01-14,West Ham United vs Fulham,away,2.49,2.41,2.465,0.4443,0.3976,0.4107,10.63,2.25,MARGINAL_EV,home,False,0.0332,3.32,0.0101,1.01,True,False
2025-01-14_Nottingham Forest_Liverpool_home,2025-01-14,Nottingham Forest vs Liverpool,home,5.4,5.28,5.581,0.3002,0.1812,0.2145,62.11,15.84,CALIBRATED_EV,draw,False,0.0227,2.27,-0.0324,-3.24,True,True
2025-01-14_Nottingham Forest_Liverpool_draw,2025-01-14,Nottingham Forest vs Liverpool,draw,4.38,4.24,4.449,0.2496,0.224,0.2337,9.32,2.34,MARGINAL_EV,draw,True,0.033,3.3,-0.0155,-1.55,True,False
2025-01-14_Nottingham Forest_Liverpool_away,2025-01-14,Nottingham Forest vs Liverpool,away,1.67,1.65,1.678,0.4502,0.5948,0.5786,-24.82,-3.37,NO_EDGE,draw,False,0.0121,1.21,-0.0048,-0.48,True,False
2025-01-15_Everton_Aston Villa_home,2025-01-15,Everton vs Aston Villa,home,3.3,3.26,3.379,0.3757,0.2964,0.3186,23.98,5.14,CALIBRATED_EV,away,False,0.0123,1.23,-0.0234,-2.34,True,True
2025-01-15_Everton_Aston Villa_draw,2025-01-15,Everton vs Aston Villa,draw,3.35,3.31,3.433,0.2966,0.2919,0.2937,-0.64,-1.62,NO_EDGE,away,False,0.0121,1.21,-0.0242,-2.42,True,False
2025-01-15_Everton_Aston Villa_away,2025-01-15,Everton vs Aston Villa,away,2.39,2.36,2.423,0.3277,0.4117,0.3882,-21.68,-7.22,NO_EDGE,away,True,0.0127,1.27,-0.0136,-1.36,True,False
2025-01-15_Leicester City_Crystal Palace_home,2025-01-15,Leicester City vs Crystal Palace,home,4.01,4.01,4.197,0.2894,0.2449,0.2574,16.05,3.21,MARGINAL_EV,away,False,0.0,0.0,-0.0446,-4.46,False,False
2025-01-15_Leicester City_Crystal Palace_draw,2025-01-15,Leicester City vs Crystal Palace,draw,3.94,3.76,3.927,0.2542,0.2493,0.2512,0.15,-1.04,NO_EDGE,away,False,0.0479,4.79,0.0033,0.33,True,False
2025-01-15_Leicester City_Crystal Palace_away,2025-01-15,Leicester City vs Crystal Palace,away,1.96,1.93,1.972,0.4563,0.5058,0.4919,-10.57,-3.59,NO_EDGE,away,True,0.0155,1.55,-0.0061,-0.61,True,False
2025-01-15_Newcastle United_Wolverhampton Wanderers_home,2025-01-15,Newcastle United vs Wolverhampton Wanderers,home,1.38,1.36,1.38,0.4698,0.7231,0.6947,-35.17,-4.13,NO_EDGE,home,True,0.0147,1.47,0.0,0.0,True,False
2025-01-15_Newcastle United_Wolverhampton Wanderers_draw,2025-01-15,Newcastle United vs Wolverhampton Wanderers,draw,5.9,5.73,6.223,0.2396,0.1675,0.1766,41.36,4.17,MARGINAL_EV,home,False,0.0297,2.97,-0.0519,-5.19,True,False
2025-01-15_Newcastle United_Wolverhampton Wanderers_away,2025-01-15,Newcastle United vs Wolverhampton Wanderers,away,9.0,7.91,8.723,0.2906,0.1095,0.124,161.54,11.56,FAKE_EV,home,False,0.1378,13.78,0.0318,3.18,True,False
2025-01-15_Arsenal_Tottenham_home,2025-01-15,Arsenal vs Tottenham,home,1.43,1.4,1.424,0.4242,0.6944,0.6641,-39.34,-5.03,NO_EDGE,home,True,0.0214,2.14,0.0042,0.42,True,False
2025-01-15_Arsenal_Tottenham_draw,2025-01-15,Arsenal vs Tottenham,draw,5.6,5.54,6.036,0.2404,0.1726,0.1811,34.62,1.44,MARGINAL_EV,home,False,0.0108,1.08,-0.0722,-7.22,True,False
2025-01-15_Arsenal_Tottenham_away,2025-01-15,Arsenal vs Tottenham,away,7.23,6.88,7.577,0.3355,0.133,0.1492,142.57,7.89,FAKE_EV,home,False,0.0509,5.09,-0.0458,-4.58,True,False
2025-01-16_Ipswich Town_Brighton_home,2025-01-16,Ipswich Town vs Brighton,home,3.9,3.84,4.021,0.3319,0.2509,0.2736,29.44,6.69,CALIBRATED_EV,away,False,0.0156,1.56,-0.0301,-3.01,True,True
2025-01-16_Ipswich Town_Brighton_draw,2025-01-16,Ipswich Town vs Brighton,draw,3.92,3.78,3.956,0.2568,0.2496,0.2523,0.67,-1.09,NO_EDGE,away,False,0.037,3.7,-0.0091,-0.91,True,False
2025-01-16_Ipswich Town_Brighton_away,2025-01-16,Ipswich Town vs Brighton,away,1.98,1.96,2.006,0.4112,0.4995,0.4748,-18.58,-5.99,NO_EDGE,away,True,0.0102,1.02,-0.013,-1.3,True,False
2025-01-16_Manchester United_Southampton_home,2025-01-16,Manchester United vs Southampton,home,1.33,1.31,1.33,0.4979,0.7478,0.7198,-33.78,-4.26,NO_EDGE,home,True,0.0153,1.53,0.0,0.0,True,False
2025-01-16_Manchester United_Southampton_draw,2025-01-16,Manchester United vs Southampton,draw,6.0,5.97,6.583,0.2504,0.1611,0.1724,50.24,3.41,MARGINAL_EV,home,False,0.005,0.5,-0.0886,-8.86,True,False
2025-01-16_Manchester United_Southampton_away,2025-01-16,Manchester United vs Southampton,away,10.5,9.23,10.423,0.2517,0.0911,0.1039,164.28,9.13,FAKE_EV,home,False,0.1376,13.76,0.0074,0.74,True,False
2025-01-18_Newcastle United_Bournemouth_home,2025-01-18,Newcastle United vs Bournemouth,home,1.67,1.65,1.683,0.4069,0.5944,0.5734,-32.05,-4.25,NO_EDGE,away,False,0.0121,1.21,-0.0077,-0.77,True,False
2025-01-18_Newcastle United_Bournemouth_draw,2025-01-18,Newcastle United vs Bournemouth,draw,4.49,4.33,4.59,0.2626,0.2179,0.2304,17.91,3.46,MARGINAL_EV,away,False,0.037,3.7,-0.0218,-2.18,True,False
2025-01-18_Newcastle United_Bournemouth_away,2025-01-18,Newcastle United vs Bournemouth,away,5.2,4.99,5.319,0.3305,0.1878,0.2037,71.86,5.94,CALIBRATED_EV,away,True,0.0421,4.21,-0.0224,-2.24,True,True
2025-01-18_Arsenal_Aston Villa_home,2025-01-18,Arsenal vs Aston Villa,home,1.55,1.53,1.558,0.4887,0.6419,0.6248,-24.25,-3.16,NO_EDGE,draw,False,0.0131,1.31,-0.0051,-0.51,True,False
2025-01-18_Arsenal_Aston Villa_draw,2025-01-18,Arsenal vs Aston Villa,draw,4.5,4.4,4.687,0.2539,0.2184,0.2283,14.25,2.75,MARGINAL_EV,draw,True,0.0227,2.27,-0.0399,-3.99,True,False
2025-01-18_Arsenal_Aston Villa_away,2025-01-18,Arsenal vs Aston Villa,away,7.0,6.38,6.905,0.2573,0.1397,0.1545,80.11,8.16,CALIBRATED_EV,draw,False,0.0972,9.72,0.0138,1.38,True,True
2025-01-18_Brentford_Liverpool_home,2025-01-18,Brentford vs Liverpool,home,7.0,6.49,7.123,0.3142,0.1426,0.1563,119.94,9.4,FAKE_EV,away,False,0.0786,7.86,-0.0173,-1.73,True,False
2025-01-18_Brentford_Liverpool_draw,2025-01-18,Brentford vs Liverpool,draw,5.35,5.33,5.793,0.2288,0.1866,0.1984,22.41,6.14,CALIBRATED_EV,away,False,0.0038,0.38,-0.0765,-7.65,True,True
2025-01-18_Brentford_Liverpool_away,2025-01-18,Brentford vs Liverpool,away,1.49,1.43,1.456,0.457,0.6709,0.6469,-31.91,-3.61,NO_EDGE,away,True,0.042,4.2,0.0234,2.34,True,False
2025-01-18_West Ham United_Crystal Palace_home,2025-01-18,West Ham United vs Crystal Palace,home,2.71,2.65,2.734,0.3188,0.3636,0.3511,-13.61,-4.86,NO_EDGE,away,False,0.0226,2.26,-0.0088,-0.88,True,False
2025-01-18_West Ham United_Crystal Palace_draw,2025-01-18,West Ham United vs Crystal Palace,draw,3.53,3.49,3.632,0.2604,0.2781,0.2714,-8.08,-4.2,NO_EDGE,away,False,0.0115,1.15,-0.0281,-2.81,True,False
2025-01-18_West Ham United_Crystal Palace_away,2025-01-18,West Ham United vs Crystal Palace,away,2.75,2.7,2.787,0.4208,0.3583,0.3758,15.72,3.34,MARGINAL_EV,away,True,0.0185,1.85,-0.0133,-1.33,True,False
2025-01-18_Leicester City_Fulham_home,2025-01-18,Leicester City vs Fulham,home,4.4,4.38,4.625,0.2815,0.2271,0.2423,23.86,6.63,CALIBRATED_EV,away,False,0.0046,0.46,-0.0486,-4.86,True,True
2025-01-18_Leicester City_Fulham_draw,2025-01-18,Leicester City vs Fulham,draw,4.05,3.91,4.111,0.2456,0.2467,0.2463,-0.53,-0.24,NO_EDGE,away,False,0.0358,3.58,-0.0148,-1.48,True,False
2025-01-18_Leicester City_Fulham_away,2025-01-18,Leicester City vs Fulham,away,1.9,1.81,1.85,0.473,0.5262,0.5113,-10.13,-2.86,NO_EDGE,away,True,0.0497,4.97,0.027,2.7,True,False
2025-01-19_Everton_Tottenham_home,2025-01-19,Everton vs Tottenham,home,3.0,2.97,3.071,0.327,0.3338,0.3312,-1.9,-0.63,NO_EDGE,home,True,0.0101,1.01,-0.0231,-2.31,True,False
2025-01-19_Everton_Tottenham_draw,2025-01-19,Everton vs Tottenham,draw,3.77,3.45,3.584,0.2731,0.2657,0.2685,2.96,1.22,NO_EDGE,home,False,0.0928,9.28,0.0519,5.19,True,False
2025-01-19_Everton_Tottenham_away,2025-01-19,Everton vs Tottenham,away,2.5,2.46,2.529,0.3999,0.4005,0.4003,-0.03,0.07,NO_EDGE,home,False,0.0163,1.63,-0.0115,-1.15,True,False
2025-01-19_Manchester United_Brighton_home,2025-01-19,Manchester United vs Brighton,home,2.13,2.11,2.162,0.3603,0.4645,0.4353,-23.26,-7.28,NO_EDGE,away,False,0.0095,0.95,-0.0148,-1.48,True,False
2025-01-19_Manchester United_Brighton_draw,2025-01-19,Manchester United vs Brighton,draw,3.85,3.77,3.937,0.2691,0.2548,0.2602,3.6,0.18,NO_EDGE,away,False,0.0212,2.12,-0.0221,-2.21,True,False
2025-01-19_Manchester United_Brighton_away,2025-01-19,Manchester United vs Brighton,away,3.5,3.39,3.528,0.3705,0.2807,0.3058,29.68,7.04,CALIBRATED_EV,away,True,0.0324,3.24,-0.0079,-0.79,True,True
2025-01-19_Nottingham Forest_Southampton_home,2025-01-19,Nottingham Forest vs Southampton,home,1.42,1.4,1.423,0.5711,0.6987,0.663,-18.9,-5.85,NO_EDGE,home,True,0.0143,1.43,-0.0021,-0.21,True,False
2025-01-19_Nottingham Forest_Southampton_draw,2025-01-19,Nottingham Forest vs Southampton,draw,5.1,4.92,5.315,0.2415,0.1891,0.2038,23.16,3.92,MARGINAL_EV,home,False,0.0366,3.66,-0.0405,-4.05,True,False
2025-01-19_Nottingham Forest_Southampton_away,2025-01-19,Nottingham Forest vs Southampton,away,8.5,8.27,9.163,0.1873,0.1122,0.1216,59.2,3.39,MARGINAL_EV,home,False,0.0278,2.78,-0.0724,-7.24,True,False
2025-01-19_Ipswich Town_Manchester City_home,2025-01-19,Ipswich Town vs Manchester City,home,9.0,7.76,8.633,0.2962,0.1114,0.1262,166.58,13.61,FAKE_EV,away,False,0.1598,15.98,0.0425,4.25,True,False
2025-01-19_Ipswich Town_Manchester City_draw,2025-01-19,Ipswich Town vs Manchester City,draw,5.6,5.51,6.021,0.2545,0.179,0.1885,42.52,5.57,CALIBRATED_EV,away,False,0.0163,1.63,-0.0699,-6.99,True,True
2025-01-19_Ipswich Town_Manchester City_away,2025-01-19,Ipswich Town vs Manchester City,away,1.41,1.37,1.393,0.4494,0.7096,0.6804,-36.63,-4.06,NO_EDGE,away,True,0.0292,2.92,0.0122,1.22,True,False
2025-01-20_Chelsea_Wolverhampton Wanderers_home,2025-01-20,Chelsea vs Wolverhampton Wanderers,home,1.41,1.38,1.403,0.4641,0.7094,0.682,-34.56,-3.84,NO_EDGE,home,True,0.0217,2.17,0.005,0.5,True,False
2025-01-20_Chelsea_Wolverhampton Wanderers_draw,2025-01-20,Chelsea vs Wolverhampton Wanderers,draw,5.8,5.69,6.217,0.2344,0.1727,0.1805,35.95,4.67,MARGINAL_EV,home,False,0.0193,1.93,-0.0671,-6.71,True,False
2025-01-20_Chelsea_Wolverhampton Wanderers_away,2025-01-20,Chelsea vs Wolverhampton Wanderers,away,8.5,7.16,7.916,0.3015,0.1179,0.1326,156.27,12.68,FAKE_EV,home,False,0.1872,18.72,0.0738,7.38,True,False
2025-01-25_Liverpool_Ipswich Town_home,2025-01-25,Liverpool vs Ipswich Town,home,1.13,1.1,1.111,0.6114,0.8852,0.8546,-30.91,-3.43,NO_EDGE,home,True,0.0273,2.73,0.0171,1.71,True,False
2025-01-25_Liverpool_Ipswich Town_draw,2025-01-25,Liverpool vs Ipswich Town,draw,13.0,11.75,15.11,0.2056,0.0774,0.0936,167.28,21.64,FAKE_EV,home,False,0.1064,10.64,-0.1396,-13.96,True,False
2025-01-25_Liverpool_Ipswich Town_away,2025-01-25,Liverpool vs Ipswich Town,away,27.0,21.77,29.815,0.183,0.0374,0.049,394.1,32.3,FAKE_EV,home,False,0.2402,24.02,-0.0944,-9.44,True,False
2025-01-25_Bournemouth_Nottingham Forest_home,2025-01-25,Bournemouth vs Nottingham Forest,home,2.14,2.11,2.162,0.3886,0.4607,0.4405,-16.84,-5.73,NO_EDGE,home,True,0.0142,1.42,-0.0102,-1.02,True,False
2025-01-25_Bournemouth_Nottingham Forest_draw,2025-01-25,Bournemouth vs Nottingham Forest,draw,3.75,3.7,3.861,0.2526,0.2602,0.2573,-5.28,-3.51,NO_EDGE,home,False,0.0135,1.35,-0.0287,-2.87,True,False
2025-01-25_Bournemouth_Nottingham Forest_away,2025-01-25,Bournemouth vs Nottingham Forest,away,3.5,3.45,3.592,0.3588,0.2791,0.3014,25.58,5.5,CALIBRATED_EV,home,False,0.0145,1.45,-0.0256,-2.56,True,True
2025-01-25_Brighton_Everton_home,2025-01-25,Brighton vs Everton,home,1.7,1.68,1.716,0.388,0.5848,0.5627,-34.04,-4.33,NO_EDGE,away,False,0.0119,1.19,-0.0093,-0.93,True,False
2025-01-25_Brighton_Everton_draw,2025-01-25,Brighton vs Everton,draw,4.04,3.83,4.043,0.2919,0.2437,0.2572,17.93,3.92,MARGINAL_EV,away,False,0.0548,5.48,-0.0007,-0.07,True,False
2025-01-25_Brighton_Everton_away,2025-01-25,Brighton vs Everton,away,5.72,5.5,5.891,0.3201,0.1715,0.1834,83.1,4.89,FAKE_EV,away,True,0.04,4.0,-0.029,-2.9,True,False
2025-01-25_Wolverhampton Wanderers_Arsenal_home,2025-01-25,Wolverhampton Wanderers vs Arsenal,home,7.5,6.86,7.463,0.2547,0.1308,0.1464,91.02,9.79,FAKE_EV,away,False,0.0933,9.33,0.005,0.5,True,False
2025-01-25_Wolverhampton Wanderers_Arsenal_draw,2025-01-25,Wolverhampton Wanderers vs Arsenal,draw,4.8,4.74,5.074,0.2263,0.2052,0.2132,8.62,2.32,MARGINAL_EV,away,False,0.0127,1.27,-0.054,-5.4,True,False
2025-01-25_Wolverhampton Wanderers_Arsenal_away,2025-01-25,Wolverhampton Wanderers vs Arsenal,away,1.5,1.47,1.495,0.5189,0.6641,0.6478,-22.16,-2.83,NO_EDGE,away,True,0.0204,2.04,0.0033,0.33,True,False
2025-01-25_Manchester City_Chelsea_home,2025-01-25,Manchester City vs Chelsea,home,2.08,2.03,2.079,0.3599,0.4768,0.4441,-25.14,-7.63,NO_EDGE,home,True,0.0246,2.46,0.0005,0.05,True,False
2025-01-25_Manchester City_Chelsea_draw,2025-01-25,Manchester City vs Chelsea,draw,4.22,4.09,4.288,0.2389,0.2331,0.2353,0.82,-0.7,NO_EDGE,home,False,0.0318,3.18,-0.0159,-1.59,True,False
2025-01-25_Manchester City_Chelsea_away,2025-01-25,Manchester City vs Chelsea,away,3.4,3.36,3.5,0.4012,0.2901,0.3212,36.41,9.2,CALIBRATED_EV,home,False,0.0119,1.19,-0.0286,-2.86,True,True
2025-01-25_Southampton_Newcastle United_home,2025-01-25,Southampton vs Newcastle United,home,7.5,7.05,7.75,0.1621,0.1326,0.1376,21.57,3.22,MARGINAL_EV,away,False,0.0638,6.38,-0.0323,-3.23,True,False
2025-01-25_Southampton_Newcastle United_draw,2025-01-25,Southampton vs Newcastle United,draw,5.3,5.17,5.598,0.195,0.1878,0.1905,3.35,0.99,NO_EDGE,away,False,0.0251,2.51,-0.0532,-5.32,True,False
2025-01-25_Southampton_Newcastle United_away,2025-01-25,Southampton vs Newcastle United,away,1.47,1.42,1.444,0.6429,0.6796,0.6693,-5.49,-1.61,NO_EDGE,away,True,0.0352,3.52,0.018,1.8,True,False
2025-01-26_Tottenham_Leicester City_home,2025-01-26,Tottenham vs Leicester City,home,1.49,1.46,1.486,0.584,0.6671,0.6439,-12.98,-4.07,NO_EDGE,away,False,0.0205,2.05,0.0027,0.27,True,False
2025-01-26_Tottenham_Leicester City_draw,2025-01-26,Tottenham vs Leicester City,draw,5.5,5.37,5.809,0.1932,0.1772,0.1799,6.26,-1.03,FAKE_EV,away,False,0.0242,2.42,-0.0532,-5.32,True,False
2025-01-26_Tottenham_Leicester City_away,2025-01-26,Tottenham vs Leicester City,away,6.25,5.94,6.455,0.2228,0.1557,0.1641,39.25,2.57,MARGINAL_EV,away,True,0.0522,5.22,-0.0318,-3.18,True,False
2025-01-26_Aston Villa_West Ham United_home,2025-01-26,Aston Villa vs West Ham United,home,1.58,1.55,1.578,0.4652,0.6275,0.6093,-26.5,-3.72,NO_EDGE,draw,False,0.0194,1.94,0.0013,0.13,True,False
2025-01-26_Aston Villa_West Ham United_draw,2025-01-26,Aston Villa vs West Ham United,draw,4.6,4.46,4.739,0.23,0.2113,0.2184,5.8,0.45,MARGINAL_EV,draw,True,0.0314,3.14,-0.0293,-2.93,True,False
2025-01-26_Aston Villa_West Ham United_away,2025-01-26,Aston Villa vs West Ham United,away,6.0,5.99,6.442,0.3048,0.1612,0.1727,82.88,3.6,FAKE_EV,draw,False,0.0017,0.17,-0.0686,-6.86,True,False
2025-01-26_Crystal Palace_Brentford_home,2025-01-26,Crystal Palace vs Brentford,home,2.09,2.06,2.11,0.3845,0.473,0.4482,-19.64,-6.33,NO_EDGE,away,False,0.0146,1.46,-0.0095,-0.95,True,False
2025-01-26_Crystal Palace_Brentford_draw,2025-01-26,Crystal Palace vs Brentford,draw,3.82,3.7,3.863,0.2438,0.2563,0.2516,-6.87,-3.89,NO_EDGE,away,False,0.0324,3.24,-0.0111,-1.11,True,False
2025-01-26_Crystal Palace_Brentford_away,2025-01-26,Crystal Palace vs Brentford,away,3.62,3.59,3.744,0.3717,0.2707,0.299,34.56,8.23,CALIBRATED_EV,away,True,0.0084,0.84,-0.0331,-3.31,True,True
2025-01-26_Fulham_Manchester United_home,2025-01-26,Fulham vs Manchester United,home,2.38,2.32,2.381,0.4051,0.4173,0.4127,-3.59,-1.78,NO_EDGE,away,False,0.0259,2.59,-0.0004,-0.04,True,False
2025-01-26_Fulham_Manchester United_draw,2025-01-26,Fulham vs Manchester United,draw,3.65,3.48,3.616,0.2434,0.2712,0.2607,-11.16,-4.86,NO_EDGE,away,False,0.0489,4.89,0.0094,0.94,True,False
2025-01-26_Fulham_Manchester United_away,2025-01-26,Fulham vs Manchester United,away,3.18,3.18,3.295,0.3515,0.3116,0.3227,11.78,2.63,MARGINAL_EV,away,True,0.0,0.0,-0.0349,-3.49,False,False
2025-02-01_Nottingham Forest_Brighton_home,2025-02-01,Nottingham Forest vs Brighton,home,2.48,2.46,2.528,0.4026,0.3972,0.3993,-0.16,-0.98,NO_EDGE,home,True,0.0081,0.81,-0.019,-1.9,True,False
2025-02-01_Nottingham Forest_Brighton_draw,2025-02-01,Nottingham Forest vs Brighton,draw,3.57,3.43,3.56,0.2495,0.2743,0.2649,-10.93,-5.42,NO_EDGE,home,False,0.0408,4.08,0.0028,0.28,True,False
2025-02-01_Nottingham Forest_Brighton_away,2025-02-01,Nottingham Forest vs Brighton,away,2.99,2.99,3.091,0.3479,0.3285,0.3358,4.02,0.41,NO_EDGE,home,False,0.0,0.0,-0.0327,-3.27,False,False
2025-02-01_Bournemouth_Liverpool_home,2025-02-01,Bournemouth vs Liverpool,home,4.75,4.68,4.983,0.3439,0.2043,0.2434,63.35,15.62,CALIBRATED_EV,away,False,0.015,1.5,-0.0468,-4.68,True,True
2025-02-01_Bournemouth_Liverpool_draw,2025-02-01,Bournemouth vs Liverpool,draw,4.48,4.35,4.618,0.2218,0.2169,0.2187,-0.63,-2.0,NO_EDGE,away,False,0.0299,2.99,-0.0299,-2.99,True,False
2025-02-01_Bournemouth_Liverpool_away,2025-02-01,Bournemouth vs Liverpool,away,1.71,1.68,1.716,0.4343,0.5788,0.5626,-25.73,-3.79,NO_EDGE,away,True,0.0179,1.79,-0.0035,-0.35,True,False
2025-02-01_Everton_Leicester City_home,2025-02-01,Everton vs Leicester City,home,1.81,1.81,1.847,0.5333,0.5485,0.5427,-3.47,-1.77,NO_EDGE,home,True,0.0,0.0,-0.02,-2.0,False,False
2025-02-01_Everton_Leicester City_draw,2025-02-01,Everton vs Leicester City,draw,3.85,3.7,3.871,0.2558,0.2555,0.2556,-1.52,-1.6,NO_EDGE,home,False,0.0405,4.05,-0.0054,-0.54,True,False
2025-02-01_Everton_Leicester City_away,2025-02-01,Everton vs Leicester City,away,5.0,4.73,4.991,0.2109,0.1961,0.2017,5.45,0.84,MARGINAL_EV,home,False,0.0571,5.71,0.0018,0.18,True,False
2025-02-01_Ipswich Town_Southampton_home,2025-02-01,Ipswich Town vs Southampton,home,2.02,2.0,2.046,0.443,0.4935,0.4794,-10.51,-3.17,NO_EDGE,away,False,0.01,1.0,-0.0127,-1.27,True,False
2025-02-01_Ipswich Town_Southampton_draw,2025-02-01,Ipswich Town vs Southampton,draw,3.9,3.71,3.874,0.2407,0.2549,0.2495,-6.13,-2.69,NO_EDGE,away,False,0.0512,5.12,0.0067,0.67,True,False
2025-02-01_Ipswich Town_Southampton_away,2025-02-01,Ipswich Town vs Southampton,away,3.95,3.78,3.95,0.3163,0.2516,0.2697,24.94,6.55,CALIBRATED_EV,away,True,0.045,4.5,0.0,0.0,True,True
2025-02-01_Newcastle United_Fulham_home,2025-02-01,Newcastle United vs Fulham,home,1.73,1.71,1.746,0.4611,0.575,0.5431,-20.23,-6.05,NO_EDGE,away,False,0.0117,1.17,-0.0092,-0.92,True,False
2025-02-01_Newcastle United_Fulham_draw,2025-02-01,Newcastle United vs Fulham,draw,4.25,4.14,4.374,0.2329,0.232,0.2324,-1.02,-1.25,NO_EDGE,away,False,0.0266,2.66,-0.0283,-2.83,True,False
2025-02-01_Newcastle United_Fulham_away,2025-02-01,Newcastle United vs Fulham,away,5.1,4.74,5.034,0.306,0.193,0.2246,56.06,14.57,CALIBRATED_EV,away,True,0.0759,7.59,0.0131,1.31,True,True
2025-02-01_Wolverhampton Wanderers_Aston Villa_home,2025-02-01,Wolverhampton Wanderers vs Aston Villa,home,3.5,3.43,3.566,0.3758,0.2834,0.3093,31.53,8.24,CALIBRATED_EV,home,True,0.0204,2.04,-0.0185,-1.85,True,True
2025-02-01_Wolverhampton Wanderers_Aston Villa_draw,2025-02-01,Wolverhampton Wanderers vs Aston Villa,draw,3.81,3.56,3.705,0.2356,0.2602,0.2509,-10.24,-4.41,NO_EDGE,home,False,0.0702,7.02,0.0283,2.83,True,False
2025-02-01_Wolverhampton Wanderers_Aston Villa_away,2025-02-01,Wolverhampton Wanderers vs Aston Villa,away,2.18,2.17,2.224,0.3887,0.4564,0.4374,-15.26,-4.64,NO_EDGE,home,False,0.0046,0.46,-0.0198,-1.98,True,False
2025-02-02_Brentford_Tottenham_home,2025-02-02,Brentford vs Tottenham,home,2.16,2.12,2.199,0.4099,0.4624,0.4477,-11.46,-3.29,NO_EDGE,away,False,0.0189,1.89,-0.0177,-1.77,True,False
2025-02-02_Brentford_Tottenham_draw,2025-02-02,Brentford vs Tottenham,draw,4.33,3.88,4.146,0.2197,0.2304,0.2264,-4.87,-1.98,NO_EDGE,away,False,0.116,11.6,0.0444,4.44,True,False
2025-02-02_Brentford_Tottenham_away,2025-02-02,Brentford vs Tottenham,away,3.25,3.11,3.288,0.3704,0.3071,0.3249,20.38,5.58,CALIBRATED_EV,away,True,0.045,4.5,-0.0116,-1.16,True,True
2025-02-02_Manchester United_Crystal Palace_home,2025-02-02,Manchester United vs Crystal Palace,home,2.08,1.98,2.051,0.3422,0.4744,0.4374,-28.82,-9.02,NO_EDGE,away,False,0.0505,5.05,0.0141,1.41,True,False
2025-02-02_Manchester United_Crystal Palace_draw,2025-02-02,Manchester United vs Crystal Palace,draw,3.59,3.49,3.722,0.251,0.2722,0.2642,-9.89,-5.17,NO_EDGE,away,False,0.0287,2.87,-0.0355,-3.55,True,False
2025-02-02_Manchester United_Crystal Palace_away,2025-02-02,Manchester United vs Crystal Palace,away,3.85,3.83,4.104,0.4068,0.2535,0.2706,56.62,4.19,MARGINAL_EV,away,True,0.0052,0.52,-0.0619,-6.19,True,False
2025-02-02_Arsenal_Manchester City_home,2025-02-02,Arsenal vs Manchester City,home,2.01,1.93,1.998,0.4502,0.4944,0.482,-9.51,-3.11,NO_EDGE,home,True,0.0415,4.15,0.006,0.6,True,False
2025-02-02_Arsenal_Manchester City_draw,2025-02-02,Arsenal vs Manchester City,draw,3.75,3.63,3.884,0.2353,0.2635,0.2529,-11.76,-5.17,NO_EDGE,home,False,0.0331,3.31,-0.0345,-3.45,True,False
2025-02-02_Arsenal_Manchester City_away,2025-02-02,Arsenal vs Manchester City,away,4.08,3.85,4.132,0.3145,0.242,0.2623,28.32,7.03,CALIBRATED_EV,home,False,0.0597,5.97,-0.0126,-1.26,True,True
2025-02-03_Chelsea_West Ham United_home,2025-02-03,Chelsea vs West Ham United,home,1.39,1.36,1.381,0.5385,0.7154,0.6956,-25.15,-3.31,NO_EDGE,home,True,0.0221,2.21,0.0065,0.65,True,False
2025-02-03_Chelsea_West Ham United_draw,2025-02-03,Chelsea vs West Ham United,draw,5.92,5.92,6.455,0.2192,0.1639,0.1709,29.77,1.16,MARGINAL_EV,home,False,0.0,0.0,-0.0829,-8.29,False,False
2025-02-03_Chelsea_West Ham United_away,2025-02-03,Chelsea vs West Ham United,away,8.0,7.51,8.284,0.2422,0.1207,0.136,93.76,8.78,FAKE_EV,home,False,0.0652,6.52,-0.0343,-3.43,True,False
2025-02-12_Everton_Liverpool_home,2025-02-12,Everton vs Liverpool,home,8.0,7.36,8.043,0.2188,0.1207,0.1331,75.04,6.46,CALIBRATED_EV,draw,False,0.087,8.7,-0.0053,-0.53,True,True
2025-02-12_Everton_Liverpool_draw,2025-02-12,Everton vs Liverpool,draw,4.9,4.73,5.068,0.2261,0.1987,0.2091,10.79,2.44,MARGINAL_EV,draw,True,0.0359,3.59,-0.0331,-3.31,True,False
2025-02-12_Everton_Liverpool_away,2025-02-12,Everton vs Liverpool,away,1.46,1.45,1.474,0.5551,0.6806,0.6454,-18.96,-5.76,NO_EDGE,draw,False,0.0069,0.69,-0.0095,-0.95,True,False
2025-02-14_Brighton_Chelsea_home,2025-02-14,Brighton vs Chelsea,home,3.0,2.92,3.003,0.2747,0.3357,0.3187,-17.59,-4.4,NO_EDGE,home,True,0.0274,2.74,-0.001,-0.1,True,False
2025-02-14_Brighton_Chelsea_draw,2025-02-14,Brighton vs Chelsea,draw,3.83,3.65,3.775,0.2269,0.2634,0.2532,-13.1,-3.03,NO_EDGE,home,False,0.0493,4.93,0.0146,1.46,True,False
2025-02-14_Brighton_Chelsea_away,2025-02-14,Brighton vs Chelsea,away,2.51,2.43,2.487,0.4983,0.4008,0.4281,25.07,7.46,CALIBRATED_EV,home,False,0.0329,3.29,0.0092,0.92,True,True
2025-02-15_Leicester City_Arsenal_home,2025-02-15,Leicester City vs Arsenal,home,10.5,9.47,10.575,0.1048,0.0926,0.0946,10.04,-0.63,FAKE_EV,away,False,0.1088,10.88,-0.0071,-0.71,True,False
2025-02-15_Leicester City_Arsenal_draw,2025-02-15,Leicester City vs Arsenal,draw,5.6,5.42,5.889,0.1653,0.1749,0.1732,-7.43,-2.98,NO_EDGE,away,False,0.0332,3.32,-0.0491,-4.91,True,False
2025-02-15_Leicester City_Arsenal_away,2025-02-15,Leicester City vs Arsenal,away,1.36,1.34,1.359,0.7299,0.7326,0.7316,-0.73,-0.51,NO_EDGE,away,True,0.0149,1.49,0.0007,0.07,True,False
2025-02-15_Aston Villa_Ipswich Town_home,2025-02-15,Aston Villa vs Ipswich Town,home,1.43,1.41,1.434,0.4496,0.6952,0.6676,-35.71,-4.53,NO_EDGE,draw,False,0.0142,1.42,-0.0028,-0.28,True,False
2025-02-15_Aston Villa_Ipswich Town_draw,2025-02-15,Aston Villa vs Ipswich Town,draw,5.2,5.02,5.44,0.2372,0.1871,0.2011,23.34,4.59,MARGINAL_EV,draw,True,0.0359,3.59,-0.0441,-4.41,True,False
2025-02-15_Aston Villa_Ipswich Town_away,2025-02-15,Aston Villa vs Ipswich Town,away,8.2,7.6,8.407,0.3132,0.1177,0.1334,156.82,9.38,FAKE_EV,draw,False,0.0789,7.89,-0.0246,-2.46,True,False
2025-02-15_Fulham_Nottingham Forest_home,2025-02-15,Fulham vs Nottingham Forest,home,2.28,2.23,2.285,0.3468,0.4352,0.4105,-20.93,-6.42,NO_EDGE,home,True,0.0224,2.24,-0.0022,-0.22,True,False
2025-02-15_Fulham_Nottingham Forest_draw,2025-02-15,Fulham vs Nottingham Forest,draw,3.48,3.38,3.508,0.2313,0.284,0.2693,-19.51,-6.3,NO_EDGE,home,False,0.0296,2.96,-0.008,-0.8,True,False
2025-02-15_Fulham_Nottingham Forest_away,2025-02-15,Fulham vs Nottingham Forest,away,3.52,3.47,3.605,0.4219,0.2808,0.2966,48.51,4.39,MARGINAL_EV,home,False,0.0144,1.44,-0.0236,-2.36,True,False
2025-02-15_Manchester City_Newcastle United_home,2025-02-15,Manchester City vs Newcastle United,home,2.01,1.99,2.035,0.3081,0.4918,0.4712,-38.07,-5.29,NO_EDGE,home,True,0.0101,1.01,-0.0123,-1.23,True,False
2025-02-15_Manchester City_Newcastle United_draw,2025-02-15,Manchester City vs Newcastle United,draw,4.2,4.09,4.282,0.2116,0.2325,0.2246,-11.13,-5.68,NO_EDGE,home,False,0.0269,2.69,-0.0191,-1.91,True,False
2025-02-15_Manchester City_Newcastle United_away,2025-02-15,Manchester City vs Newcastle United,away,3.55,3.49,3.635,0.4803,0.2758,0.2987,70.51,6.04,CALIBRATED_EV,home,False,0.0172,1.72,-0.0234,-2.34,True,True
2025-02-15_Southampton_Bournemouth_home,2025-02-15,Southampton vs Bournemouth,home,6.2,6.01,6.512,0.1467,0.1579,0.156,-9.05,-3.3,NO_EDGE,away,False,0.0316,3.16,-0.0479,-4.79,True,False
2025-02-15_Southampton_Bournemouth_draw,2025-02-15,Southampton vs Bournemouth,draw,4.9,4.65,4.981,0.1847,0.2003,0.1944,-9.5,-4.74,NO_EDGE,away,False,0.0538,5.38,-0.0163,-1.63,True,False
2025-02-15_Southampton_Bournemouth_away,2025-02-15,Southampton vs Bournemouth,away,1.55,1.52,1.549,0.6687,0.6418,0.652,3.65,1.06,NO_EDGE,away,True,0.0197,1.97,0.0006,0.06,True,False
2025-02-15_West Ham United_Brentford_home,2025-02-15,West Ham United vs Brentford,home,2.49,2.43,2.501,0.2752,0.3977,0.3634,-31.48,-9.52,NO_EDGE,away,False,0.0247,2.47,-0.0044,-0.44,True,False
2025-02-15_West Ham United_Brentford_draw,2025-02-15,West Ham United vs Brentford,draw,3.77,3.71,3.87,0.2164,0.2615,0.2488,-18.42,-6.18,NO_EDGE,away,False,0.0162,1.62,-0.0258,-2.58,True,False
2025-02-15_West Ham United_Brentford_away,2025-02-15,West Ham United vs Brentford,away,2.9,2.83,2.927,0.5084,0.3409,0.3596,47.44,4.29,MARGINAL_EV,away,True,0.0247,2.47,-0.0092,-0.92,True,False
2025-02-15_Crystal Palace_Everton_home,2025-02-15,Crystal Palace vs Everton,home,1.87,1.79,1.831,0.3849,0.5336,0.5169,-28.02,-3.33,NO_EDGE,away,False,0.0447,4.47,0.0213,2.13,True,False
2025-02-15_Crystal Palace_Everton_draw,2025-02-15,Crystal Palace vs Everton,draw,3.57,3.5,3.673,0.2717,0.2788,0.2762,-3.0,-1.41,NO_EDGE,away,False,0.02,2.0,-0.028,-2.8,True,False
2025-02-15_Crystal Palace_Everton_away,2025-02-15,Crystal Palace vs Everton,away,5.3,5.17,5.508,0.3434,0.1876,0.205,82.0,8.66,CALIBRATED_EV,away,True,0.0251,2.51,-0.0378,-3.78,True,True
2025-02-16_Liverpool_Wolverhampton Wanderers_home,2025-02-16,Liverpool vs Wolverhampton Wanderers,home,1.21,1.19,1.205,0.6319,0.8235,0.8021,-23.54,-2.95,NO_EDGE,home,True,0.0168,1.68,0.0041,0.41,True,False
2025-02-16_Liverpool_Wolverhampton Wanderers_draw,2025-02-16,Liverpool vs Wolverhampton Wanderers,draw,8.5,8.22,9.566,0.1739,0.1131,0.1207,47.82,2.62,MARGINAL_EV,home,False,0.0341,3.41,-0.1114,-11.14,True,False
2025-02-16_Liverpool_Wolverhampton Wanderers_away,2025-02-16,Liverpool vs Wolverhampton Wanderers,away,15.0,12.7,15.249,0.1942,0.0634,0.0799,191.3,19.82,FAKE_EV,home,False,0.1811,18.11,-0.0163,-1.63,True,False
2025-02-16_Tottenham_Manchester United_home,2025-02-16,Tottenham vs Manchester United,home,2.51,2.46,2.53,0.4507,0.3932,0.4093,13.13,2.74,MARGINAL_EV,home,True,0.0203,2.03,-0.0079,-0.79,True,False
2025-02-16_Tottenham_Manchester United_draw,2025-02-16,Tottenham vs Manchester United,draw,3.85,3.84,4.004,0.2054,0.2548,0.241,-20.92,-7.22,NO_EDGE,home,False,0.0026,0.26,-0.0385,-3.85,True,False
2025-02-16_Tottenham_Manchester United_away,2025-02-16,Tottenham vs Manchester United,away,2.8,2.73,2.817,0.3439,0.352,0.3489,-3.71,-2.31,NO_EDGE,home,False,0.0256,2.56,-0.006,-0.6,True,False
2025-02-19_Aston Villa_Liverpool_home,2025-02-19,Aston Villa vs Liverpool,home,4.1,4.02,4.213,0.1766,0.2405,0.2226,-27.59,-8.72,NO_EDGE,draw,False,0.0199,1.99,-0.0268,-2.68,True,False
2025-02-19_Aston Villa_Liverpool_draw,2025-02-19,Aston Villa vs Liverpool,draw,4.17,4.09,4.289,0.1734,0.2365,0.2188,-27.69,-8.76,NO_EDGE,draw,True,0.0196,1.96,-0.0277,-2.77,True,False
2025-02-19_Aston Villa_Liverpool_away,2025-02-19,Aston Villa vs Liverpool,away,1.9,1.85,1.889,0.6499,0.523,0.5585,23.48,6.12,CALIBRATED_EV,draw,False,0.027,2.7,0.0058,0.58,True,True
2025-02-21_Leicester City_Brentford_home,2025-02-21,Leicester City vs Brentford,home,3.81,3.79,3.939,0.17,0.2585,0.2337,-35.23,-10.96,NO_EDGE,away,False,0.0053,0.53,-0.0327,-3.27,True,False
2025-02-21_Leicester City_Brentford_draw,2025-02-21,Leicester City vs Brentford,draw,4.01,3.87,4.025,0.182,0.2455,0.2277,-27.02,-8.7,NO_EDGE,away,False,0.0362,3.62,-0.0037,-0.37,True,False
2025-02-21_Leicester City_Brentford_away,2025-02-21,Leicester City vs Brentford,away,2.0,1.97,2.009,0.648,0.4961,0.5131,29.6,2.62,MARGINAL_EV,away,True,0.0152,1.52,-0.0045,-0.45,True,False
2025-02-22_Ipswich Town_Tottenham_home,2025-02-22,Ipswich Town vs Tottenham,home,4.1,3.92,4.119,0.2461,0.2409,0.2429,0.9,-0.42,NO_EDGE,away,False,0.0459,4.59,-0.0046,-0.46,True,False
2025-02-22_Ipswich Town_Tottenham_draw,2025-02-22,Ipswich Town vs Tottenham,draw,4.05,3.96,4.163,0.2001,0.2439,0.2316,-18.96,-6.18,NO_EDGE,away,False,0.0227,2.27,-0.0271,-2.71,True,False
2025-02-22_Ipswich Town_Tottenham_away,2025-02-22,Ipswich Town vs Tottenham,away,1.93,1.89,1.934,0.5538,0.5152,0.526,6.88,1.52,MARGINAL_EV,away,True,0.0212,2.12,-0.0021,-0.21,True,False
2025-02-22_Southampton_Brighton_home,2025-02-22,Southampton vs Brighton,home,6.0,5.56,5.97,0.1985,0.165,0.1692,19.1,1.53,MARGINAL_EV,away,False,0.0791,7.91,0.005,0.5,True,False
2025-02-22_Southampton_Brighton_draw,2025-02-22,Southampton vs Brighton,draw,4.6,4.53,4.823,0.1857,0.2155,0.2043,-14.58,-6.04,NO_EDGE,away,False,0.0155,1.55,-0.0462,-4.62,True,False
2025-02-22_Southampton_Brighton_away,2025-02-22,Southampton vs Brighton,away,1.61,1.57,1.6,0.6157,0.6195,0.618,-0.87,-0.5,NO_EDGE,away,True,0.0255,2.55,0.0063,0.63,True,False
2025-02-22_Everton_Manchester United_home,2025-02-22,Everton vs Manchester United,home,2.61,2.58,2.655,0.4508,0.3784,0.3987,17.66,4.06,MARGINAL_EV,draw,False,0.0116,1.16,-0.0169,-1.69,True,False
2025-02-22_Everton_Manchester United_draw,2025-02-22,Everton vs Manchester United,draw,3.3,3.23,3.347,0.2515,0.2984,0.2853,-17.01,-5.86,NO_EDGE,draw,True,0.0217,2.17,-0.014,-1.4,True,False
2025-02-22_Everton_Manchester United_away,2025-02-22,Everton vs Manchester United,away,3.05,2.98,3.08,0.2977,0.3232,0.3135,-9.2,-4.37,NO_EDGE,draw,False,0.0235,2.35,-0.0097,-0.97,True,False
2025-02-22_Arsenal_West Ham United_home,2025-02-22,Arsenal vs West Ham United,home,1.27,1.25,1.27,0.7308,0.7835,0.7688,-7.19,-2.37,NO_EDGE,away,False,0.016,1.6,0.0,0.0,True,False
2025-02-22_Arsenal_West Ham United_draw,2025-02-22,Arsenal vs West Ham United,draw,6.7,6.42,7.333,0.1583,0.1435,0.146,6.06,-2.16,FAKE_EV,away,False,0.0436,4.36,-0.0863,-8.63,True,False
2025-02-22_Arsenal_West Ham United_away,2025-02-22,Arsenal vs West Ham United,away,13.0,11.04,13.108,0.1109,0.073,0.0777,44.17,1.06,MARGINAL_EV,away,True,0.1775,17.75,-0.0082,-0.82,True,False
2025-02-22_Bournemouth_Wolverhampton Wanderers_home,2025-02-22,Bournemouth vs Wolverhampton Wanderers,home,1.6,1.57,1.6,0.5765,0.6203,0.608,-7.76,-2.72,NO_EDGE,away,False,0.0191,1.91,0.0,0.0,True,False
2025-02-22_Bournemouth_Wolverhampton Wanderers_draw,2025-02-22,Bournemouth vs Wolverhampton Wanderers,draw,4.6,4.52,4.81,0.1955,0.2121,0.2058,-10.07,-5.32,NO_EDGE,away,False,0.0177,1.77,-0.0437,-4.37,True,False
2025-02-22_Bournemouth_Wolverhampton Wanderers_away,2025-02-22,Bournemouth vs Wolverhampton Wanderers,away,5.8,5.58,5.991,0.228,0.1676,0.1752,32.24,1.62,MARGINAL_EV,away,True,0.0394,3.94,-0.0319,-3.19,True,False
2025-02-22_Fulham_Crystal Palace_home,2025-02-22,Fulham vs Crystal Palace,home,2.08,2.04,2.089,0.3981,0.4758,0.4541,-17.2,-5.56,NO_EDGE,away,False,0.0196,1.96,-0.0043,-0.43,True,False
2025-02-22_Fulham_Crystal Palace_draw,2025-02-22,Fulham vs Crystal Palace,draw,3.61,3.52,3.671,0.2374,0.272,0.2623,-14.3,-5.3,NO_EDGE,away,False,0.0256,2.56,-0.0166,-1.66,True,False
2025-02-22_Fulham_Crystal Palace_away,2025-02-22,Fulham vs Crystal Palace,away,3.89,3.84,4.017,0.3645,0.2522,0.2836,41.79,10.33,CALIBRATED_EV,away,True,0.013,1.3,-0.0316,-3.16,True,True
2025-02-22_Aston Villa_Chelsea_home,2025-02-22,Aston Villa vs Chelsea,home,2.67,2.62,2.701,0.3181,0.3694,0.355,-15.07,-5.21,NO_EDGE,home,True,0.0191,1.91,-0.0115,-1.15,True,False
2025-02-22_Aston Villa_Chelsea_draw,2025-02-22,Aston Villa vs Chelsea,draw,3.84,3.78,3.943,0.2199,0.2555,0.2455,-15.56,-5.71,NO_EDGE,home,False,0.0159,1.59,-0.0261,-2.61,True,False
2025-02-22_Aston Villa_Chelsea_away,2025-02-22,Aston Villa vs Chelsea,away,2.63,2.58,2.659,0.462,0.3751,0.3994,21.51,5.05,CALIBRATED_EV,home,False,0.0194,1.94,-0.0109,-1.09,True,True
2025-02-23_Newcastle United_Nottingham Forest_home,2025-02-23,Newcastle United vs Nottingham Forest,home,1.85,1.84,1.88,0.4333,0.5387,0.5092,-19.84,-5.8,NO_EDGE,home,True,0.0054,0.54,-0.016,-1.6,True,False
2025-02-23_Newcastle United_Nottingham Forest_draw,2025-02-23,Newcastle United vs Nottingham Forest,draw,4.12,4.03,4.234,0.2014,0.2409,0.2298,-17.02,-5.32,NO_EDGE,home,False,0.0223,2.23,-0.0269,-2.69,True,False
2025-02-23_Newcastle United_Nottingham Forest_away,2025-02-23,Newcastle United vs Nottingham Forest,away,4.5,4.1,4.311,0.3653,0.2204,0.2366,64.39,6.49,CALIBRATED_EV,home,False,0.0976,9.76,0.0438,4.38,True,True
2025-02-23_Manchester City_Liverpool_home,2025-02-23,Manchester City vs Liverpool,home,3.0,2.95,3.053,0.2925,0.3265,0.317,-12.25,-4.9,NO_EDGE,away,False,0.0169,1.69,-0.0174,-1.74,True,False
2025-02-23_Manchester City_Liverpool_draw,2025-02-23,Manchester City vs Liverpool,draw,3.97,3.97,4.147,0.1767,0.2455,0.2262,-29.85,-10.2,NO_EDGE,away,False,0.0,0.0,-0.0427,-4.27,False,False
2025-02-23_Manchester City_Liverpool_away,2025-02-23,Manchester City vs Liverpool,away,2.3,2.26,2.319,0.5308,0.428,0.4568,22.08,5.07,CALIBRATED_EV,away,True,0.0177,1.77,-0.0082,-0.82,True,True
2025-02-25_Brighton_Bournemouth_home,2025-02-25,Brighton vs Bournemouth,home,2.11,2.06,2.102,0.2641,0.472,0.4487,-44.27,-5.32,NO_EDGE,home,True,0.0243,2.43,0.0038,0.38,True,False
2025-02-25_Brighton_Bournemouth_draw,2025-02-25,Brighton vs Bournemouth,draw,3.96,3.84,3.987,0.2109,0.2506,0.2395,-16.48,-5.16,NO_EDGE,home,False,0.0312,3.12,-0.0068,-0.68,True,False
2025-02-25_Brighton_Bournemouth_away,2025-02-25,Brighton vs Bournemouth,away,3.58,3.53,3.657,0.525,0.2774,0.3051,87.95,9.23,CALIBRATED_EV,home,False,0.0142,1.42,-0.0211,-2.11,True,True
2025-02-25_Crystal Palace_Aston Villa_home,2025-02-25,Crystal Palace vs Aston Villa,home,2.61,2.57,2.633,0.4612,0.3775,0.401,20.37,4.65,MARGINAL_EV,home,True,0.0156,1.56,-0.0087,-0.87,True,False
2025-02-25_Crystal Palace_Aston Villa_draw,2025-02-25,Crystal Palace vs Aston Villa,draw,3.45,3.42,3.529,0.2352,0.2844,0.2706,-18.86,-6.64,NO_EDGE,home,False,0.0088,0.88,-0.0224,-2.24,True,False
2025-02-25_Crystal Palace_Aston Villa_away,2025-02-25,Crystal Palace vs Aston Villa,away,2.91,2.89,2.969,0.3036,0.3381,0.3284,-11.65,-4.43,NO_EDGE,home,False,0.0069,0.69,-0.0199,-1.99,True,False
2025-02-25_Wolverhampton Wanderers_Fulham_home,2025-02-25,Wolverhampton Wanderers vs Fulham,home,2.75,2.74,2.811,0.3255,0.3579,0.3488,-10.49,-4.08,NO_EDGE,away,False,0.0036,0.36,-0.0217,-2.17,True,False
2025-02-25_Wolverhampton Wanderers_Fulham_draw,2025-02-25,Wolverhampton Wanderers vs Fulham,draw,3.45,3.36,3.465,0.216,0.2843,0.2651,-25.48,-8.53,NO_EDGE,away,False,0.0268,2.68,-0.0043,-0.43,True,False
2025-02-25_Wolverhampton Wanderers_Fulham_away,2025-02-25,Wolverhampton Wanderers vs Fulham,away,2.75,2.74,2.811,0.4585,0.3579,0.3861,26.09,6.16,CALIBRATED_EV,away,True,0.0036,0.36,-0.0217,-2.17,True,True
2025-02-25_Chelsea_Southampton_home,2025-02-25,Chelsea vs Southampton,home,1.19,1.17,1.182,0.6979,0.8384,0.8226,-16.95,-2.1,NO_EDGE,home,True,0.0171,1.71,0.0068,0.68,True,False
2025-02-25_Chelsea_Southampton_draw,2025-02-25,Chelsea vs Southampton,draw,9.4,8.97,10.343,0.1545,0.1032,0.1097,45.23,3.12,MARGINAL_EV,home,False,0.0479,4.79,-0.0912,-9.12,True,False
2025-02-25_Chelsea_Southampton_away,2025-02-25,Chelsea vs Southampton,away,16.5,14.66,17.452,0.1476,0.0584,0.0696,143.54,14.87,FAKE_EV,home,False,0.1255,12.55,-0.0545,-5.45,True,False
2025-02-26_Nottingham Forest_Arsenal_home,2025-02-26,Nottingham Forest vs Arsenal,home,4.1,4.02,4.221,0.2459,0.2384,0.2412,0.82,-1.09,NO_EDGE,draw,False,0.0199,1.99,-0.0287,-2.87,True,False
2025-02-26_Nottingham Forest_Arsenal_draw,2025-02-26,Nottingham Forest vs Arsenal,draw,3.6,3.51,3.668,0.1893,0.2721,0.2489,-31.85,-10.39,NO_EDGE,draw,True,0.0256,2.56,-0.0185,-1.85,True,False
2025-02-26_Nottingham Forest_Arsenal_away,2025-02-26,Nottingham Forest vs Arsenal,away,2.02,1.99,2.039,0.5648,0.4895,0.5106,14.09,3.13,MARGINAL_EV,draw,False,0.0151,1.51,-0.0093,-0.93,True,False
2025-02-26_Brentford_Everton_home,2025-02-26,Brentford vs Everton,home,2.06,2.03,2.078,0.4042,0.4789,0.458,-16.73,-5.66,NO_EDGE,draw,False,0.0148,1.48,-0.0087,-0.87,True,False
2025-02-26_Brentford_Everton_draw,2025-02-26,Brentford vs Everton,draw,3.82,3.75,3.916,0.2367,0.2552,0.2482,-9.58,-5.17,NO_EDGE,draw,True,0.0187,1.87,-0.0245,-2.45,True,False
2025-02-26_Brentford_Everton_away,2025-02-26,Brentford vs Everton,away,3.67,3.64,3.798,0.3592,0.2659,0.292,31.83,7.17,CALIBRATED_EV,draw,False,0.0082,0.82,-0.0337,-3.37,True,True
2025-02-26_Tottenham_Manchester City_home,2025-02-26,Tottenham vs Manchester City,home,3.35,3.23,3.355,0.3972,0.2951,0.3237,33.06,8.43,CALIBRATED_EV,away,False,0.0372,3.72,-0.0015,-0.15,True,True
2025-02-26_Tottenham_Manchester City_draw,2025-02-26,Tottenham vs Manchester City,draw,4.25,4.15,4.346,0.1893,0.2321,0.2201,-19.55,-6.46,NO_EDGE,away,False,0.0241,2.41,-0.0221,-2.21,True,False
2025-02-26_Tottenham_Manchester City_away,2025-02-26,Tottenham vs Manchester City,away,2.1,2.07,2.119,0.4136,0.4728,0.4562,-13.14,-4.19,NO_EDGE,away,True,0.0145,1.45,-0.009,-0.9,True,False
2025-02-26_Liverpool_Newcastle United_home,2025-02-26,Liverpool vs Newcastle United,home,1.54,1.53,1.556,0.5342,0.6452,0.6141,-17.73,-5.43,NO_EDGE,home,True,0.0065,0.65,-0.0103,-1.03,True,False
2025-02-26_Liverpool_Newcastle United_draw,2025-02-26,Liverpool vs Newcastle United,draw,5.0,4.86,5.18,0.1744,0.1953,0.1874,-12.8,-6.31,NO_EDGE,home,False,0.0288,2.88,-0.0347,-3.47,True,False
2025-02-26_Liverpool_Newcastle United_away,2025-02-26,Liverpool vs Newcastle United,away,6.1,5.67,6.081,0.2914,0.1596,0.1762,77.75,7.47,CALIBRATED_EV,home,False,0.0758,7.58,0.0031,0.31,True,True
2025-02-26_Manchester United_Ipswich Town_home,2025-02-26,Manchester United vs Ipswich Town,home,1.56,1.53,1.559,0.5268,0.6393,0.6078,-17.82,-5.18,NO_EDGE,home,True,0.0196,1.96,0.0006,0.06,True,False
2025-02-26_Manchester United_Ipswich Town_draw,2025-02-26,Manchester United vs Ipswich Town,draw,4.75,4.69,5.022,0.2121,0.2086,0.2099,0.75,-0.3,NO_EDGE,home,False,0.0128,1.28,-0.0542,-5.42,True,False
2025-02-26_Manchester United_Ipswich Town_away,2025-02-26,Manchester United vs Ipswich Town,away,6.5,5.8,6.27,0.2611,0.1521,0.1658,69.71,7.8,CALIBRATED_EV,home,False,0.1207,12.07,0.0367,3.67,True,True
2025-02-27_West Ham United_Leicester City_home,2025-02-27,West Ham United vs Leicester City,home,1.65,1.63,1.663,0.5627,0.5989,0.5888,-7.15,-2.85,NO_EDGE,home,True,0.0123,1.23,-0.0078,-0.78,True,False
2025-02-27_West Ham United_Leicester City_draw,2025-02-27,West Ham United vs Leicester City,draw,4.33,4.21,4.466,0.1923,0.2231,0.2145,-16.73,-7.13,NO_EDGE,home,False,0.0285,2.85,-0.0305,-3.05,True,False
2025-02-27_West Ham United_Leicester City_away,2025-02-27,West Ham United vs Leicester City,away,5.4,5.34,5.721,0.245,0.178,0.1967,32.3,6.23,CALIBRATED_EV,home,False,0.0112,1.12,-0.0561,-5.61,True,True
2025-03-08_Nottingham Forest_Manchester City_home,2025-03-08,Nottingham Forest vs Manchester City,home,4.02,3.93,4.13,0.3822,0.2426,0.2817,53.64,13.24,CALIBRATED_EV,home,True,0.0229,2.29,-0.0266,-2.66,True,True
2025-03-08_Nottingham Forest_Manchester City_draw,2025-03-08,Nottingham Forest vs Manchester City,draw,4.02,3.95,4.152,0.1915,0.2426,0.2283,-23.02,-8.22,NO_EDGE,home,False,0.0177,1.77,-0.0318,-3.18,True,False
2025-03-08_Nottingham Forest_Manchester City_away,2025-03-08,Nottingham Forest vs Manchester City,away,1.92,1.89,1.934,0.4263,0.5148,0.49,-18.15,-5.92,NO_EDGE,home,False,0.0159,1.59,-0.0072,-0.72,True,False
2025-03-08_Brighton_Fulham_home,2025-03-08,Brighton vs Fulham,home,2.04,2.0,2.046,0.3506,0.4875,0.4492,-28.48,-8.37,NO_EDGE,home,True,0.02,2.0,-0.0029,-0.29,True,False
2025-03-08_Brighton_Fulham_draw,2025-03-08,Brighton vs Fulham,draw,3.75,3.64,3.797,0.2135,0.2639,0.2498,-19.94,-6.32,NO_EDGE,home,False,0.0302,3.02,-0.0124,-1.24,True,False
2025-03-08_Brighton_Fulham_away,2025-03-08,Brighton vs Fulham,away,3.98,3.86,4.035,0.4359,0.2486,0.2696,73.49,7.28,CALIBRATED_EV,home,False,0.0311,3.11,-0.0136,-1.36,True,True
2025-03-08_Crystal Palace_Ipswich Town_home,2025-03-08,Crystal Palace vs Ipswich Town,home,1.5,1.5,1.525,0.716,0.6616,0.6769,7.4,1.53,MARGINAL_EV,home,True,0.0,0.0,-0.0164,-1.64,False,False
2025-03-08_Crystal Palace_Ipswich Town_draw,2025-03-08,Crystal Palace vs Ipswich Town,draw,4.75,4.56,4.857,0.1596,0.2045,0.1919,-24.19,-8.84,NO_EDGE,home,False,0.0417,4.17,-0.022,-2.2,True,False
2025-03-08_Crystal Palace_Ipswich Town_away,2025-03-08,Crystal Palace vs Ipswich Town,away,7.2,6.67,7.217,0.1244,0.1339,0.1323,-10.43,-4.77,NO_EDGE,home,False,0.0795,7.95,-0.0024,-0.24,True,False
2025-03-08_Liverpool_Southampton_home,2025-03-08,Liverpool vs Southampton,home,1.14,1.12,1.132,0.8647,0.8758,0.8716,-1.42,-0.64,NO_EDGE,home,True,0.0179,1.79,0.0071,0.71,True,False
2025-03-08_Liverpool_Southampton_draw,2025-03-08,Liverpool vs Southampton,draw,11.3,10.6,13.191,0.0845,0.0858,0.0856,-4.51,-3.26,NO_EDGE,home,False,0.066,6.6,-0.1434,-14.34,True,False
2025-03-08_Liverpool_Southampton_away,2025-03-08,Liverpool vs Southampton,away,25.0,18.75,24.6,0.0508,0.0384,0.0405,27.0,1.3,MARGINAL_EV,home,False,0.3333,33.33,0.0163,1.63,True,False
2025-03-08_Brentford_Aston Villa_home,2025-03-08,Brentford vs Aston Villa,home,2.29,2.27,2.331,0.4733,0.4326,0.444,8.39,1.68,MARGINAL_EV,away,False,0.0088,0.88,-0.0176,-1.76,True,False
2025-03-08_Brentford_Aston Villa_draw,2025-03-08,Brentford vs Aston Villa,draw,3.99,3.82,3.991,0.204,0.2468,0.2348,-18.6,-6.32,NO_EDGE,away,False,0.0445,4.45,-0.0003,-0.03,True,False
2025-03-08_Brentford_Aston Villa_away,2025-03-08,Brentford vs Aston Villa,away,3.08,3.01,3.12,0.3227,0.3206,0.3214,-0.61,-1.01,NO_EDGE,away,True,0.0233,2.33,-0.0128,-1.28,True,False
2025-03-08_Wolverhampton Wanderers_Everton_home,2025-03-08,Wolverhampton Wanderers vs Everton,home,2.71,2.68,2.762,0.2392,0.3656,0.3302,-35.18,-10.51,NO_EDGE,draw,False,0.0112,1.12,-0.0188,-1.88,True,False
2025-03-08_Wolverhampton Wanderers_Everton_draw,2025-03-08,Wolverhampton Wanderers vs Everton,draw,3.31,3.15,3.262,0.2137,0.2988,0.275,-29.27,-8.99,NO_EDGE,draw,True,0.0508,5.08,0.0147,1.47,True,False
2025-03-08_Wolverhampton Wanderers_Everton_away,2025-03-08,Wolverhampton Wanderers vs Everton,away,2.95,2.92,3.017,0.5471,0.3356,0.3593,61.39,5.99,CALIBRATED_EV,draw,False,0.0103,1.03,-0.0222,-2.22,True,True
2025-03-09_Chelsea_Leicester City_home,2025-03-09,Chelsea vs Leicester City,home,1.22,1.2,1.217,0.735,0.8188,0.7953,-10.33,-2.97,NO_EDGE,home,True,0.0167,1.67,0.0025,0.25,True,False
2025-03-09_Chelsea_Leicester City_draw,2025-03-09,Chelsea vs Leicester City,draw,8.4,8.05,9.456,0.144,0.1177,0.1221,20.96,2.61,MARGINAL_EV,home,False,0.0435,4.35,-0.1117,-11.17,True,False
2025-03-09_Chelsea_Leicester City_away,2025-03-09,Chelsea vs Leicester City,away,15.5,11.42,13.782,0.121,0.0635,0.0708,87.55,9.72,FAKE_EV,home,False,0.3573,35.73,0.1247,12.47,True,False
2025-03-09_Tottenham_Bournemouth_home,2025-03-09,Tottenham vs Bournemouth,home,2.79,2.73,2.816,0.266,0.3523,0.3282,-25.79,-8.44,NO_EDGE,draw,False,0.022,2.2,-0.0092,-0.92,True,False
2025-03-09_Tottenham_Bournemouth_draw,2025-03-09,Tottenham vs Bournemouth,draw,3.98,3.95,4.12,0.1923,0.2455,0.2306,-23.46,-8.21,NO_EDGE,draw,True,0.0076,0.76,-0.034,-3.4,True,False
2025-03-09_Tottenham_Bournemouth_away,2025-03-09,Tottenham vs Bournemouth,away,2.45,2.42,2.487,0.5417,0.4021,0.4412,32.72,8.09,CALIBRATED_EV,draw,False,0.0124,1.24,-0.0149,-1.49,True,True
2025-03-09_Manchester United_Arsenal_home,2025-03-09,Manchester United vs Arsenal,home,6.0,5.61,5.998,0.1608,0.1665,0.1655,-3.52,-0.69,NO_EDGE,draw,False,0.0695,6.95,0.0003,0.03,True,False
2025-03-09_Manchester United_Arsenal_draw,2025-03-09,Manchester United vs Arsenal,draw,3.81,3.65,3.838,0.1817,0.2623,0.2397,-30.77,-8.67,NO_EDGE,draw,True,0.0438,4.38,-0.0073,-0.73,True,False
2025-03-09_Manchester United_Arsenal_away,2025-03-09,Manchester United vs Arsenal,away,1.75,1.71,1.746,0.6575,0.5712,0.5954,15.06,4.19,MARGINAL_EV,draw,False,0.0234,2.34,0.0023,0.23,True,False
2025-03-10_West Ham United_Newcastle United_home,2025-03-10,West Ham United vs Newcastle United,home,3.34,3.3,3.429,0.2366,0.2964,0.2797,-20.98,-6.6,NO_EDGE,away,False,0.0121,1.21,-0.026,-2.6,True,False
2025-03-10_West Ham United_Newcastle United_draw,2025-03-10,West Ham United vs Newcastle United,draw,3.83,3.62,3.772,0.1795,0.2582,0.2361,-31.25,-9.55,NO_EDGE,away,False,0.058,5.8,0.0154,1.54,True,False
2025-03-10_West Ham United_Newcastle United_away,2025-03-10,West Ham United vs Newcastle United,away,2.23,2.2,2.256,0.5839,0.4454,0.4842,30.21,7.98,CALIBRATED_EV,away,True,0.0136,1.36,-0.0115,-1.15,True,True
2025-03-15_Ipswich Town_Nottingham Forest_home,2025-03-15,Ipswich Town vs Nottingham Forest,home,3.93,3.88,4.063,0.1491,0.2505,0.2221,-41.4,-12.7,NO_EDGE,away,False,0.0129,1.29,-0.0327,-3.27,True,False
2025-03-15_Ipswich Town_Nottingham Forest_draw,2025-03-15,Ipswich Town vs Nottingham Forest,draw,3.71,3.64,3.803,0.1639,0.2656,0.2371,-39.19,-12.03,NO_EDGE,away,False,0.0192,1.92,-0.0245,-2.45,True,False
2025-03-15_Ipswich Town_Nottingham Forest_away,2025-03-15,Ipswich Town vs Nottingham Forest,away,2.05,1.99,2.037,0.687,0.4839,0.5066,40.84,3.86,MARGINAL_EV,away,True,0.0302,3.02,0.0064,0.64,True,False
2025-03-15_Everton_West Ham United_home,2025-03-15,Everton vs West Ham United,home,2.17,2.11,2.161,0.5539,0.4571,0.4842,20.2,5.07,CALIBRATED_EV,draw,False,0.0284,2.84,0.0042,0.42,True,True
2025-03-15_Everton_West Ham United_draw,2025-03-15,Everton vs West Ham United,draw,3.35,3.3,3.428,0.2326,0.2947,0.2773,-22.08,-7.1,NO_EDGE,draw,True,0.0152,1.52,-0.0228,-2.28,True,False
2025-03-15_Everton_West Ham United_away,2025-03-15,Everton vs West Ham United,away,3.97,3.9,4.073,0.2135,0.2482,0.2385,-15.24,-5.31,NO_EDGE,draw,False,0.0179,1.79,-0.0253,-2.53,True,False
2025-03-15_Manchester City_Brighton_home,2025-03-15,Manchester City vs Brighton,home,1.7,1.67,1.702,0.5065,0.5865,0.5641,-13.9,-4.11,NO_EDGE,draw,False,0.018,1.8,-0.0012,-0.12,True,False
2025-03-15_Manchester City_Brighton_draw,2025-03-15,Manchester City vs Brighton,draw,4.7,4.55,4.811,0.1995,0.2109,0.2066,-6.23,-2.91,NO_EDGE,draw,True,0.033,3.3,-0.0231,-2.31,True,False
2025-03-15_Manchester City_Brighton_away,2025-03-15,Manchester City vs Brighton,away,4.89,4.62,4.888,0.294,0.2026,0.2282,43.77,11.6,CALIBRATED_EV,draw,False,0.0584,5.84,0.0004,0.04,True,True
2025-03-15_Bournemouth_Brentford_home,2025-03-15,Bournemouth vs Brentford,home,1.8,1.77,1.807,0.497,0.5505,0.5355,-10.54,-3.6,NO_EDGE,away,False,0.0169,1.69,-0.0039,-0.39,True,False
2025-03-15_Bournemouth_Brentford_draw,2025-03-15,Bournemouth vs Brentford,draw,4.3,4.21,4.435,0.2233,0.2274,0.2258,-3.98,-2.89,NO_EDGE,away,False,0.0214,2.14,-0.0304,-3.04,True,False
2025-03-15_Bournemouth_Brentford_away,2025-03-15,Bournemouth vs Brentford,away,4.4,4.29,4.522,0.2796,0.2221,0.2382,23.02,4.81,MARGINAL_EV,away,True,0.0256,2.56,-0.027,-2.7,True,False
2025-03-15_Southampton_Wolverhampton Wanderers_home,2025-03-15,Southampton vs Wolverhampton Wanderers,home,3.85,3.67,3.829,0.1898,0.2572,0.2383,-26.93,-8.24,NO_EDGE,away,False,0.049,4.9,0.0055,0.55,True,False
2025-03-15_Southampton_Wolverhampton Wanderers_draw,2025-03-15,Southampton vs Wolverhampton Wanderers,draw,3.65,3.56,3.711,0.1838,0.2714,0.2469,-32.91,-9.89,NO_EDGE,away,False,0.0253,2.53,-0.0164,-1.64,True,False
2025-03-15_Southampton_Wolverhampton Wanderers_away,2025-03-15,Southampton vs Wolverhampton Wanderers,away,2.11,2.08,2.13,0.6264,0.4714,0.4887,32.17,3.12,MARGINAL_EV,away,True,0.0144,1.44,-0.0094,-0.94,True,False
2025-03-16_Arsenal_Chelsea_home,2025-03-16,Arsenal vs Chelsea,home,1.85,1.81,1.85,0.499,0.536,0.5257,-7.68,-2.75,NO_EDGE,home,True,0.0221,2.21,0.0,0.0,True,False
2025-03-16_Arsenal_Chelsea_draw,2025-03-16,Arsenal vs Chelsea,draw,3.91,3.78,3.971,0.2222,0.251,0.2401,-13.12,-6.11,NO_EDGE,home,False,0.0344,3.44,-0.0154,-1.54,True,False
2025-03-16_Arsenal_Chelsea_away,2025-03-16,Arsenal vs Chelsea,away,4.6,4.55,4.813,0.2789,0.2129,0.2314,28.29,6.44,CALIBRATED_EV,home,False,0.011,1.1,-0.0443,-4.43,True,True
2025-03-16_Fulham_Tottenham_home,2025-03-16,Fulham vs Tottenham,home,2.1,2.03,2.077,0.4254,0.477,0.4625,-10.67,-2.87,NO_EDGE,home,True,0.0345,3.45,0.0111,1.11,True,False
2025-03-16_Fulham_Tottenham_draw,2025-03-16,Fulham vs Tottenham,draw,4.04,3.88,4.054,0.2063,0.2483,0.2365,-16.65,-4.44,NO_EDGE,home,False,0.0412,4.12,-0.0035,-0.35,True,False
2025-03-16_Fulham_Tottenham_away,2025-03-16,Fulham vs Tottenham,away,3.65,3.53,3.677,0.3683,0.2747,0.3009,34.43,9.84,CALIBRATED_EV,home,False,0.034,3.4,-0.0073,-0.73,True,True
2025-03-16_Leicester City_Manchester United_home,2025-03-16,Leicester City vs Manchester United,home,4.5,4.21,4.44,0.2407,0.218,0.2266,8.32,1.97,MARGINAL_EV,away,False,0.0689,6.89,0.0135,1.35,True,False
2025-03-16_Leicester City_Manchester United_draw,2025-03-16,Leicester City vs Manchester United,draw,3.91,3.86,4.058,0.2076,0.2514,0.2391,-18.83,-6.5,NO_EDGE,away,False,0.013,1.3,-0.0365,-3.65,True,False
2025-03-16_Leicester City_Manchester United_away,2025-03-16,Leicester City vs Manchester United,away,1.87,1.85,1.893,0.5518,0.5306,0.5386,3.19,0.72,NO_EDGE,away,True,0.0108,1.08,-0.0122,-1.22,True,False
2025-04-01_Arsenal_Fulham_home,2025-04-01,Arsenal vs Fulham,home,1.52,1.5,1.523,0.5091,0.6607,0.6437,-22.62,-2.15,NO_EDGE,home,True,0.0133,1.33,-0.002,-0.2,True,False
2025-04-01_Arsenal_Fulham_draw,2025-04-01,Arsenal vs Fulham,draw,4.5,4.21,4.447,0.2367,0.2257,0.2298,6.52,3.42,MARGINAL_EV,home,False,0.0689,6.89,0.0119,1.19,True,False
2025-04-01_Arsenal_Fulham_away,2025-04-01,Arsenal vs Fulham,away,9.0,7.79,8.425,0.2542,0.1136,0.1249,128.78,12.39,FAKE_EV,home,False,0.1553,15.53,0.0682,6.82,True,False
2025-04-01_Wolverhampton Wanderers_West Ham United_home,2025-04-01,Wolverhampton Wanderers vs West Ham United,home,2.63,2.62,2.684,0.4117,0.3783,0.3876,8.28,1.95,MARGINAL_EV,home,True,0.0038,0.38,-0.0201,-2.01,True,False
2025-04-01_Wolverhampton Wanderers_West Ham United_draw,2025-04-01,Wolverhampton Wanderers vs West Ham United,draw,3.3,3.25,3.348,0.2431,0.3011,0.2849,-19.78,-6.0,NO_EDGE,home,False,0.0154,1.54,-0.0143,-1.43,True,False
2025-04-01_Wolverhampton Wanderers_West Ham United_away,2025-04-01,Wolverhampton Wanderers vs West Ham United,away,3.1,2.96,3.042,0.3452,0.3206,0.3299,7.01,2.28,MARGINAL_EV,home,False,0.0473,4.73,0.0191,1.91,True,False
2025-04-01_Nottingham Forest_Manchester United_home,2025-04-01,Nottingham Forest vs Manchester United,home,2.45,2.36,2.413,0.5903,0.411,0.4311,44.62,5.61,CALIBRATED_EV,home,True,0.0381,3.81,0.0153,1.53,True,True
2025-04-01_Nottingham Forest_Manchester United_draw,2025-04-01,Nottingham Forest vs Manchester United,draw,3.59,3.44,3.553,0.184,0.2813,0.2541,-33.94,-8.79,NO_EDGE,home,False,0.0436,4.36,0.0104,1.04,True,False
2025-04-01_Nottingham Forest_Manchester United_away,2025-04-01,Nottingham Forest vs Manchester United,away,3.28,3.19,3.288,0.2257,0.3077,0.2847,-25.97,-6.61,NO_EDGE,home,False,0.0282,2.82,-0.0024,-0.24,True,False
2025-04-02_Bournemouth_Ipswich Town_home,2025-04-02,Bournemouth vs Ipswich Town,home,1.41,1.39,1.411,0.7136,0.7044,0.7078,0.62,-0.19,NO_EDGE,away,False,0.0144,1.44,-0.0007,-0.07,True,False
2025-04-02_Bournemouth_Ipswich Town_draw,2025-04-02,Bournemouth vs Ipswich Town,draw,5.5,5.33,5.753,0.1536,0.1757,0.172,-15.52,-5.42,NO_EDGE,away,False,0.0319,3.19,-0.044,-4.4,True,False
2025-04-02_Bournemouth_Ipswich Town_away,2025-04-02,Bournemouth vs Ipswich Town,away,8.0,7.75,8.51,0.1328,0.1199,0.1221,6.24,-2.32,FAKE_EV,away,True,0.0323,3.23,-0.0599,-5.99,True,False
2025-04-02_Brighton_Aston Villa_home,2025-04-02,Brighton vs Aston Villa,home,2.15,2.11,2.162,0.4528,0.4599,0.4572,-2.65,-1.7,NO_EDGE,away,False,0.019,1.9,-0.0056,-0.56,True,False
2025-04-02_Brighton_Aston Villa_draw,2025-04-02,Brighton vs Aston Villa,draw,3.97,3.85,4.022,0.2174,0.2468,0.2357,-13.69,-6.42,NO_EDGE,away,False,0.0312,3.12,-0.0129,-1.29,True,False
2025-04-02_Brighton_Aston Villa_away,2025-04-02,Brighton vs Aston Villa,away,3.35,3.33,3.463,0.3299,0.2933,0.3035,10.52,1.68,MARGINAL_EV,away,True,0.006,0.6,-0.0326,-3.26,True,False
2025-04-02_Manchester City_Leicester City_home,2025-04-02,Manchester City vs Leicester City,home,1.22,1.2,1.215,0.7711,0.8174,0.8044,-5.93,-1.86,NO_EDGE,home,True,0.0167,1.67,0.0041,0.41,True,False
2025-04-02_Manchester City_Leicester City_draw,2025-04-02,Manchester City vs Leicester City,draw,8.2,8.18,9.452,0.1373,0.1184,0.1216,12.59,-0.27,FAKE_EV,home,False,0.0024,0.24,-0.1325,-13.25,True,False
2025-04-02_Manchester City_Leicester City_away,2025-04-02,Manchester City vs Leicester City,away,15.0,11.84,14.033,0.0916,0.0642,0.0688,37.4,3.27,MARGINAL_EV,home,False,0.2669,26.69,0.0689,6.89,True,False
2025-04-02_Newcastle United_Brentford_home,2025-04-02,Newcastle United vs Brentford,home,1.75,1.74,1.777,0.4473,0.5646,0.5318,-21.72,-6.94,NO_EDGE,home,True,0.0057,0.57,-0.0152,-1.52,True,False
2025-04-02_Newcastle United_Brentford_draw,2025-04-02,Newcastle United vs Brentford,draw,4.5,4.34,4.59,0.1992,0.2152,0.2092,-10.36,-5.88,NO_EDGE,home,False,0.0369,3.69,-0.0196,-1.96,True,False
2025-04-02_Newcastle United_Brentford_away,2025-04-02,Newcastle United vs Brentford,away,4.4,4.31,4.557,0.3535,0.2202,0.2575,55.54,13.3,CALIBRATED_EV,home,False,0.0209,2.09,-0.0345,-3.45,True,True
2025-04-02_Southampton_Crystal Palace_home,2025-04-02,Southampton vs Crystal Palace,home,5.8,5.72,6.111,0.0806,0.1686,0.1575,-53.25,-8.67,NO_EDGE,draw,False,0.014,1.4,-0.0509,-5.09,True,False
2025-04-02_Southampton_Crystal Palace_draw,2025-04-02,Southampton vs Crystal Palace,draw,4.28,4.05,4.271,0.134,0.2293,0.2026,-42.65,-13.28,NO_EDGE,draw,True,0.0568,5.68,0.0021,0.21,True,False
2025-04-02_Southampton_Crystal Palace_away,2025-04-02,Southampton vs Crystal Palace,away,1.65,1.63,1.66,0.7854,0.6021,0.6227,29.59,2.74,MARGINAL_EV,draw,False,0.0123,1.23,-0.006,-0.6,True,False
2025-04-02_Liverpool_Everton_home,2025-04-02,Liverpool vs Everton,home,1.4,1.36,1.38,0.6026,0.7118,0.6812,-15.64,-4.63,NO_EDGE,home,True,0.0294,2.94,0.0145,1.45,True,False
2025-04-02_Liverpool_Everton_draw,2025-04-02,Liverpool vs Everton,draw,5.3,5.19,5.62,0.196,0.1854,0.1894,3.88,0.39,NO_EDGE,home,False,0.0212,2.12,-0.0569,-5.69,True,False
2025-04-02_Liverpool_Everton_away,2025-04-02,Liverpool vs Everton,away,9.5,9.2,10.243,0.2013,0.1028,0.1152,91.23,9.46,FAKE_EV,home,False,0.0326,3.26,-0.0725,-7.25,True,False
2025-04-03_Chelsea_Tottenham_home,2025-04-03,Chelsea vs Tottenham,home,1.67,1.66,1.695,0.4123,0.5916,0.5715,-31.15,-4.56,NO_EDGE,home,True,0.006,0.6,-0.0147,-1.47,True,False
2025-04-03_Chelsea_Tottenham_draw,2025-04-03,Chelsea vs Tottenham,draw,4.69,4.58,4.874,0.1991,0.2056,0.2031,-6.62,-4.74,NO_EDGE,home,False,0.024,2.4,-0.0378,-3.78,True,False
2025-04-03_Chelsea_Tottenham_away,2025-04-03,Chelsea vs Tottenham,away,4.75,4.59,4.884,0.3886,0.2029,0.2237,84.58,6.25,CALIBRATED_EV,home,False,0.0349,3.49,-0.0274,-2.74,True,True
2025-04-05_Everton_Arsenal_home,2025-04-05,Everton vs Arsenal,home,5.6,5.3,5.636,0.2207,0.1758,0.1815,23.59,1.63,MARGINAL_EV,draw,False,0.0566,5.66,-0.0064,-0.64,True,False
2025-04-05_Everton_Arsenal_draw,2025-04-05,Everton vs Arsenal,draw,3.6,3.39,3.546,0.2471,0.2746,0.2642,-11.04,-4.88,NO_EDGE,draw,True,0.0619,6.19,0.0152,1.52,True,False
2025-04-05_Everton_Arsenal_away,2025-04-05,Everton vs Arsenal,away,1.81,1.81,1.85,0.5322,0.5496,0.543,-3.67,-1.72,NO_EDGE,draw,False,0.0,0.0,-0.0216,-2.16,False,False
2025-04-05_Crystal Palace_Brighton_home,2025-04-05,Crystal Palace vs Brighton,home,2.5,2.5,2.573,0.4865,0.3951,0.4207,21.63,5.18,CALIBRATED_EV,home,True,0.0,0.0,-0.0284,-2.84,False,True
2025-04-05_Crystal Palace_Brighton_draw,2025-04-05,Crystal Palace vs Brighton,draw,3.6,3.46,3.598,0.2151,0.2731,0.2568,-22.56,-7.54,NO_EDGE,home,False,0.0405,4.05,0.0006,0.06,True,False
2025-04-05_Crystal Palace_Brighton_away,2025-04-05,Crystal Palace vs Brighton,away,2.97,2.9,2.999,0.2984,0.3318,0.3225,-11.38,-4.23,NO_EDGE,home,False,0.0241,2.41,-0.0097,-0.97,True,False
2025-04-05_Ipswich Town_Wolverhampton Wanderers_home,2025-04-05,Ipswich Town vs Wolverhampton Wanderers,home,2.8,2.78,2.865,0.2186,0.3522,0.3148,-38.79,-11.85,NO_EDGE,away,False,0.0072,0.72,-0.0227,-2.27,True,False
2025-04-05_Ipswich Town_Wolverhampton Wanderers_draw,2025-04-05,Ipswich Town vs Wolverhampton Wanderers,draw,3.45,3.3,3.418,0.1915,0.2851,0.2589,-33.93,-10.69,NO_EDGE,away,False,0.0455,4.55,0.0094,0.94,True,False
2025-04-05_Ipswich Town_Wolverhampton Wanderers_away,2025-04-05,Ipswich Town vs Wolverhampton Wanderers,away,2.72,2.71,2.791,0.59,0.3627,0.3882,60.48,5.58,CALIBRATED_EV,away,True,0.0037,0.37,-0.0254,-2.54,True,True
2025-04-05_West Ham United_Bournemouth_home,2025-04-05,West Ham United vs Bournemouth,home,3.2,3.03,3.137,0.2066,0.3089,0.2803,-33.89,-10.32,NO_EDGE,draw,False,0.0561,5.61,0.0201,2.01,True,False
2025-04-05_West Ham United_Bournemouth_draw,2025-04-05,West Ham United vs Bournemouth,draw,3.53,3.53,3.672,0.2135,0.2798,0.2612,-24.63,-7.79,NO_EDGE,draw,True,0.0,0.0,-0.0387,-3.87,False,False
2025-04-05_West Ham United_Bournemouth_away,2025-04-05,West Ham United vs Bournemouth,away,2.41,2.38,2.446,0.5799,0.4113,0.4302,39.76,3.68,MARGINAL_EV,draw,False,0.0126,1.26,-0.0147,-1.47,True,False
2025-04-05_Aston Villa_Nottingham Forest_home,2025-04-05,Aston Villa vs Nottingham Forest,home,2.05,2.0,2.046,0.2483,0.4842,0.4577,-49.1,-6.16,NO_EDGE,home,True,0.025,2.5,0.002,0.2,True,False
2025-04-05_Aston Villa_Nottingham Forest_draw,2025-04-05,Aston Villa vs Nottingham Forest,draw,3.75,3.69,3.853,0.1976,0.263,0.2447,-25.9,-8.24,NO_EDGE,home,False,0.0163,1.63,-0.0267,-2.67,True,False
2025-04-05_Aston Villa_Nottingham Forest_away,2025-04-05,Aston Villa vs Nottingham Forest,away,3.9,3.8,3.972,0.5541,0.2528,0.2866,116.1,11.75,CALIBRATED_EV,home,False,0.0263,2.63,-0.0181,-1.81,True,True
2025-04-06_Brentford_Chelsea_home,2025-04-06,Brentford vs Chelsea,home,3.4,3.26,3.383,0.3881,0.2913,0.3184,31.95,8.26,CALIBRATED_EV,draw,False,0.0429,4.29,0.005,0.5,True,True
2025-04-06_Brentford_Chelsea_draw,2025-04-06,Brentford vs Chelsea,draw,3.85,3.8,3.962,0.2436,0.257,0.2519,-6.21,-3.01,NO_EDGE,draw,True,0.0132,1.32,-0.0283,-2.83,True,False
2025-04-06_Brentford_Chelsea_away,2025-04-06,Brentford vs Chelsea,away,2.2,2.16,2.213,0.3683,0.4517,0.4284,-18.97,-5.76,NO_EDGE,draw,False,0.0185,1.85,-0.0059,-0.59,True,False
2025-04-06_Fulham_Liverpool_home,2025-04-06,Fulham vs Liverpool,home,4.5,4.27,4.495,0.1916,0.2184,0.2083,-13.78,-6.27,NO_EDGE,home,True,0.0539,5.39,0.0011,0.11,True,False
2025-04-06_Fulham_Liverpool_draw,2025-04-06,Fulham vs Liverpool,draw,3.8,3.75,3.93,0.1786,0.2591,0.2366,-32.13,-10.09,NO_EDGE,home,False,0.0133,1.33,-0.0331,-3.31,True,False
2025-04-06_Fulham_Liverpool_away,2025-04-06,Fulham vs Liverpool,away,1.9,1.87,1.912,0.6297,0.5224,0.5525,19.64,4.97,MARGINAL_EV,home,False,0.016,1.6,-0.0063,-0.63,True,False
2025-04-06_Tottenham_Southampton_home,2025-04-06,Tottenham vs Southampton,home,1.43,1.39,1.414,0.6652,0.6972,0.6882,-4.88,-1.58,NO_EDGE,home,True,0.0288,2.88,0.0113,1.13,True,False
2025-04-06_Tottenham_Southampton_draw,2025-04-06,Tottenham vs Southampton,draw,5.6,5.42,5.907,0.1658,0.176,0.1743,-7.15,-2.41,NO_EDGE,home,False,0.0332,3.32,-0.052,-5.2,True,False
2025-04-06_Tottenham_Southampton_away,2025-04-06,Tottenham vs Southampton,away,7.75,7.33,8.113,0.169,0.1268,0.1321,30.98,2.4,MARGINAL_EV,home,False,0.0573,5.73,-0.0447,-4.47,True,False
2025-04-06_Manchester United_Manchester City_home,2025-04-06,Manchester United vs Manchester City,home,3.45,3.39,3.524,0.2404,0.2861,0.2733,-17.06,-5.7,NO_EDGE,draw,False,0.0177,1.77,-0.021,-2.1,True,False
2025-04-06_Manchester United_Manchester City_draw,2025-04-06,Manchester United vs Manchester City,draw,3.75,3.66,3.813,0.2025,0.263,0.2461,-24.06,-7.72,NO_EDGE,draw,True,0.0246,2.46,-0.0165,-1.65,True,False
2025-04-06_Manchester United_Manchester City_away,2025-04-06,Manchester United vs Manchester City,away,2.2,2.15,2.203,0.5571,0.4508,0.4806,22.56,5.73,CALIBRATED_EV,draw,False,0.0233,2.33,-0.0014,-0.14,True,True
2025-04-07_Leicester City_Newcastle United_home,2025-04-07,Leicester City vs Newcastle United,home,6.75,6.61,7.167,0.0872,0.1436,0.1365,-41.14,-7.89,NO_EDGE,away,False,0.0212,2.12,-0.0582,-5.82,True,False
2025-04-07_Leicester City_Newcastle United_draw,2025-04-07,Leicester City vs Newcastle United,draw,4.7,4.47,4.766,0.1361,0.2074,0.1874,-36.03,-11.9,NO_EDGE,away,False,0.0515,5.15,-0.0138,-1.38,True,False
2025-04-07_Leicester City_Newcastle United_away,2025-04-07,Leicester City vs Newcastle United,away,1.53,1.51,1.537,0.7766,0.649,0.6847,18.82,4.77,MARGINAL_EV,away,True,0.0132,1.32,-0.0046,-0.46,True,False
2025-04-12_Manchester City_Crystal Palace_home,2025-04-12,Manchester City vs Crystal Palace,home,1.52,1.5,1.527,0.4089,0.6507,0.6236,-37.85,-5.21,NO_EDGE,home,True,0.0133,1.33,-0.0046,-0.46,True,False
2025-04-12_Manchester City_Crystal Palace_draw,2025-04-12,Manchester City vs Crystal Palace,draw,4.9,4.81,5.152,0.225,0.1958,0.2068,10.25,1.34,MARGINAL_EV,home,False,0.0187,1.87,-0.0489,-4.89,True,False
2025-04-12_Manchester City_Crystal Palace_away,2025-04-12,Manchester City vs Crystal Palace,away,6.21,6.12,6.625,0.3661,0.1535,0.1705,127.35,5.89,FAKE_EV,home,False,0.0147,1.47,-0.0626,-6.26,True,False
2025-04-12_Brighton_Leicester City_home,2025-04-12,Brighton vs Leicester City,home,1.29,1.27,1.291,0.7187,0.7695,0.7553,-7.29,-2.57,NO_EDGE,draw,False,0.0157,1.57,-0.0008,-0.08,True,False
2025-04-12_Brighton_Leicester City_draw,2025-04-12,Brighton vs Leicester City,draw,6.2,5.96,6.749,0.1669,0.153,0.1553,3.48,-3.69,NO_EDGE,draw,True,0.0403,4.03,-0.0813,-8.13,True,False
2025-04-12_Brighton_Leicester City_away,2025-04-12,Brighton vs Leicester City,away,12.0,10.93,12.912,0.1144,0.0775,0.0822,37.28,-1.38,FAKE_EV,draw,False,0.0979,9.79,-0.0706,-7.06,True,False
2025-04-12_Nottingham Forest_Everton_home,2025-04-12,Nottingham Forest vs Everton,home,2.15,2.13,2.183,0.4908,0.4621,0.473,5.52,1.69,MARGINAL_EV,away,False,0.0094,0.94,-0.0151,-1.51,True,False
2025-04-12_Nottingham Forest_Everton_draw,2025-04-12,Nottingham Forest vs Everton,draw,3.48,3.38,3.517,0.224,0.2844,0.2675,-22.05,-6.92,NO_EDGE,away,False,0.0296,2.96,-0.0105,-1.05,True,False
2025-04-12_Nottingham Forest_Everton_away,2025-04-12,Nottingham Forest vs Everton,away,3.9,3.72,3.882,0.2851,0.2535,0.2624,11.19,2.32,MARGINAL_EV,away,True,0.0484,4.84,0.0046,0.46,True,False
2025-04-12_Southampton_Aston Villa_home,2025-04-12,Southampton vs Aston Villa,home,6.0,5.75,6.187,0.1679,0.1726,0.1718,0.74,3.1,NO_EDGE,away,False,0.0435,4.35,-0.0302,-3.02,True,False
2025-04-12_Southampton_Aston Villa_draw,2025-04-12,Southampton vs Aston Villa,draw,5.6,4.49,4.781,0.1788,0.1847,0.1837,0.13,2.88,NO_EDGE,away,False,0.2472,24.72,0.1713,17.13,True,False
2025-04-12_Southampton_Aston Villa_away,2025-04-12,Southampton vs Aston Villa,away,1.57,1.56,1.589,0.6533,0.6426,0.6467,2.57,1.53,NO_EDGE,away,True,0.0064,0.64,-0.012,-1.2,True,False
2025-04-12_Arsenal_Brentford_home,2025-04-12,Arsenal vs Brentford,home,1.65,1.63,1.663,0.5261,0.6,0.5793,-13.19,-4.41,NO_EDGE,draw,False,0.0123,1.23,-0.0078,-0.78,True,False
2025-04-12_Arsenal_Brentford_draw,2025-04-12,Arsenal vs Brentford,draw,4.33,4.17,4.419,0.2403,0.2243,0.2303,4.05,-0.27,NO_EDGE,draw,True,0.0384,3.84,-0.0201,-2.01,True,False
2025-04-12_Arsenal_Brentford_away,2025-04-12,Arsenal vs Brentford,away,5.5,5.42,5.805,0.2336,0.1757,0.183,28.48,0.66,MARGINAL_EV,draw,False,0.0148,1.48,-0.0525,-5.25,True,False
2025-04-13_Chelsea_Ipswich Town_home,2025-04-13,Chelsea vs Ipswich Town,home,1.28,1.25,1.269,0.5928,0.7791,0.7582,-24.12,-2.94,NO_EDGE,draw,False,0.024,2.4,0.0087,0.87,True,False
2025-04-13_Chelsea_Ipswich Town_draw,2025-04-13,Chelsea vs Ipswich Town,draw,7.0,6.84,7.807,0.2038,0.1398,0.1479,42.66,3.51,MARGINAL_EV,draw,True,0.0234,2.34,-0.1034,-10.34,True,False
2025-04-13_Chelsea_Ipswich Town_away,2025-04-13,Chelsea vs Ipswich Town,away,12.0,10.14,11.892,0.2034,0.0811,0.0965,144.08,15.78,FAKE_EV,draw,False,0.1834,18.34,0.0091,0.91,True,False
2025-04-13_Liverpool_West Ham United_home,2025-04-13,Liverpool vs West Ham United,home,1.31,1.3,1.317,0.678,0.7573,0.7351,-11.18,-3.7,NO_EDGE,home,True,0.0077,0.77,-0.0053,-0.53,True,False
2025-04-13_Liverpool_West Ham United_draw,2025-04-13,Liverpool vs West Ham United,draw,6.2,6.09,6.674,0.1822,0.1529,0.1579,12.96,-2.11,FAKE_EV,home,False,0.0181,1.81,-0.071,-7.1,True,False
2025-04-13_Liverpool_West Ham United_away,2025-04-13,Liverpool vs West Ham United,away,10.4,9.78,10.978,0.1398,0.0898,0.0961,45.39,-0.09,FAKE_EV,home,False,0.0634,6.34,-0.0527,-5.27,True,False
2025-04-13_Wolverhampton Wanderers_Tottenham_home,2025-04-13,Wolverhampton Wanderers vs Tottenham,home,2.28,2.25,2.309,0.4279,0.4311,0.4299,-2.44,-1.98,NO_EDGE,home,True,0.0133,1.33,-0.0126,-1.26,True,False
2025-04-13_Wolverhampton Wanderers_Tottenham_draw,2025-04-13,Wolverhampton Wanderers vs Tottenham,draw,3.65,3.57,3.719,0.2241,0.2667,0.2548,-18.2,-7.01,NO_EDGE,home,False,0.0224,2.24,-0.0186,-1.86,True,False
2025-04-13_Wolverhampton Wanderers_Tottenham_away,2025-04-13,Wolverhampton Wanderers vs Tottenham,away,3.23,3.23,3.354,0.348,0.3021,0.315,12.4,1.74,MARGINAL_EV,home,False,0.0,0.0,-0.037,-3.7,False,False
2025-04-13_Newcastle United_Manchester United_home,2025-04-13,Newcastle United vs Manchester United,home,1.69,1.66,1.693,0.6059,0.5884,0.595,2.4,0.56,NO_EDGE,home,True,0.0181,1.81,-0.0018,-0.18,True,False
2025-04-13_Newcastle United_Manchester United_draw,2025-04-13,Newcastle United vs Manchester United,draw,4.35,4.29,4.54,0.1944,0.2263,0.2173,-15.44,-5.45,NO_EDGE,home,False,0.014,1.4,-0.0419,-4.19,True,False
2025-04-13_Newcastle United_Manchester United_away,2025-04-13,Newcastle United vs Manchester United,away,5.3,4.97,5.289,0.1997,0.1853,0.1908,5.84,1.1,MARGINAL_EV,home,False,0.0664,6.64,0.0021,0.21,True,False
2025-04-14_Bournemouth_Fulham_home,2025-04-14,Bournemouth vs Fulham,home,2.18,2.16,2.215,0.4439,0.4531,0.4496,-3.23,-1.98,NO_EDGE,home,True,0.0093,0.93,-0.0158,-1.58,True,False
2025-04-14_Bournemouth_Fulham_draw,2025-04-14,Bournemouth vs Fulham,draw,3.79,3.62,3.774,0.2163,0.2584,0.2466,-18.02,-6.54,NO_EDGE,home,False,0.047,4.7,0.0042,0.42,True,False
2025-04-14_Bournemouth_Fulham_away,2025-04-14,Bournemouth vs Fulham,away,3.4,3.39,3.527,0.3398,0.2885,0.3029,15.53,2.97,MARGINAL_EV,home,False,0.0029,0.29,-0.036,-3.6,True,False
2025-04-16_Newcastle United_Crystal Palace_home,2025-04-16,Newcastle United vs Crystal Palace,home,1.75,1.72,1.757,0.4878,0.5674,0.5451,-14.63,-4.61,NO_EDGE,home,True,0.0174,1.74,-0.004,-0.4,True,False
2025-04-16_Newcastle United_Crystal Palace_draw,2025-04-16,Newcastle United vs Crystal Palace,draw,4.15,4.01,4.232,0.2028,0.2366,0.2272,-15.84,-5.72,NO_EDGE,home,False,0.0349,3.49,-0.0194,-1.94,True,False
2025-04-16_Newcastle United_Crystal Palace_away,2025-04-16,Newcastle United vs Crystal Palace,away,5.0,4.84,5.145,0.3094,0.196,0.2277,54.7,13.86,CALIBRATED_EV,home,False,0.0331,3.31,-0.0282,-2.82,True,True
2025-04-19_Brentford_Brighton_home,2025-04-19,Brentford vs Brighton,home,2.56,2.56,2.635,0.4168,0.3859,0.3945,6.7,1.0,MARGINAL_EV,home,True,0.0,0.0,-0.0285,-2.85,False,False
2025-04-19_Brentford_Brighton_draw,2025-04-19,Brentford vs Brighton,draw,3.85,3.59,3.733,0.23,0.2552,0.2457,-11.45,-5.41,NO_EDGE,home,False,0.0724,7.24,0.0313,3.13,True,False
2025-04-19_Brentford_Brighton_away,2025-04-19,Brentford vs Brighton,away,2.75,2.75,2.836,0.3533,0.3589,0.3568,-2.84,-1.89,NO_EDGE,home,False,0.0,0.0,-0.0303,-3.03,False,False
2025-04-19_Crystal Palace_Bournemouth_home,2025-04-19,Crystal Palace vs Bournemouth,home,2.6,2.59,2.665,0.3669,0.3784,0.3741,-4.61,-2.74,NO_EDGE,draw,False,0.0039,0.39,-0.0244,-2.44,True,False
2025-04-19_Crystal Palace_Bournemouth_draw,2025-04-19,Crystal Palace vs Bournemouth,draw,3.65,3.61,3.751,0.2215,0.268,0.255,-19.15,-6.93,NO_EDGE,draw,True,0.0111,1.11,-0.0269,-2.69,True,False
2025-04-19_Crystal Palace_Bournemouth_away,2025-04-19,Crystal Palace vs Bournemouth,away,2.78,2.71,2.792,0.4116,0.3535,0.3698,14.42,2.8,MARGINAL_EV,draw,False,0.0258,2.58,-0.0043,-0.43,True,False
2025-04-19_Everton_Manchester City_home,2025-04-19,Everton vs Manchester City,home,4.0,3.79,3.959,0.2581,0.2445,0.2496,3.24,-0.15,NO_EDGE,away,False,0.0554,5.54,0.0104,1.04,True,False
2025-04-19_Everton_Manchester City_draw,2025-04-19,Everton vs Manchester City,draw,3.75,3.74,3.905,0.2132,0.2611,0.2477,-20.05,-7.13,NO_EDGE,away,False,0.0027,0.27,-0.0397,-3.97,True,False
2025-04-19_Everton_Manchester City_away,2025-04-19,Everton vs Manchester City,away,2.0,1.99,2.035,0.5287,0.4945,0.504,5.74,0.81,MARGINAL_EV,away,True,0.005,0.5,-0.0172,-1.72,True,False
2025-04-19_West Ham United_Southampton_home,2025-04-19,West Ham United vs Southampton,home,1.52,1.5,1.527,0.5988,0.6511,0.6364,-8.98,-3.26,NO_EDGE,draw,False,0.0133,1.33,-0.0046,-0.46,True,False
2025-04-19_West Ham United_Southampton_draw,2025-04-19,West Ham United vs Southampton,draw,4.65,4.61,4.927,0.1884,0.207,0.2,-12.39,-7.02,NO_EDGE,draw,True,0.0087,0.87,-0.0562,-5.62,True,False
2025-04-19_West Ham United_Southampton_away,2025-04-19,West Ham United vs Southampton,away,6.72,6.49,7.04,0.2128,0.1419,0.1509,43.0,1.38,MARGINAL_EV,draw,False,0.0354,3.54,-0.0455,-4.55,True,False
2025-04-19_Aston Villa_Newcastle United_home,2025-04-19,Aston Villa vs Newcastle United,home,2.42,2.38,2.445,0.2829,0.4069,0.3721,-31.54,-9.94,NO_EDGE,home,True,0.0168,1.68,-0.0102,-1.02,True,False
2025-04-19_Aston Villa_Newcastle United_draw,2025-04-19,Aston Villa vs Newcastle United,draw,3.75,3.7,3.852,0.1962,0.2605,0.2425,-26.42,-9.05,NO_EDGE,home,False,0.0135,1.35,-0.0265,-2.65,True,False
2025-04-19_Aston Villa_Newcastle United_away,2025-04-19,Aston Villa vs Newcastle United,away,2.95,2.92,3.018,0.5209,0.3326,0.3537,53.67,4.34,MARGINAL_EV,home,False,0.0103,1.03,-0.0225,-2.25,True,False
2025-04-20_Fulham_Chelsea_home,2025-04-20,Fulham vs Chelsea,home,2.9,2.9,3.002,0.4169,0.3419,0.3629,20.9,5.23,CALIBRATED_EV,away,False,0.0,0.0,-0.034,-3.4,False,True
2025-04-20_Fulham_Chelsea_draw,2025-04-20,Fulham vs Chelsea,draw,3.7,3.55,3.699,0.2298,0.2674,0.2569,-14.97,-4.95,NO_EDGE,away,False,0.0423,4.23,0.0003,0.03,True,False
2025-04-20_Fulham_Chelsea_away,2025-04-20,Fulham vs Chelsea,away,2.54,2.45,2.522,0.3533,0.3907,0.3802,-10.26,-3.42,NO_EDGE,away,True,0.0367,3.67,0.0071,0.71,True,False
2025-04-20_Ipswich Town_Arsenal_home,2025-04-20,Ipswich Town vs Arsenal,home,8.35,7.87,8.684,0.1324,0.1124,0.1158,10.55,-3.28,FAKE_EV,away,False,0.061,6.1,-0.0385,-3.85,True,False
2025-04-20_Ipswich Town_Arsenal_draw,2025-04-20,Ipswich Town vs Arsenal,draw,5.0,4.95,5.343,0.1747,0.1906,0.1846,-12.65,-7.69,NO_EDGE,away,False,0.0101,1.01,-0.0642,-6.42,True,False
2025-04-20_Ipswich Town_Arsenal_away,2025-04-20,Ipswich Town vs Arsenal,away,1.42,1.41,1.433,0.6929,0.6969,0.6954,-1.61,-1.25,NO_EDGE,away,True,0.0071,0.71,-0.0091,-0.91,True,False
2025-04-20_Manchester United_Wolverhampton Wanderers_home,2025-04-20,Manchester United vs Wolverhampton Wanderers,home,2.03,2.01,2.058,0.3323,0.4844,0.4673,-32.54,-5.13,NO_EDGE,away,False,0.01,1.0,-0.0136,-1.36,True,False
2025-04-20_Manchester United_Wolverhampton Wanderers_draw,2025-04-20,Manchester United vs Wolverhampton Wanderers,draw,3.67,3.63,3.791,0.2326,0.2641,0.2553,-14.64,-6.3,NO_EDGE,away,False,0.011,1.1,-0.0319,-3.19,True,False
2025-04-20_Manchester United_Wolverhampton Wanderers_away,2025-04-20,Manchester United vs Wolverhampton Wanderers,away,3.85,3.82,3.996,0.4352,0.2515,0.2721,67.55,4.75,MARGINAL_EV,away,True,0.0079,0.79,-0.0365,-3.65,True,False
2025-04-20_Leicester City_Liverpool_home,2025-04-20,Leicester City vs Liverpool,home,14.0,11.65,13.778,0.0462,0.0691,0.0652,-35.32,-8.66,NO_EDGE,away,False,0.2017,20.17,0.0161,1.61,True,False
2025-04-20_Leicester City_Liverpool_draw,2025-04-20,Leicester City vs Liverpool,draw,7.0,6.96,7.947,0.1061,0.1395,0.1353,-25.73,-5.31,NO_EDGE,away,False,0.0057,0.57,-0.1192,-11.92,True,False
2025-04-20_Leicester City_Liverpool_away,2025-04-20,Leicester City vs Liverpool,away,1.26,1.23,1.248,0.8477,0.7914,0.8072,6.81,1.7,MARGINAL_EV,away,True,0.0244,2.44,0.0096,0.96,True,False
2025-04-21_Tottenham_Nottingham Forest_home,2025-04-21,Tottenham vs Nottingham Forest,home,2.55,2.52,2.593,0.2759,0.3882,0.3568,-29.65,-9.02,NO_EDGE,away,False,0.0119,1.19,-0.0166,-1.66,True,False
2025-04-21_Tottenham_Nottingham Forest_draw,2025-04-21,Tottenham vs Nottingham Forest,draw,3.85,3.78,3.939,0.2008,0.256,0.2405,-22.69,-7.39,NO_EDGE,away,False,0.0185,1.85,-0.0226,-2.26,True,False
2025-04-21_Tottenham_Nottingham Forest_away,2025-04-21,Tottenham vs Nottingham Forest,away,2.78,2.69,2.774,0.5233,0.3558,0.3745,45.48,4.12,MARGINAL_EV,away,True,0.0335,3.35,0.0022,0.22,True,False
2025-04-22_Manchester City_Aston Villa_home,2025-04-22,Manchester City vs Aston Villa,home,1.88,1.87,1.904,0.4923,0.5279,0.5179,-7.45,-2.63,NO_EDGE,home,True,0.0053,0.53,-0.0126,-1.26,True,False
2025-04-22_Manchester City_Aston Villa_draw,2025-04-22,Manchester City vs Aston Villa,draw,4.23,4.09,4.261,0.1995,0.2323,0.2231,-15.61,-5.61,NO_EDGE,home,False,0.0342,3.42,-0.0073,-0.73,True,False
2025-04-22_Manchester City_Aston Villa_away,2025-04-22,Manchester City vs Aston Villa,away,4.1,4.0,4.164,0.3082,0.2398,0.2589,26.36,6.17,CALIBRATED_EV,home,False,0.025,2.5,-0.0154,-1.54,True,True
2025-04-23_Arsenal_Crystal Palace_home,2025-04-23,Arsenal vs Crystal Palace,home,1.45,1.42,1.443,0.508,0.6868,0.6668,-26.34,-3.32,NO_EDGE,draw,False,0.0211,2.11,0.0049,0.49,True,False
2025-04-23_Arsenal_Crystal Palace_draw,2025-04-23,Arsenal vs Crystal Palace,draw,4.8,4.74,5.089,0.2278,0.2047,0.2135,9.34,2.46,MARGINAL_EV,draw,True,0.0127,1.27,-0.0568,-5.68,True,False
2025-04-23_Arsenal_Crystal Palace_away,2025-04-23,Arsenal vs Crystal Palace,away,9.0,8.22,9.051,0.2642,0.1084,0.1209,137.78,8.81,FAKE_EV,draw,False,0.0949,9.49,-0.0056,-0.56,True,False
2025-04-26_Newcastle United_Ipswich Town_home,2025-04-26,Newcastle United vs Ipswich Town,home,1.19,1.18,1.195,0.6866,0.8347,0.8182,-18.29,-2.64,NO_EDGE,home,True,0.0085,0.85,-0.0042,-0.42,True,False
2025-04-26_Newcastle United_Ipswich Town_draw,2025-04-26,Newcastle United vs Ipswich Town,draw,8.2,8.02,9.414,0.1482,0.1125,0.117,21.52,-4.07,FAKE_EV,home,False,0.0224,2.24,-0.129,-12.9,True,False
2025-04-26_Newcastle United_Ipswich Town_away,2025-04-26,Newcastle United vs Ipswich Town,away,17.0,14.29,17.535,0.1651,0.0528,0.0669,180.67,13.75,FAKE_EV,home,False,0.1896,18.96,-0.0305,-3.05,True,False
2025-04-26_Chelsea_Everton_home,2025-04-26,Chelsea vs Everton,home,1.62,1.58,1.611,0.3513,0.6107,0.5817,-43.09,-5.77,NO_EDGE,home,True,0.0253,2.53,0.0056,0.56,True,False
2025-04-26_Chelsea_Everton_draw,2025-04-26,Chelsea vs Everton,draw,4.18,4.17,4.428,0.2487,0.2318,0.2382,3.96,-0.44,NO_EDGE,home,False,0.0024,0.24,-0.056,-5.6,True,False
2025-04-26_Chelsea_Everton_away,2025-04-26,Chelsea vs Everton,away,6.1,6.05,6.525,0.4,0.1575,0.1769,144.0,7.91,FAKE_EV,home,False,0.0083,0.83,-0.0651,-6.51,True,False
2025-04-26_Southampton_Fulham_home,2025-04-26,Southampton vs Fulham,home,5.44,5.28,5.641,0.1586,0.1789,0.1712,-13.72,-6.85,NO_EDGE,away,False,0.0303,3.03,-0.0356,-3.56,True,False
2025-04-26_Southampton_Fulham_draw,2025-04-26,Southampton vs Fulham,draw,4.3,4.2,4.447,0.1599,0.2272,0.2084,-31.24,-10.41,NO_EDGE,away,False,0.0238,2.38,-0.0331,-3.31,True,False
2025-04-26_Southampton_Fulham_away,2025-04-26,Southampton vs Fulham,away,1.67,1.64,1.673,0.6814,0.5939,0.6184,13.79,3.27,MARGINAL_EV,away,True,0.0183,1.83,-0.0018,-0.18,True,False
2025-04-26_Wolverhampton Wanderers_Leicester City_home,2025-04-26,Wolverhampton Wanderers vs Leicester City,home,1.54,1.52,1.547,0.676,0.6421,0.6516,4.1,0.35,NO_EDGE,home,True,0.0132,1.32,-0.0045,-0.45,True,False
2025-04-26_Wolverhampton Wanderers_Leicester City_draw,2025-04-26,Wolverhampton Wanderers vs Leicester City,draw,4.55,4.45,4.737,0.1887,0.2113,0.2028,-14.14,-7.74,NO_EDGE,home,False,0.0225,2.25,-0.0395,-3.95,True,False
2025-04-26_Wolverhampton Wanderers_Leicester City_away,2025-04-26,Wolverhampton Wanderers vs Leicester City,away,6.5,6.49,7.02,0.1353,0.1466,0.1446,-12.05,-5.98,NO_EDGE,home,False,0.0015,0.15,-0.0741,-7.41,True,False
2025-04-26_Brighton_West Ham United_home,2025-04-26,Brighton vs West Ham United,home,1.7,1.7,1.735,0.5102,0.5812,0.5613,-13.27,-4.58,NO_EDGE,home,True,0.0,0.0,-0.0202,-2.02,False,False
2025-04-26_Brighton_West Ham United_draw,2025-04-26,Brighton vs West Ham United,draw,4.28,4.2,4.438,0.1968,0.226,0.215,-15.77,-7.99,NO_EDGE,home,False,0.019,1.9,-0.0356,-3.56,True,False
2025-04-26_Brighton_West Ham United_away,2025-04-26,Brighton vs West Ham United,away,5.0,4.75,5.043,0.293,0.1928,0.2209,46.5,10.43,CALIBRATED_EV,home,False,0.0526,5.26,-0.0085,-0.85,True,True
2025-04-27_Bournemouth_Manchester United_home,2025-04-27,Bournemouth vs Manchester United,home,1.71,1.68,1.716,0.5275,0.5776,0.5636,-9.8,-3.62,NO_EDGE,draw,False,0.0179,1.79,-0.0035,-0.35,True,False
2025-04-27_Bournemouth_Manchester United_draw,2025-04-27,Bournemouth vs Manchester United,draw,4.25,4.21,4.462,0.2084,0.2276,0.2203,-11.43,-6.35,NO_EDGE,draw,True,0.0095,0.95,-0.0475,-4.75,True,False
2025-04-27_Bournemouth_Manchester United_away,2025-04-27,Bournemouth vs Manchester United,away,4.95,4.86,5.181,0.2641,0.1947,0.2142,30.73,6.01,CALIBRATED_EV,draw,False,0.0185,1.85,-0.0446,-4.46,True,True
2025-04-27_Liverpool_Tottenham_home,2025-04-27,Liverpool vs Tottenham,home,1.27,1.27,1.289,0.6144,0.7808,0.7622,-21.97,-3.2,NO_EDGE,home,True,0.0,0.0,-0.0147,-1.47,False,False
2025-04-27_Liverpool_Tottenham_draw,2025-04-27,Liverpool vs Tottenham,draw,6.89,6.89,7.783,0.1804,0.1356,0.1413,24.3,-2.67,FAKE_EV,home,False,0.0,0.0,-0.1147,-11.47,False,False
2025-04-27_Liverpool_Tottenham_away,2025-04-27,Liverpool vs Tottenham,away,11.0,9.07,10.425,0.2052,0.0836,0.0989,125.72,8.78,FAKE_EV,home,False,0.2128,21.28,0.0552,5.52,True,False
2025-05-01_Nottingham Forest_Brentford_home,2025-05-01,Nottingham Forest vs Brentford,home,2.22,2.2,2.255,0.4331,0.4442,0.44,-3.85,-2.32,NO_EDGE,away,False,0.0091,0.91,-0.0155,-1.55,True,False
2025-05-01_Nottingham Forest_Brentford_draw,2025-05-01,Nottingham Forest vs Brentford,draw,3.72,3.58,3.727,0.2023,0.2627,0.2458,-24.74,-8.57,NO_EDGE,away,False,0.0391,3.91,-0.0019,-0.19,True,False
2025-05-01_Nottingham Forest_Brentford_away,2025-05-01,Nottingham Forest vs Brentford,away,3.34,3.34,3.469,0.3647,0.2931,0.3132,21.81,4.6,MARGINAL_EV,away,True,0.0,0.0,-0.0372,-3.72,False,False
2025-05-02_Manchester City_Wolverhampton Wanderers_home,2025-05-02,Manchester City vs Wolverhampton Wanderers,home,1.43,1.41,1.429,0.5847,0.6953,0.6643,-16.39,-5.0,NO_EDGE,home,True,0.0142,1.42,0.0007,0.07,True,False
2025-05-02_Manchester City_Wolverhampton Wanderers_draw,2025-05-02,Manchester City vs Wolverhampton Wanderers,draw,5.3,5.27,5.623,0.1878,0.1837,0.1853,-0.47,-1.81,NO_EDGE,home,False,0.0057,0.57,-0.0574,-5.74,True,False
2025-05-02_Manchester City_Wolverhampton Wanderers_away,2025-05-02,Manchester City vs Wolverhampton Wanderers,away,8.0,7.55,8.17,0.2276,0.1209,0.1344,82.08,7.5,FAKE_EV,home,False,0.0596,5.96,-0.0208,-2.08,True,False
2025-05-03_Aston Villa_Fulham_home,2025-05-03,Aston Villa vs Fulham,home,1.85,1.82,1.86,0.4792,0.5379,0.5215,-11.35,-3.52,NO_EDGE,home,True,0.0165,1.65,-0.0054,-0.54,True,False
2025-05-03_Aston Villa_Fulham_draw,2025-05-03,Aston Villa vs Fulham,draw,4.0,3.96,4.163,0.2077,0.2473,0.2362,-16.92,-5.52,NO_EDGE,home,False,0.0101,1.01,-0.0392,-3.92,True,False
2025-05-03_Aston Villa_Fulham_away,2025-05-03,Aston Villa vs Fulham,away,4.6,4.27,4.501,0.313,0.2148,0.2423,43.98,11.45,CALIBRATED_EV,home,False,0.0773,7.73,0.022,2.2,True,True
2025-05-03_Everton_Ipswich Town_home,2025-05-03,Everton vs Ipswich Town,home,1.49,1.47,1.496,0.7181,0.6641,0.6792,7.0,1.21,MARGINAL_EV,draw,False,0.0136,1.36,-0.004,-0.4,True,False
2025-05-03_Everton_Ipswich Town_draw,2025-05-03,Everton vs Ipswich Town,draw,4.55,4.53,4.853,0.1532,0.2112,0.1949,-30.29,-11.31,NO_EDGE,draw,True,0.0044,0.44,-0.0624,-6.24,True,False
2025-05-03_Everton_Ipswich Town_away,2025-05-03,Everton vs Ipswich Town,away,7.6,7.28,7.969,0.1286,0.1247,0.1254,-2.26,-4.71,NO_EDGE,draw,False,0.044,4.4,-0.0463,-4.63,True,False
2025-05-03_Leicester City_Southampton_home,2025-05-03,Leicester City vs Southampton,home,2.4,2.37,2.435,0.3864,0.4147,0.404,-7.26,-3.04,NO_EDGE,home,True,0.0127,1.27,-0.0144,-1.44,True,False
2025-05-03_Leicester City_Southampton_draw,2025-05-03,Leicester City vs Southampton,draw,3.75,3.7,3.855,0.2005,0.2647,0.2467,-24.81,-7.47,NO_EDGE,home,False,0.0135,1.35,-0.0272,-2.72,True,False
2025-05-03_Leicester City_Southampton_away,2025-05-03,Leicester City vs Southampton,away,3.1,2.93,3.031,0.4132,0.3206,0.3465,28.09,7.42,CALIBRATED_EV,home,False,0.058,5.8,0.0228,2.28,True,True
2025-05-03_Arsenal_Bournemouth_home,2025-05-03,Arsenal vs Bournemouth,home,2.14,2.07,2.121,0.4668,0.4627,0.4642,-0.1,-0.65,NO_EDGE,away,False,0.0338,3.38,0.009,0.9,True,False
2025-05-03_Arsenal_Bournemouth_draw,2025-05-03,Arsenal vs Bournemouth,draw,3.7,3.63,3.79,0.2285,0.2657,0.2553,-15.45,-5.55,NO_EDGE,away,False,0.0193,1.93,-0.0237,-2.37,True,False
2025-05-03_Arsenal_Bournemouth_away,2025-05-03,Arsenal vs Bournemouth,away,3.62,3.62,3.779,0.3047,0.2716,0.2809,10.3,1.69,MARGINAL_EV,away,True,0.0,0.0,-0.0421,-4.21,False,False
2025-05-04_West Ham United_Tottenham_home,2025-05-04,West Ham United vs Tottenham,home,2.15,2.08,2.131,0.3939,0.4616,0.4426,-15.31,-4.84,NO_EDGE,draw,False,0.0337,3.37,0.0089,0.89,True,False
2025-05-04_West Ham United_Tottenham_draw,2025-05-04,West Ham United vs Tottenham,draw,3.85,3.73,3.896,0.2123,0.2563,0.244,-18.26,-6.08,NO_EDGE,draw,True,0.0322,3.22,-0.0118,-1.18,True,False
2025-05-04_West Ham United_Tottenham_away,2025-05-04,West Ham United vs Tottenham,away,3.5,3.5,3.648,0.3939,0.2822,0.3135,37.86,9.71,CALIBRATED_EV,draw,False,0.0,0.0,-0.0406,-4.06,False,True
2025-05-04_Chelsea_Liverpool_home,2025-05-04,Chelsea vs Liverpool,home,2.21,2.19,2.244,0.2203,0.4443,0.4193,-51.31,-7.35,NO_EDGE,home,True,0.0091,0.91,-0.0152,-1.52,True,False
2025-05-04_Chelsea_Liverpool_draw,2025-05-04,Chelsea vs Liverpool,draw,3.8,3.78,3.939,0.2016,0.2552,0.2402,-23.39,-8.72,NO_EDGE,home,False,0.0053,0.53,-0.0353,-3.53,True,False
2025-05-04_Chelsea_Liverpool_away,2025-05-04,Chelsea vs Liverpool,away,3.24,3.21,3.328,0.5781,0.3004,0.3315,87.3,7.42,CALIBRATED_EV,home,False,0.0093,0.93,-0.0264,-2.64,True,True
2025-05-04_Brentford_Manchester United_home,2025-05-04,Brentford vs Manchester United,home,1.71,1.7,1.736,0.5384,0.5776,0.5666,-7.93,-3.1,NO_EDGE,home,True,0.0059,0.59,-0.015,-1.5,True,False
2025-05-04_Brentford_Manchester United_draw,2025-05-04,Brentford vs Manchester United,draw,4.25,4.23,4.474,0.2193,0.2276,0.2245,-6.8,-4.6,NO_EDGE,home,False,0.0047,0.47,-0.0501,-5.01,True,False
2025-05-04_Brentford_Manchester United_away,2025-05-04,Brentford vs Manchester United,away,4.95,4.7,4.992,0.2423,0.1947,0.2081,19.94,2.99,MARGINAL_EV,home,False,0.0532,5.32,-0.0084,-0.84,True,False
2025-05-04_Brighton_Newcastle United_home,2025-05-04,Brighton vs Newcastle United,home,2.93,2.92,3.02,0.3127,0.3355,0.3268,-8.38,-4.23,NO_EDGE,draw,False,0.0034,0.34,-0.0298,-2.98,True,False
2025-05-04_Brighton_Newcastle United_draw,2025-05-04,Brighton vs Newcastle United,draw,3.91,3.82,3.985,0.1651,0.2502,0.2264,-35.45,-11.49,NO_EDGE,draw,True,0.0236,2.36,-0.0188,-1.88,True,False
2025-05-04_Brighton_Newcastle United_away,2025-05-04,Brighton vs Newcastle United,away,2.38,2.33,2.393,0.5221,0.4143,0.4445,24.26,5.8,CALIBRATED_EV,draw,False,0.0215,2.15,-0.0054,-0.54,True,True
2025-05-05_Crystal Palace_Nottingham Forest_home,2025-05-05,Crystal Palace vs Nottingham Forest,home,2.35,2.31,2.371,0.3753,0.418,0.4061,-11.8,-4.58,NO_EDGE,draw,False,0.0173,1.73,-0.0089,-0.89,True,False
2025-05-05_Crystal Palace_Nottingham Forest_draw,2025-05-05,Crystal Palace vs Nottingham Forest,draw,3.47,3.44,3.575,0.2025,0.2808,0.2589,-29.73,-10.17,NO_EDGE,draw,True,0.0087,0.87,-0.0294,-2.94,True,False
2025-05-05_Crystal Palace_Nottingham Forest_away,2025-05-05,Crystal Palace vs Nottingham Forest,away,3.24,3.23,3.35,0.4223,0.3012,0.3351,36.83,8.57,CALIBRATED_EV,draw,False,0.0031,0.31,-0.0328,-3.28,True,True
2025-05-10_Fulham_Everton_home,2025-05-10,Fulham vs Everton,home,1.92,1.88,1.924,0.3335,0.5167,0.4961,-35.97,-4.74,NO_EDGE,away,False,0.0213,2.13,-0.0021,-0.21,True,False
2025-05-10_Fulham_Everton_draw,2025-05-10,Fulham vs Everton,draw,3.71,3.57,3.74,0.2329,0.2652,0.2562,-13.59,-4.96,NO_EDGE,away,False,0.0392,3.92,-0.008,-0.8,True,False
2025-05-10_Fulham_Everton_away,2025-05-10,Fulham vs Everton,away,4.5,4.45,4.699,0.4336,0.2181,0.2423,95.12,9.02,CALIBRATED_EV,away,True,0.0112,1.12,-0.0423,-4.23,True,True
2025-05-10_Ipswich Town_Brentford_home,2025-05-10,Ipswich Town vs Brentford,home,5.1,5.1,5.427,0.1201,0.1921,0.1719,-38.75,-12.32,NO_EDGE,away,False,0.0,0.0,-0.0603,-6.03,False,False
2025-05-10_Ipswich Town_Brentford_draw,2025-05-10,Ipswich Town vs Brentford,draw,4.53,4.21,4.447,0.1366,0.2166,0.1942,-38.12,-12.04,NO_EDGE,away,False,0.076,7.6,0.0187,1.87,True,False
2025-05-10_Ipswich Town_Brentford_away,2025-05-10,Ipswich Town vs Brentford,away,1.68,1.66,1.692,0.7434,0.5914,0.6084,24.89,2.21,MARGINAL_EV,away,True,0.012,1.2,-0.0071,-0.71,True,False
2025-05-10_Southampton_Manchester City_home,2025-05-10,Southampton vs Manchester City,home,15.0,14.01,17.097,0.0772,0.0592,0.0623,15.8,-6.61,FAKE_EV,draw,False,0.0707,7.07,-0.1227,-12.27,True,False
2025-05-10_Southampton_Manchester City_draw,2025-05-10,Southampton vs Manchester City,draw,8.0,7.65,8.919,0.1115,0.1141,0.1137,-10.8,-9.07,NO_EDGE,draw,True,0.0458,4.58,-0.103,-10.3,True,False
2025-05-10_Southampton_Manchester City_away,2025-05-10,Southampton vs Manchester City,away,1.2,1.19,1.206,0.8113,0.8267,0.8209,-2.64,-1.49,NO_EDGE,draw,False,0.0084,0.84,-0.005,-0.5,True,False
2025-05-10_Wolverhampton Wanderers_Brighton_home,2025-05-10,Wolverhampton Wanderers vs Brighton,home,2.8,2.76,2.849,0.4335,0.3492,0.3728,21.38,4.39,MARGINAL_EV,away,False,0.0145,1.45,-0.0172,-1.72,True,False
2025-05-10_Wolverhampton Wanderers_Brighton_draw,2025-05-10,Wolverhampton Wanderers vs Brighton,draw,3.53,3.47,3.608,0.2017,0.2756,0.2549,-28.8,-10.02,NO_EDGE,away,False,0.0173,1.73,-0.0216,-2.16,True,False
2025-05-10_Wolverhampton Wanderers_Brighton_away,2025-05-10,Wolverhampton Wanderers vs Brighton,away,2.61,2.61,2.689,0.3648,0.3752,0.3713,-4.79,-3.1,NO_EDGE,away,True,0.0,0.0,-0.0294,-2.94,False,False
2025-05-10_Bournemouth_Aston Villa_home,2025-05-10,Bournemouth vs Aston Villa,home,2.52,2.46,2.529,0.3691,0.3902,0.3822,-6.99,-3.69,NO_EDGE,away,False,0.0244,2.44,-0.0036,-0.36,True,False
2025-05-10_Bournemouth_Aston Villa_draw,2025-05-10,Bournemouth vs Aston Villa,draw,3.8,3.75,3.906,0.2124,0.2568,0.2444,-19.29,-7.14,NO_EDGE,away,False,0.0133,1.33,-0.0271,-2.71,True,False
2025-05-10_Bournemouth_Aston Villa_away,2025-05-10,Bournemouth vs Aston Villa,away,2.78,2.78,2.869,0.4185,0.353,0.3714,16.34,3.24,MARGINAL_EV,away,True,0.0,0.0,-0.031,-3.1,False,False
2025-05-11_Newcastle United_Chelsea_home,2025-05-11,Newcastle United vs Chelsea,home,2.16,2.15,2.205,0.4362,0.457,0.4491,-5.78,-2.99,NO_EDGE,home,True,0.0047,0.47,-0.0204,-2.04,True,False
2025-05-11_Newcastle United_Chelsea_draw,2025-05-11,Newcastle United vs Chelsea,draw,4.0,3.78,3.949,0.1951,0.2442,0.2305,-21.96,-7.82,NO_EDGE,home,False,0.0582,5.82,0.0129,1.29,True,False
2025-05-11_Newcastle United_Chelsea_away,2025-05-11,Newcastle United vs Chelsea,away,3.28,3.28,3.411,0.3687,0.2988,0.3184,20.93,4.43,MARGINAL_EV,home,False,0.0,0.0,-0.0384,-3.84,False,False
2025-05-11_Manchester United_West Ham United_home,2025-05-11,Manchester United vs West Ham United,home,2.0,1.93,1.975,0.3831,0.4983,0.466,-23.38,-6.79,NO_EDGE,away,False,0.0363,3.63,0.0127,1.27,True,False
2025-05-11_Manchester United_West Ham United_draw,2025-05-11,Manchester United vs West Ham United,draw,3.92,3.78,3.961,0.2337,0.2534,0.246,-8.39,-3.59,NO_EDGE,away,False,0.037,3.7,-0.0104,-1.04,True,False
2025-05-11_Manchester United_West Ham United_away,2025-05-11,Manchester United vs West Ham United,away,4.0,3.95,4.145,0.3831,0.2483,0.286,53.24,14.42,CALIBRATED_EV,away,True,0.0127,1.27,-0.035,-3.5,True,True
2025-05-11_Nottingham Forest_Leicester City_home,2025-05-11,Nottingham Forest vs Leicester City,home,1.36,1.34,1.36,0.7058,0.7315,0.7218,-4.01,-1.84,NO_EDGE,draw,False,0.0149,1.49,0.0,0.0,True,False
2025-05-11_Nottingham Forest_Leicester City_draw,2025-05-11,Nottingham Forest vs Leicester City,draw,5.7,5.56,6.06,0.1641,0.1704,0.1693,-6.46,-3.5,NO_EDGE,draw,True,0.0252,2.52,-0.0594,-5.94,True,False
2025-05-11_Nottingham Forest_Leicester City_away,2025-05-11,Nottingham Forest vs Leicester City,away,9.8,8.99,10.038,0.13,0.0982,0.1022,27.4,0.14,MARGINAL_EV,draw,False,0.0901,9.01,-0.0237,-2.37,True,False
2025-05-11_Tottenham_Crystal Palace_home,2025-05-11,Tottenham vs Crystal Palace,home,2.71,2.69,2.773,0.302,0.3606,0.3442,-18.16,-6.73,NO_EDGE,away,False,0.0074,0.74,-0.0227,-2.27,True,False
2025-05-11_Tottenham_Crystal Palace_draw,2025-05-11,Tottenham vs Crystal Palace,draw,3.77,3.74,3.895,0.2022,0.2572,0.2418,-23.77,-8.84,NO_EDGE,away,False,0.008,0.8,-0.0321,-3.21,True,False
2025-05-11_Tottenham_Crystal Palace_away,2025-05-11,Tottenham vs Crystal Palace,away,2.56,2.54,2.614,0.4957,0.3822,0.414,26.9,5.98,CALIBRATED_EV,away,True,0.0079,0.79,-0.0207,-2.07,True,True
2025-05-11_Liverpool_Arsenal_home,2025-05-11,Liverpool vs Arsenal,home,2.1,2.08,2.128,0.4582,0.4696,0.4653,-3.78,-2.29,NO_EDGE,draw,False,0.0096,0.96,-0.0132,-1.32,True,False
2025-05-11_Liverpool_Arsenal_draw,2025-05-11,Liverpool vs Arsenal,draw,3.65,3.54,3.683,0.2162,0.2674,0.2531,-21.09,-7.63,NO_EDGE,draw,True,0.0311,3.11,-0.009,-0.9,True,False
2025-05-11_Liverpool_Arsenal_away,2025-05-11,Liverpool vs Arsenal,away,3.71,3.71,3.866,0.3256,0.263,0.2805,20.8,4.07,MARGINAL_EV,draw,False,0.0,0.0,-0.0404,-4.04,False,False
2025-05-16_Aston Villa_Tottenham_home,2025-05-16,Aston Villa vs Tottenham,home,1.36,1.33,1.348,0.5579,0.733,0.7134,-24.13,-2.98,NO_EDGE,home,True,0.0226,2.26,0.0089,0.89,True,False
2025-05-16_Aston Villa_Tottenham_draw,2025-05-16,Aston Villa vs Tottenham,draw,6.2,6.02,6.542,0.1993,0.1583,0.1635,23.57,1.36,MARGINAL_EV,home,False,0.0299,2.99,-0.0523,-5.23,True,False
2025-05-16_Aston Villa_Tottenham_away,2025-05-16,Aston Villa vs Tottenham,away,9.0,8.61,9.513,0.2428,0.1087,0.1256,118.52,13.0,FAKE_EV,home,False,0.0453,4.53,-0.0539,-5.39,True,False
2025-05-16_Chelsea_Manchester United_home,2025-05-16,Chelsea vs Manchester United,home,1.5,1.47,1.493,0.5261,0.6649,0.626,-21.08,-6.09,NO_EDGE,home,True,0.0204,2.04,0.0047,0.47,True,False
2025-05-16_Chelsea_Manchester United_draw,2025-05-16,Chelsea vs Manchester United,draw,5.1,4.89,5.216,0.2239,0.194,0.2053,14.19,4.71,MARGINAL_EV,home,False,0.0429,4.29,-0.0222,-2.22,True,False
2025-05-16_Chelsea_Manchester United_away,2025-05-16,Chelsea vs Manchester United,away,7.0,6.68,7.216,0.2501,0.1411,0.1548,75.07,8.37,CALIBRATED_EV,home,False,0.0479,4.79,-0.0299,-2.99,True,True
2025-05-18_Everton_Southampton_home,2025-05-18,Everton vs Southampton,home,1.43,1.4,1.424,0.7035,0.6945,0.6979,0.6,-0.2,NO_EDGE,home,True,0.0214,2.14,0.0042,0.42,True,False
2025-05-18_Everton_Southampton_draw,2025-05-18,Everton vs Southampton,draw,5.0,4.9,5.314,0.1691,0.1939,0.1845,-15.45,-7.74,NO_EDGE,home,False,0.0204,2.04,-0.0591,-5.91,True,False
2025-05-18_Everton_Southampton_away,2025-05-18,Everton vs Southampton,away,8.6,8.19,9.117,0.1274,0.1116,0.1143,9.56,-1.74,FAKE_EV,home,False,0.0501,5.01,-0.0567,-5.67,True,False
2025-05-18_Arsenal_Newcastle United_home,2025-05-18,Arsenal vs Newcastle United,home,2.08,2.03,2.076,0.4324,0.4767,0.4643,-10.06,-3.43,NO_EDGE,home,True,0.0246,2.46,0.0019,0.19,True,False
2025-05-18_Arsenal_Newcastle United_draw,2025-05-18,Arsenal vs Newcastle United,draw,3.7,3.58,3.728,0.2014,0.2662,0.2481,-25.48,-8.22,NO_EDGE,home,False,0.0335,3.35,-0.0075,-0.75,True,False
2025-05-18_Arsenal_Newcastle United_away,2025-05-18,Arsenal vs Newcastle United,away,3.83,3.83,3.997,0.3662,0.2571,0.2876,40.25,10.16,CALIBRATED_EV,home,False,0.0,0.0,-0.0418,-4.18,False,True
2025-05-18_West Ham United_Nottingham Forest_home,2025-05-18,West Ham United vs Nottingham Forest,home,2.88,2.84,2.936,0.3311,0.3444,0.3394,-4.64,-2.26,NO_EDGE,away,False,0.0141,1.41,-0.0191,-1.91,True,False
2025-05-18_West Ham United_Nottingham Forest_draw,2025-05-18,West Ham United vs Nottingham Forest,draw,3.56,3.43,3.567,0.2213,0.2782,0.2622,-21.22,-6.64,NO_EDGE,away,False,0.0379,3.79,-0.002,-0.2,True,False
2025-05-18_West Ham United_Nottingham Forest_away,2025-05-18,West Ham United vs Nottingham Forest,away,2.63,2.56,2.638,0.4475,0.3774,0.397,17.69,4.42,MARGINAL_EV,away,True,0.0273,2.73,-0.003,-0.3,True,False
2025-05-18_Leicester City_Ipswich Town_home,2025-05-18,Leicester City vs Ipswich Town,home,2.4,2.37,2.433,0.411,0.4096,0.4101,-1.36,-1.57,NO_EDGE,home,True,0.0127,1.27,-0.0136,-1.36,True,False
2025-05-18_Leicester City_Ipswich Town_draw,2025-05-18,Leicester City vs Ipswich Town,draw,3.69,3.65,3.797,0.1977,0.2642,0.2456,-27.05,-9.39,NO_EDGE,home,False,0.011,1.1,-0.0282,-2.82,True,False
2025-05-18_Leicester City_Ipswich Town_away,2025-05-18,Leicester City vs Ipswich Town,away,3.0,2.97,3.07,0.3913,0.3262,0.3445,17.39,3.34,MARGINAL_EV,home,False,0.0101,1.01,-0.0228,-2.28,True,False
2025-05-18_Brentford_Fulham_home,2025-05-18,Brentford vs Fulham,home,1.99,1.96,2.006,0.4765,0.4949,0.488,-5.18,-2.89,NO_EDGE,away,False,0.0153,1.53,-0.008,-0.8,True,False
2025-05-18_Brentford_Fulham_draw,2025-05-18,Brentford vs Fulham,draw,4.0,3.95,4.14,0.2301,0.2425,0.2378,-7.96,-4.88,NO_EDGE,away,False,0.0127,1.27,-0.0338,-3.38,True,False
2025-05-18_Brentford_Fulham_away,2025-05-18,Brentford vs Fulham,away,3.7,3.68,3.848,0.2934,0.2626,0.2712,8.56,0.35,MARGINAL_EV,away,True,0.0054,0.54,-0.0385,-3.85,True,False
2025-05-19_Brighton_Liverpool_home,2025-05-19,Brighton vs Liverpool,home,2.69,2.69,2.777,0.2542,0.3652,0.3341,-31.62,-10.12,NO_EDGE,home,True,0.0,0.0,-0.0313,-3.13,False,False
2025-05-19_Brighton_Liverpool_draw,2025-05-19,Brighton vs Liverpool,draw,4.04,3.83,4.0,0.1722,0.2414,0.222,-30.43,-10.31,NO_EDGE,home,False,0.0548,5.48,0.01,1.0,True,False
2025-05-19_Brighton_Liverpool_away,2025-05-19,Brighton vs Liverpool,away,2.5,2.49,2.564,0.5736,0.3935,0.4136,43.4,3.41,MARGINAL_EV,home,False,0.004,0.4,-0.025,-2.5,True,False
2025-05-20_Crystal Palace_Wolverhampton Wanderers_home,2025-05-20,Crystal Palace vs Wolverhampton Wanderers,home,2.31,2.29,2.349,0.3717,0.4246,0.4098,-14.14,-5.33,NO_EDGE,home,True,0.0087,0.87,-0.0166,-1.66,True,False
2025-05-20_Crystal Palace_Wolverhampton Wanderers_draw,2025-05-20,Crystal Palace vs Wolverhampton Wanderers,draw,3.4,3.37,3.498,0.2361,0.2859,0.272,-19.73,-7.53,NO_EDGE,home,False,0.0089,0.89,-0.028,-2.8,True,False
2025-05-20_Crystal Palace_Wolverhampton Wanderers_away,2025-05-20,Crystal Palace vs Wolverhampton Wanderers,away,3.36,3.34,3.466,0.3921,0.2894,0.3182,31.75,6.91,CALIBRATED_EV,home,False,0.006,0.6,-0.0306,-3.06,True,True
2025-05-20_Manchester City_Bournemouth_home,2025-05-20,Manchester City vs Bournemouth,home,1.58,1.57,1.599,0.5013,0.6286,0.5929,-20.79,-6.32,NO_EDGE,home,True,0.0064,0.64,-0.0119,-1.19,True,False
2025-05-20_Manchester City_Bournemouth_draw,2025-05-20,Manchester City vs Bournemouth,draw,4.8,4.52,4.805,0.2176,0.2035,0.2088,4.45,0.23,NO_EDGE,home,False,0.0619,6.19,-0.001,-0.1,True,False
2025-05-20_Manchester City_Bournemouth_away,2025-05-20,Manchester City vs Bournemouth,away,5.8,5.6,6.006,0.2812,0.1679,0.1822,63.1,5.68,CALIBRATED_EV,home,False,0.0357,3.57,-0.0343,-3.43,True,True
2025-05-25_Fulham_Manchester City_home,2025-05-25,Fulham vs Manchester City,home,5.54,5.54,5.926,0.2541,0.1791,0.1885,40.77,4.44,MARGINAL_EV,away,False,0.0,0.0,-0.0651,-6.51,False,False
2025-05-25_Fulham_Manchester City_draw,2025-05-25,Fulham vs Manchester City,draw,4.59,4.19,4.433,0.2155,0.2163,0.216,-1.09,-0.86,NO_EDGE,away,False,0.0955,9.55,0.0354,3.54,True,False
2025-05-25_Fulham_Manchester City_away,2025-05-25,Fulham vs Manchester City,away,1.65,1.62,1.651,0.5304,0.6046,0.5838,-12.48,-3.66,NO_EDGE,away,True,0.0185,1.85,-0.0006,-0.06,True,False
2025-05-25_Ipswich Town_West Ham United_home,2025-05-25,Ipswich Town vs West Ham United,home,3.1,3.02,3.129,0.2035,0.319,0.2867,-36.91,-11.14,NO_EDGE,away,False,0.0265,2.65,-0.0093,-0.93,True,False
2025-05-25_Ipswich Town_West Ham United_draw,2025-05-25,Ipswich Town vs West Ham United,draw,4.01,3.9,4.074,0.199,0.246,0.2328,-20.2,-6.64,NO_EDGE,away,False,0.0282,2.82,-0.0157,-1.57,True,False
2025-05-25_Ipswich Town_West Ham United_away,2025-05-25,Ipswich Town vs West Ham United,away,2.28,2.24,2.299,0.5975,0.435,0.4532,36.23,3.34,MARGINAL_EV,away,True,0.0179,1.79,-0.0083,-0.83,True,False
2025-05-25_Bournemouth_Leicester City_home,2025-05-25,Bournemouth vs Leicester City,home,1.38,1.34,1.36,0.6141,0.7239,0.6932,-15.25,-4.34,NO_EDGE,home,True,0.0299,2.99,0.0147,1.47,True,False
2025-05-25_Bournemouth_Leicester City_draw,2025-05-25,Bournemouth vs Leicester City,draw,6.0,5.82,6.359,0.2029,0.1657,0.1704,21.74,2.25,MARGINAL_EV,home,False,0.0309,3.09,-0.0565,-5.65,True,False
2025-05-25_Bournemouth_Leicester City_away,2025-05-25,Bournemouth vs Leicester City,away,9.0,8.37,9.314,0.1831,0.1104,0.1195,64.79,7.57,CALIBRATED_EV,home,False,0.0753,7.53,-0.0337,-3.37,True,True
2025-05-25_Tottenham_Brighton_home,2025-05-25,Tottenham vs Brighton,home,4.38,4.33,4.58,0.3297,0.2194,0.2503,44.41,9.63,CALIBRATED_EV,away,False,0.0115,1.15,-0.0437,-4.37,True,True
2025-05-25_Tottenham_Brighton_draw,2025-05-25,Tottenham vs Brighton,draw,4.55,4.52,4.789,0.1914,0.211,0.2036,-12.91,-7.37,NO_EDGE,away,False,0.0066,0.66,-0.0499,-4.99,True,False
2025-05-25_Tottenham_Brighton_away,2025-05-25,Tottenham vs Brighton,away,1.73,1.71,1.746,0.4789,0.5696,0.5442,-17.15,-5.86,NO_EDGE,away,True,0.0117,1.17,-0.0092,-0.92,True,False
2025-05-25_Liverpool_Crystal Palace_home,2025-05-25,Liverpool vs Crystal Palace,home,1.43,1.42,1.443,0.4984,0.695,0.673,-28.73,-3.77,NO_EDGE,draw,False,0.007,0.7,-0.009,-0.9,True,False
2025-05-25_Liverpool_Crystal Palace_draw,2025-05-25,Liverpool vs Crystal Palace,draw,6.1,5.68,6.151,0.1919,0.1589,0.163,17.06,-0.56,FAKE_EV,draw,True,0.0739,7.39,-0.0083,-0.83,True,False
2025-05-25_Liverpool_Crystal Palace_away,2025-05-25,Liverpool vs Crystal Palace,away,6.62,6.36,6.923,0.3097,0.1462,0.1593,105.02,5.42,FAKE_EV,draw,False,0.0409,4.09,-0.0438,-4.38,True,False
2025-05-25_Southampton_Arsenal_home,2025-05-25,Southampton vs Arsenal,home,11.0,9.46,10.947,0.0832,0.0855,0.0851,-8.48,-6.35,NO_EDGE,away,False,0.1628,16.28,0.0048,0.48,True,False
2025-05-25_Southampton_Arsenal_draw,2025-05-25,Southampton vs Arsenal,draw,6.11,5.85,6.561,0.1555,0.1563,0.1562,-4.99,-4.57,NO_EDGE,away,False,0.0444,4.44,-0.0687,-6.87,True,False
2025-05-25_Southampton_Arsenal_away,2025-05-25,Southampton vs Arsenal,away,1.31,1.3,1.322,0.7613,0.7581,0.7593,-0.27,-0.53,NO_EDGE,away,True,0.0077,0.77,-0.0091,-0.91,True,False
2025-05-25_Newcastle United_Everton_home,2025-05-25,Newcastle United vs Everton,home,1.36,1.33,1.351,0.437,0.7319,0.6988,-40.57,-4.96,NO_EDGE,away,False,0.0226,2.26,0.0067,0.67,True,False
2025-05-25_Newcastle United_Everton_draw,2025-05-25,Newcastle United vs Everton,draw,5.85,5.85,6.435,0.2124,0.1664,0.1722,24.25,0.74,MARGINAL_EV,away,False,0.0,0.0,-0.0909,-9.09,False,False
2025-05-25_Newcastle United_Everton_away,2025-05-25,Newcastle United vs Everton,away,9.5,8.55,9.599,0.3506,0.1017,0.1216,233.07,15.55,FAKE_EV,away,True,0.1111,11.11,-0.0103,-1.03,True,False
2025-05-25_Nottingham Forest_Chelsea_home,2025-05-25,Nottingham Forest vs Chelsea,home,3.2,3.15,3.268,0.3784,0.3069,0.3269,21.09,4.6,MARGINAL_EV,away,False,0.0159,1.59,-0.0208,-2.08,True,False
2025-05-25_Nottingham Forest_Chelsea_draw,2025-05-25,Nottingham Forest vs Chelsea,draw,3.85,3.76,3.923,0.2223,0.2543,0.2454,-14.41,-5.54,NO_EDGE,away,False,0.0239,2.39,-0.0186,-1.86,True,False
2025-05-25_Nottingham Forest_Chelsea_away,2025-05-25,Nottingham Forest vs Chelsea,away,2.25,2.22,2.277,0.3993,0.4388,0.4278,-10.16,-3.75,NO_EDGE,away,True,0.0135,1.35,-0.0119,-1.19,True,False
2025-05-25_Manchester United_Aston Villa_home,2025-05-25,Manchester United vs Aston Villa,home,4.5,4.4,4.653,0.1988,0.2151,0.2089,-10.54,-5.99,NO_EDGE,home,True,0.0227,2.27,-0.0329,-3.29,True,False
2025-05-25_Manchester United_Aston Villa_draw,2025-05-25,Manchester United vs Aston Villa,draw,4.33,4.26,4.499,0.2131,0.2237,0.2197,-7.73,-4.87,NO_EDGE,home,False,0.0164,1.64,-0.0376,-3.76,True,False
2025-05-25_Manchester United_Aston Villa_away,2025-05-25,Manchester United vs Aston Villa,away,1.76,1.74,1.777,0.5881,0.5612,0.5714,3.51,0.56,NO_EDGE,home,False,0.0115,1.15,-0.0096,-0.96,True,False
2025-05-25_Wolverhampton Wanderers_Brentford_home,2025-05-25,Wolverhampton Wanderers vs Brentford,home,2.77,2.74,2.83,0.3401,0.3529,0.348,-5.79,-3.59,NO_EDGE,draw,False,0.0109,1.09,-0.0212,-2.12,True,False
2025-05-25_Wolverhampton Wanderers_Brentford_draw,2025-05-25,Wolverhampton Wanderers vs Brentford,draw,3.85,3.83,3.999,0.23,0.252,0.2437,-11.45,-6.18,NO_EDGE,draw,True,0.0052,0.52,-0.0373,-3.73,True,False
2025-05-25_Wolverhampton Wanderers_Brentford_away,2025-05-25,Wolverhampton Wanderers vs Brentford,away,2.48,2.45,2.522,0.4299,0.3951,0.4048,6.62,0.4,MARGINAL_EV,draw,False,0.0122,1.22,-0.0167,-1.67,True,False
