date,season,league,home_team,away_team,home_goals,away_goals,result,home_odds,draw_odds,away_odds,closing_home_odds,closing_draw_odds,closing_away_odds,closing_avg_home,closing_avg_draw,closing_avg_away,home_shots,away_shots,home_shots_target,away_shots_target,home_xg,away_xg
2022-08-05,2223,EPL,Crystal Palace,Arsenal,0,2,away,4.6,3.78,1.95,4.5,3.65,1.89,4.56,3.57,1.85,10,10,2,2,1.45,1.27
2022-08-06,2223,EPL,Fulham,Liverpool,2,2,draw,13.0,6.4,1.31,11.2,6.22,1.28,10.33,6.2,1.28,9,11,3,4,1.45,1.27
2022-08-06,2223,EPL,Bournemouth,Aston Villa,2,0,home,4.0,3.66,2.1,3.93,3.58,2.04,3.99,3.49,2.0,7,15,3,2,1.45,1.27
2022-08-06,2223,EPL,Leeds,Wolverhampton Wanderers,2,1,home,2.42,3.54,3.3,2.39,3.33,3.3,2.43,3.36,3.02,12,15,4,6,1.45,1.27
2022-08-06,2223,EPL,Newcastle United,Nottingham Forest,2,0,home,1.72,3.96,6.0,1.71,3.74,5.83,1.59,4.07,6.15,23,5,10,3,1.45,1.27
2022-08-06,2223,EPL,Tottenham,Southampton,4,1,home,1.4,5.5,9.2,1.37,5.39,9.11,1.37,5.24,8.59,18,10,8,2,1.45,1.27
2022-08-06,2223,EPL,Everton,Chelsea,0,1,away,6.1,4.2,1.67,6.04,4.06,1.63,6.44,4.04,1.57,8,15,4,6,1.45,1.27
2022-08-07,2223,EPL,Leicester City,Brentford,2,2,draw,2.1,3.84,3.8,2.07,3.69,3.74,1.92,3.66,4.08,14,8,5,3,1.45,1.27
2022-08-07,2223,EPL,Manchester United,Brighton,1,2,away,1.66,4.22,6.12,1.65,4.14,5.68,1.78,3.77,4.73,17,15,5,4,1.45,1.27
2022-08-07,2223,EPL,West Ham United,Manchester City,0,2,away,9.6,5.6,1.41,8.58,5.48,1.38,7.9,5.27,1.39,6,14,1,2,1.45,1.27
2022-08-13,2223,EPL,Wolverhampton Wanderers,Fulham,0,0,draw,2.48,3.46,3.29,2.44,3.24,3.29,2.22,3.41,3.41,7,9,1,3,1.45,1.27
2022-08-13,2223,EPL,Southampton,Leeds,2,2,draw,2.4,3.64,3.2,2.34,3.55,3.18,2.44,3.57,2.87,14,13,4,5,1.45,1.27
2022-08-13,2223,EPL,Manchester City,Bournemouth,4,0,home,1.09,16.0,50.0,1.07,13.82,41.0,1.08,12.66,32.0,19,3,7,1,1.45,1.27
2022-08-13,2223,EPL,Brentford,Manchester United,4,0,home,4.04,3.65,2.08,3.82,3.64,2.06,4.35,3.86,1.83,13,15,7,4,1.45,1.27
2022-08-13,2223,EPL,Arsenal,Leicester City,4,2,home,1.6,4.65,6.42,1.58,4.34,6.22,1.57,4.4,5.89,19,6,7,2,1.45,1.27
2022-08-13,2223,EPL,Aston Villa,Everton,2,1,home,1.85,3.68,5.12,1.83,3.55,5.12,1.78,3.62,4.95,12,15,4,4,1.45,1.27
2022-08-13,2223,EPL,Brighton,Newcastle United,0,0,draw,2.54,3.46,3.27,2.48,3.24,3.22,2.44,3.28,3.1,13,4,7,1,1.45,1.27
2022-08-14,2223,EPL,Nottingham Forest,West Ham United,1,0,home,4.4,3.75,1.94,4.28,3.72,1.92,4.01,3.62,1.95,13,19,6,5,1.45,1.27
2022-08-14,2223,EPL,Chelsea,Tottenham,2,2,draw,2.38,3.55,3.36,2.28,3.52,3.35,2.16,3.49,3.48,16,10,3,5,1.45,1.27
2022-08-15,2223,EPL,Liverpool,Crystal Palace,1,1,draw,1.23,7.23,19.0,1.2,7.09,18.57,1.27,6.1,11.72,24,7,4,3,1.45,1.27
2022-08-20,2223,EPL,Bournemouth,Arsenal,0,3,away,8.01,4.9,1.47,7.55,4.8,1.46,7.54,4.72,1.44,6,14,1,6,1.45,1.27
2022-08-20,2223,EPL,Leicester City,Southampton,1,2,away,1.88,4.1,4.2,1.86,4.09,4.12,1.77,4.1,4.38,6,9,1,3,1.45,1.27
2022-08-20,2223,EPL,Fulham,Brentford,3,2,home,2.62,3.54,3.04,2.52,3.53,2.93,2.67,3.38,2.73,18,13,9,5,1.45,1.27
2022-08-20,2223,EPL,Crystal Palace,Aston Villa,3,1,home,2.6,3.35,3.16,2.58,3.19,3.12,2.5,3.22,3.06,17,13,9,5,1.45,1.27
2022-08-20,2223,EPL,Tottenham,Wolverhampton Wanderers,1,0,home,1.44,5.14,8.5,1.43,4.94,7.95,1.45,4.8,7.17,11,20,4,3,1.45,1.27
2022-08-20,2223,EPL,Everton,Nottingham Forest,1,1,draw,2.02,3.64,4.3,2.0,3.45,4.27,1.91,3.52,4.33,19,14,8,5,1.45,1.27
2022-08-21,2223,EPL,Leeds,Chelsea,3,0,home,6.23,4.6,1.6,6.23,4.6,1.54,6.03,4.58,1.53,12,14,6,3,1.45,1.27
2022-08-21,2223,EPL,West Ham United,Brighton,0,2,away,2.42,3.52,3.29,2.34,3.52,3.22,2.52,3.37,2.91,13,11,3,2,1.45,1.27
2022-08-21,2223,EPL,Newcastle United,Manchester City,3,3,draw,9.5,5.35,1.41,9.43,5.22,1.37,6.94,4.92,1.45,12,21,6,10,1.45,1.27
2022-08-22,2223,EPL,Manchester United,Liverpool,2,1,home,5.6,4.7,1.65,5.39,4.35,1.64,4.59,4.37,1.7,12,17,4,5,1.45,1.27
2022-08-27,2223,EPL,Manchester City,Crystal Palace,4,2,home,1.22,8.2,18.0,1.2,7.5,16.26,1.2,7.51,15.24,18,2,5,2,2.17,1.17
2022-08-27,2223,EPL,Arsenal,Fulham,2,1,home,1.36,6.1,10.0,1.33,5.83,9.75,1.39,5.32,7.66,22,11,8,3,2.17,1.17
2022-08-27,2223,EPL,Chelsea,Leicester City,2,1,home,1.46,5.2,8.2,1.45,4.86,7.66,1.41,5.06,7.7,7,17,3,5,1.83,1.67
2022-08-27,2223,EPL,Liverpool,Bournemouth,9,0,home,1.14,11.0,34.0,1.13,10.48,23.11,1.15,8.99,18.65,19,5,12,2,1.83,1.17
2022-08-27,2223,EPL,Brentford,Everton,1,1,draw,2.16,3.58,3.92,2.1,3.49,3.84,2.1,3.44,3.72,19,14,5,7,2.0,1.17
2022-08-27,2223,EPL,Southampton,Manchester United,0,1,away,4.5,4.35,1.85,4.31,4.0,1.85,3.68,3.93,1.96,17,11,5,6,2.0,1.67
2022-08-27,2223,EPL,Brighton,Leeds,1,0,home,1.96,3.85,4.24,1.93,3.72,4.24,1.75,3.9,4.8,13,10,4,2,1.17,1.33
2022-08-28,2223,EPL,Aston Villa,West Ham United,0,1,away,2.41,3.6,3.3,2.41,3.41,3.18,2.12,3.45,3.66,9,7,3,2,1.33,1.0
2022-08-28,2223,EPL,Wolverhampton Wanderers,Newcastle United,1,1,draw,2.86,3.46,2.79,2.76,3.32,2.79,2.56,3.3,2.92,10,21,4,6,0.67,1.33
2022-08-28,2223,EPL,Nottingham Forest,Tottenham,0,2,away,7.5,4.8,1.51,7.15,4.63,1.49,6.89,4.77,1.46,17,18,1,7,0.83,1.67
2022-08-30,2223,EPL,Leeds,Everton,1,1,draw,2.18,3.72,3.58,2.16,3.61,3.53,2.12,3.6,3.47,14,7,5,2,1.5,0.88
2022-08-30,2223,EPL,Crystal Palace,Brentford,1,1,draw,2.16,3.58,3.9,2.11,3.47,3.83,2.09,3.47,3.69,13,9,4,3,1.5,2.12
2022-08-30,2223,EPL,Fulham,Brighton,2,1,home,3.44,3.45,2.4,3.26,3.44,2.36,3.34,3.26,2.32,10,7,3,4,0.88,1.38
2022-08-30,2223,EPL,Southampton,Chelsea,2,1,home,5.5,4.3,1.69,5.28,4.24,1.67,5.18,4.1,1.67,9,10,7,4,1.38,1.62
2022-08-31,2223,EPL,Arsenal,Aston Villa,2,1,home,1.5,4.8,7.5,1.5,4.67,6.97,1.54,4.46,6.08,22,4,9,3,2.25,0.75
2022-08-31,2223,EPL,Bournemouth,Wolverhampton Wanderers,0,0,draw,3.67,3.54,2.24,3.52,3.43,2.24,3.3,3.26,2.34,5,17,2,4,0.75,2.25
2022-08-31,2223,EPL,Manchester City,Nottingham Forest,6,0,home,1.1,14.5,43.0,1.08,13.43,31.06,1.09,11.93,27.15,17,8,9,1,2.25,0.88
2022-08-31,2223,EPL,West Ham United,Tottenham,1,1,draw,3.8,3.9,2.08,3.67,3.84,2.04,3.31,3.56,2.2,14,13,4,4,0.5,1.75
2022-08-31,2223,EPL,Liverpool,Newcastle United,2,1,home,1.34,6.25,11.0,1.33,5.89,9.75,1.29,6.22,10.29,23,5,6,2,2.12,1.38
2022-09-01,2223,EPL,Leicester City,Manchester United,0,1,away,3.54,4.0,2.14,3.45,3.86,2.11,3.24,3.75,2.16,10,9,2,2,1.62,1.75
2022-09-03,2223,EPL,Brentford,Leeds,5,2,home,2.25,3.75,3.45,2.21,3.59,3.44,2.15,3.57,3.42,14,17,8,6,1.5,1.5
2022-09-03,2223,EPL,Wolverhampton Wanderers,Southampton,1,0,home,2.32,3.54,3.45,2.3,3.41,3.41,2.16,3.46,3.49,7,12,2,1,1.1,1.1
2022-09-03,2223,EPL,Aston Villa,Manchester City,1,1,draw,9.9,6.0,1.38,9.25,5.98,1.33,9.02,5.8,1.33,3,13,1,4,0.9,2.8
2022-09-03,2223,EPL,Tottenham,Fulham,2,1,home,1.53,4.8,7.04,1.52,4.63,6.51,1.52,4.57,6.2,23,9,10,3,1.7,1.2
2022-09-03,2223,EPL,Everton,Liverpool,0,0,draw,8.5,5.39,1.44,8.08,5.21,1.41,7.63,5.19,1.4,14,23,3,8,1.0,2.1
2022-09-03,2223,EPL,Newcastle United,Crystal Palace,0,0,draw,2.12,3.6,4.0,2.1,3.44,3.89,2.09,3.42,3.75,23,19,6,9,1.6,1.3
2022-09-03,2223,EPL,Chelsea,West Ham United,2,1,home,1.59,4.58,6.4,1.58,4.37,6.17,1.67,4.02,5.33,8,6,3,3,1.2,1.0
2022-09-03,2223,EPL,Nottingham Forest,Bournemouth,2,3,away,2.06,3.56,4.0,2.05,3.51,4.0,2.2,3.35,3.53,11,8,3,3,1.8,1.3
2022-09-04,2223,EPL,Brighton,Leicester City,5,2,home,1.92,3.77,4.85,1.85,3.63,4.85,1.91,3.58,4.26,23,6,11,4,1.7,0.9
2022-09-04,2223,EPL,Manchester United,Arsenal,3,1,home,2.7,3.74,2.78,2.7,3.58,2.68,2.66,3.49,2.67,10,16,6,3,0.9,2.0
2022-09-16,2223,EPL,Aston Villa,Southampton,1,0,home,2.18,3.72,3.62,2.14,3.62,3.6,2.08,3.55,3.63,11,7,3,1,1.25,1.42
2022-09-16,2223,EPL,Nottingham Forest,Fulham,2,3,away,2.92,3.54,2.68,2.82,3.43,2.67,2.8,3.39,2.58,11,15,3,7,1.08,1.92
2022-09-17,2223,EPL,Wolverhampton Wanderers,Manchester City,0,3,away,10.0,5.9,1.37,9.3,5.52,1.36,9.09,5.53,1.34,6,16,1,7,0.75,2.0
2022-09-17,2223,EPL,Newcastle United,Bournemouth,1,1,draw,1.5,4.7,7.77,1.49,4.56,7.5,1.42,4.82,7.89,20,10,7,3,2.08,0.92
2022-09-17,2223,EPL,Tottenham,Leicester City,6,2,home,1.54,5.0,7.1,1.52,4.46,7.04,1.52,4.57,6.26,16,19,11,7,2.33,1.08
2022-09-18,2223,EPL,Brentford,Arsenal,0,3,away,4.5,4.05,1.86,4.46,3.98,1.83,4.48,3.89,1.8,5,13,2,7,1.83,1.92
2022-09-18,2223,EPL,Everton,West Ham United,1,0,home,3.05,3.45,2.58,2.96,3.39,2.57,2.92,3.3,2.54,7,14,2,4,1.0,0.75
2022-10-01,2223,EPL,Southampton,Everton,1,2,away,2.28,3.52,3.55,2.23,3.48,3.49,2.33,3.3,3.24,22,12,6,5,0.93,1.14
2022-10-01,2223,EPL,West Ham United,Wolverhampton Wanderers,2,0,home,2.02,3.65,4.31,2.01,3.42,4.31,2.05,3.37,3.95,18,15,5,4,0.71,0.86
2022-10-01,2223,EPL,Liverpool,Brighton,3,3,draw,1.41,5.5,8.9,1.38,5.49,8.42,1.47,4.77,6.72,15,6,7,6,1.67,1.42
2022-10-01,2223,EPL,Crystal Palace,Chelsea,1,2,away,4.6,3.7,1.95,4.42,3.56,1.93,4.82,3.74,1.77,7,13,3,3,1.33,1.42
2022-10-01,2223,EPL,Fulham,Newcastle United,1,4,away,3.15,3.68,2.42,3.11,3.57,2.38,2.91,3.42,2.48,3,19,1,10,1.36,1.36
2022-10-01,2223,EPL,Bournemouth,Brentford,0,0,draw,3.5,3.56,2.28,3.45,3.49,2.25,3.18,3.49,2.27,7,13,1,4,1.29,2.43
2022-10-01,2223,EPL,Arsenal,Tottenham,3,1,home,2.15,3.85,3.65,2.13,3.65,3.57,1.99,3.71,3.75,22,7,9,3,1.71,1.79
2022-10-02,2223,EPL,Manchester City,Manchester United,6,3,home,1.4,6.0,9.4,1.37,5.91,7.74,1.44,5.31,6.61,22,12,10,8,2.31,1.1
2022-10-02,2223,EPL,Leeds,Aston Villa,0,0,draw,2.48,3.66,3.12,2.43,3.44,3.12,2.41,3.42,3.02,9,19,1,7,1.55,1.26
2022-10-03,2223,EPL,Leicester City,Nottingham Forest,4,0,home,1.8,4.2,4.51,1.78,4.2,4.48,1.72,4.07,4.74,17,10,7,3,1.93,2.0
2022-10-08,2223,EPL,Bournemouth,Leicester City,2,1,home,3.65,3.85,2.16,3.64,3.7,2.09,3.29,3.53,2.21,10,9,4,5,1.75,2.06
2022-10-08,2223,EPL,Chelsea,Wolverhampton Wanderers,3,0,home,1.44,5.0,9.2,1.41,4.92,8.68,1.51,4.32,6.88,20,8,7,2,1.28,0.9
2022-10-08,2223,EPL,Manchester City,Southampton,4,0,home,1.14,11.0,27.0,1.13,10.77,20.4,1.12,10.26,20.84,21,5,8,3,2.62,1.06
2022-10-08,2223,EPL,Newcastle United,Brentford,5,1,home,1.88,4.08,4.6,1.81,3.99,4.55,1.68,4.0,5.11,16,6,6,3,1.5,1.44
2022-10-08,2223,EPL,Brighton,Tottenham,0,1,away,2.83,3.66,2.68,2.82,3.45,2.65,2.58,3.32,2.86,14,8,4,3,1.62,1.76
2022-10-09,2223,EPL,Crystal Palace,Leeds,2,1,home,2.17,3.85,3.77,2.06,3.68,3.76,2.07,3.58,3.61,13,10,5,4,1.29,1.5
2022-10-09,2223,EPL,West Ham United,Fulham,3,1,home,1.84,4.05,4.82,1.79,3.9,4.82,1.64,4.03,5.54,17,8,8,2,1.25,1.38
2022-10-09,2223,EPL,Arsenal,Liverpool,3,2,home,2.69,3.96,2.7,2.67,3.69,2.66,2.53,3.75,2.67,11,8,7,3,1.89,1.79
2022-10-09,2223,EPL,Everton,Manchester United,1,2,away,3.71,3.8,2.15,3.62,3.67,2.11,3.59,3.59,2.08,11,12,2,4,1.44,1.22
2022-10-10,2223,EPL,Nottingham Forest,Aston Villa,1,1,draw,3.48,3.65,2.25,3.4,3.6,2.22,3.77,3.6,2.02,6,12,3,2,1.0,1.69
2022-10-14,2223,EPL,Brentford,Brighton,2,0,home,3.33,3.52,2.38,3.32,3.52,2.29,3.23,3.46,2.27,7,21,3,7,1.45,1.82
2022-10-15,2223,EPL,Leicester City,Crystal Palace,0,0,draw,2.44,3.68,3.21,2.38,3.55,3.12,2.4,3.47,2.99,14,8,5,1,1.58,1.96
2022-10-15,2223,EPL,Fulham,Bournemouth,2,2,draw,1.96,3.9,4.3,1.92,3.77,4.23,1.96,3.6,3.94,19,10,4,6,1.89,1.44
2022-10-15,2223,EPL,Wolverhampton Wanderers,Nottingham Forest,1,0,home,1.78,3.9,5.5,1.74,3.78,5.41,1.73,3.81,5.02,9,10,2,2,1.39,1.06
2022-10-15,2223,EPL,Tottenham,Everton,2,0,home,1.52,4.75,7.26,1.48,4.67,7.26,1.47,4.68,6.9,21,4,7,3,1.61,1.0
2022-10-16,2223,EPL,Southampton,West Ham United,1,1,draw,3.08,3.6,2.5,3.08,3.42,2.47,2.97,3.36,2.47,10,25,8,4,1.0,1.39
2022-10-16,2223,EPL,Manchester United,Newcastle United,0,0,draw,2.04,4.0,3.84,2.04,3.71,3.8,2.08,3.68,3.52,15,9,2,2,1.31,1.88
2022-10-16,2223,EPL,Liverpool,Manchester City,1,0,home,4.1,4.33,1.95,4.0,4.11,1.88,3.8,4.11,1.88,13,16,2,6,1.75,2.58
2022-10-16,2223,EPL,Aston Villa,Chelsea,0,2,away,4.78,3.84,1.87,4.78,3.65,1.85,3.98,3.48,2.0,18,8,7,4,1.01,1.42
2022-10-16,2223,EPL,Leeds,Arsenal,0,1,away,6.3,4.6,1.6,6.23,4.49,1.56,5.11,4.27,1.64,16,9,4,4,1.24,2.03
2022-10-18,2223,EPL,Brighton,Nottingham Forest,0,0,draw,1.45,5.2,9.0,1.39,5.17,8.97,1.39,4.99,8.28,19,3,7,3,1.93,0.96
2022-10-18,2223,EPL,Crystal Palace,Wolverhampton Wanderers,2,1,home,2.34,3.38,3.61,2.32,3.21,3.58,2.11,3.3,3.81,14,10,4,4,1.16,0.87
2022-10-19,2223,EPL,Bournemouth,Southampton,0,1,away,2.8,3.42,2.78,2.76,3.4,2.74,2.68,3.24,2.79,15,9,3,3,1.4,1.55
2022-10-19,2223,EPL,Brentford,Chelsea,0,0,draw,5.44,4.28,1.8,4.85,3.93,1.78,4.39,3.71,1.84,8,14,5,5,1.46,1.68
2022-10-19,2223,EPL,Liverpool,West Ham United,1,0,home,1.48,5.25,8.2,1.45,5.1,7.08,1.43,5.02,7.22,22,8,7,3,1.72,1.12
2022-10-19,2223,EPL,Newcastle United,Everton,1,0,home,1.69,4.3,6.0,1.65,4.06,5.81,1.67,3.93,5.37,16,1,4,3,1.4,0.85
2022-10-19,2223,EPL,Manchester United,Tottenham,2,0,home,2.56,3.75,2.99,2.49,3.59,2.93,2.37,3.5,3.02,28,9,10,2,1.22,1.93
2022-10-20,2223,EPL,Leicester City,Leeds,2,0,home,2.4,3.7,3.12,2.36,3.65,3.08,2.3,3.56,3.08,5,14,1,2,1.47,1.81
2022-10-20,2223,EPL,Fulham,Aston Villa,3,0,home,3.0,3.58,2.59,2.94,3.47,2.54,2.97,3.42,2.44,18,12,8,6,1.45,1.35
2022-10-22,2223,EPL,Nottingham Forest,Liverpool,1,0,home,12.0,6.73,1.3,11.14,5.8,1.3,8.89,5.44,1.35,10,15,7,7,0.92,2.15
2022-10-22,2223,EPL,Everton,Crystal Palace,3,0,home,2.69,3.25,3.05,2.69,3.19,2.97,2.52,3.15,3.05,9,9,6,2,1.01,1.15
2022-10-22,2223,EPL,Manchester City,Brighton,3,1,home,1.23,7.25,17.0,1.21,7.21,15.39,1.23,6.72,13.0,10,8,4,2,2.2,1.2
2022-10-22,2223,EPL,Chelsea,Manchester United,1,1,draw,2.2,3.68,3.7,2.15,3.54,3.64,2.14,3.57,3.45,6,13,2,6,1.5,1.25
2022-10-23,2223,EPL,Aston Villa,Brentford,4,0,home,2.23,3.61,3.6,2.23,3.46,3.51,2.07,3.5,3.68,19,12,11,3,1.09,1.55
2022-10-23,2223,EPL,Leeds,Fulham,2,3,away,2.12,3.75,3.77,2.06,3.69,3.75,2.09,3.74,3.43,14,11,5,5,1.46,1.61
2022-10-23,2223,EPL,Southampton,Arsenal,1,1,draw,6.3,4.5,1.6,6.2,4.31,1.58,6.83,4.65,1.48,10,12,3,3,0.95,2.02
2022-10-23,2223,EPL,Wolverhampton Wanderers,Leicester City,0,4,away,2.38,3.5,3.46,2.3,3.35,3.46,2.36,3.35,3.15,21,5,5,4,1.32,1.41
2022-10-23,2223,EPL,Tottenham,Newcastle United,1,2,away,2.18,3.76,3.72,2.12,3.62,3.63,2.23,3.46,3.32,17,13,5,5,1.41,1.36
2022-10-24,2223,EPL,West Ham United,Bournemouth,2,0,home,1.59,4.49,6.6,1.59,4.12,6.53,1.61,4.02,5.89,20,5,4,3,1.45,1.0
2022-10-29,2223,EPL,Liverpool,Leeds,1,2,away,1.34,6.4,10.0,1.32,5.98,9.43,1.23,7.06,11.72,22,14,10,6,1.82,1.18
2022-10-29,2223,EPL,Fulham,Everton,0,0,draw,2.42,3.62,3.2,2.39,3.46,3.18,2.29,3.44,3.22,24,9,6,4,1.42,1.38
2022-10-29,2223,EPL,Newcastle United,Aston Villa,4,0,home,1.88,3.82,4.6,1.83,3.82,4.6,1.77,3.83,4.67,20,3,7,3,1.5,0.88
2022-10-29,2223,EPL,Crystal Palace,Southampton,1,0,home,2.0,3.65,4.22,1.96,3.62,4.22,2.09,3.42,3.76,12,14,3,4,1.34,1.19
2022-10-29,2223,EPL,Brentford,Wolverhampton Wanderers,1,1,draw,2.28,3.55,3.45,2.24,3.5,3.44,2.17,3.46,3.41,12,14,3,4,1.5,1.08
2022-10-29,2223,EPL,Bournemouth,Tottenham,2,3,away,5.46,4.01,1.75,5.41,3.85,1.72,5.03,3.75,1.75,6,23,4,7,1.0,2.0
2022-10-29,2223,EPL,Leicester City,Manchester City,0,1,away,10.5,6.5,1.33,9.62,5.93,1.32,7.54,5.09,1.41,10,15,5,5,1.38,2.64
2022-10-29,2223,EPL,Brighton,Chelsea,4,1,home,3.17,3.44,2.52,3.17,3.43,2.41,3.09,3.37,2.39,19,15,9,7,1.18,1.36
2022-10-30,2223,EPL,Arsenal,Nottingham Forest,5,0,home,1.24,7.5,17.0,1.2,7.4,16.85,1.22,6.73,13.37,24,5,10,2,2.09,0.83
2022-10-30,2223,EPL,Manchester United,West Ham United,1,0,home,1.77,4.2,5.14,1.71,4.05,5.14,1.72,3.91,5.0,16,13,3,5,1.23,1.19
2022-11-05,2223,EPL,Leeds,Bournemouth,4,3,home,1.77,4.12,5.1,1.74,3.99,5.08,1.64,4.13,5.32,18,9,4,6,1.7,1.25
2022-11-05,2223,EPL,Manchester City,Fulham,2,1,home,1.16,11.0,23.0,1.13,10.33,22.62,1.18,8.14,15.13,16,4,5,2,2.39,1.3
2022-11-05,2223,EPL,Nottingham Forest,Brentford,2,2,draw,2.86,3.54,2.72,2.83,3.43,2.66,2.64,3.21,2.87,15,6,7,2,1.15,1.81
2022-11-05,2223,EPL,Wolverhampton Wanderers,Brighton,2,3,away,3.55,3.54,2.34,3.49,3.33,2.3,3.6,3.3,2.18,8,19,5,8,0.86,1.52
2022-11-05,2223,EPL,Everton,Leicester City,0,2,away,2.5,3.5,3.15,2.48,3.36,3.12,2.52,3.34,2.91,12,22,2,8,1.38,1.27
2022-11-06,2223,EPL,West Ham United,Crystal Palace,1,2,away,1.98,3.66,4.35,1.95,3.56,4.34,1.88,3.54,4.41,5,15,2,6,1.09,1.04
2022-11-06,2223,EPL,Chelsea,Arsenal,0,1,away,2.72,3.54,2.85,2.72,3.5,2.71,2.74,3.39,2.64,5,14,1,2,1.17,1.88
2022-11-06,2223,EPL,Aston Villa,Manchester United,3,1,home,3.61,3.68,2.24,3.38,3.63,2.22,3.18,3.5,2.28,6,8,4,3,1.09,1.48
2022-11-06,2223,EPL,Southampton,Newcastle United,1,4,away,4.2,3.84,1.96,4.22,3.71,1.93,4.38,3.73,1.84,16,7,5,4,0.81,1.69
2022-11-06,2223,EPL,Tottenham,Liverpool,1,2,away,3.48,3.8,2.25,3.33,3.76,2.19,3.52,3.77,2.04,14,13,5,6,1.62,1.57
2022-11-12,2223,EPL,Newcastle United,Chelsea,1,0,home,2.42,3.6,3.24,2.36,3.53,3.18,2.18,3.38,3.52,10,5,3,2,1.62,1.05
2022-11-12,2223,EPL,Wolverhampton Wanderers,Arsenal,0,2,away,6.5,4.44,1.59,6.5,4.3,1.56,6.34,4.15,1.55,11,14,2,4,0.71,1.98
2022-11-12,2223,EPL,Tottenham,Leeds,4,3,home,1.68,4.49,5.55,1.67,4.35,5.15,1.63,4.29,5.21,14,12,8,5,1.81,1.37
2022-11-12,2223,EPL,West Ham United,Leicester City,0,2,away,2.14,3.68,3.75,2.14,3.56,3.64,2.08,3.51,3.65,18,9,6,6,1.32,1.36
2022-11-12,2223,EPL,Liverpool,Southampton,3,1,home,1.28,7.0,12.0,1.26,6.49,11.55,1.27,6.48,10.39,15,9,7,5,1.82,1.04
2022-11-12,2223,EPL,Nottingham Forest,Crystal Palace,1,0,home,3.27,3.42,2.5,3.25,3.31,2.43,3.34,3.18,2.34,9,8,2,3,1.01,1.65
2022-11-12,2223,EPL,Bournemouth,Everton,3,0,home,2.94,3.35,2.69,2.94,3.32,2.63,2.82,3.21,2.66,16,15,9,3,1.04,1.54
2022-11-12,2223,EPL,Manchester City,Brentford,1,2,away,1.16,9.6,24.0,1.15,9.28,20.24,1.15,8.6,18.54,29,10,6,8,2.36,1.21
2022-11-13,2223,EPL,Brighton,Aston Villa,1,2,away,1.9,3.87,4.4,1.88,3.84,4.33,1.75,3.75,4.94,7,8,2,2,1.6,1.15
2022-11-13,2223,EPL,Fulham,Manchester United,1,2,away,4.11,4.05,1.95,4.0,4.02,1.91,4.13,3.78,1.88,14,14,7,9,1.55,1.55
2022-12-26,2223,EPL,Brentford,Tottenham,2,2,draw,4.05,3.9,2.04,4.0,3.89,1.93,3.46,3.66,2.1,9,16,5,8,1.47,1.87
2022-12-26,2223,EPL,Crystal Palace,Fulham,0,3,away,2.12,3.68,3.7,2.09,3.66,3.68,2.22,3.51,3.31,4,23,4,11,1.4,1.44
2022-12-26,2223,EPL,Everton,Wolverhampton Wanderers,1,2,away,2.45,3.44,3.35,2.41,3.26,3.34,2.52,3.21,3.01,12,7,6,4,1.17,0.83
2022-12-26,2223,EPL,Leicester City,Newcastle United,0,3,away,3.36,3.68,2.28,3.36,3.64,2.22,3.44,3.49,2.16,8,12,2,5,1.2,1.8
2022-12-26,2223,EPL,Southampton,Brighton,1,3,away,3.59,3.66,2.22,3.5,3.6,2.18,3.6,3.48,2.11,14,7,4,4,1.11,1.72
2022-12-26,2223,EPL,Aston Villa,Liverpool,1,3,away,4.85,4.26,1.8,4.51,4.09,1.79,4.79,4.05,1.72,12,16,6,9,1.14,1.73
2022-12-26,2223,EPL,Arsenal,West Ham United,3,1,home,1.55,4.7,7.1,1.52,4.48,6.85,1.55,4.29,6.27,16,8,5,4,1.75,0.79
2022-12-27,2223,EPL,Chelsea,Bournemouth,2,0,home,1.36,5.8,11.0,1.32,5.72,10.69,1.35,5.32,8.99,15,9,5,4,1.67,1.21
2022-12-27,2223,EPL,Manchester United,Nottingham Forest,3,0,home,1.35,5.8,12.0,1.31,5.7,11.66,1.34,5.49,8.91,17,8,8,3,1.71,1.08
2022-12-28,2223,EPL,Leeds,Manchester City,1,3,away,10.5,6.22,1.33,9.78,6.09,1.31,10.09,6.29,1.28,9,26,1,9,1.29,2.36
2022-12-30,2223,EPL,Liverpool,Leicester City,2,1,home,1.33,6.55,10.75,1.31,6.08,9.55,1.25,6.45,11.81,21,7,5,2,1.9,1.37
2022-12-30,2223,EPL,West Ham United,Brentford,0,2,away,2.12,3.7,3.78,2.08,3.66,3.73,2.06,3.6,3.58,20,9,5,6,1.27,1.37
2022-12-31,2223,EPL,Wolverhampton Wanderers,Manchester United,0,1,away,4.31,3.76,1.98,4.16,3.71,1.94,4.07,3.63,1.93,10,16,3,6,0.97,1.53
2022-12-31,2223,EPL,Bournemouth,Crystal Palace,0,2,away,3.03,3.4,2.66,2.97,3.32,2.6,2.93,3.16,2.61,6,15,2,6,1.23,1.63
2022-12-31,2223,EPL,Fulham,Southampton,2,1,home,2.09,3.7,4.02,2.04,3.59,3.95,1.83,3.8,4.36,8,9,2,3,1.7,1.23
2022-12-31,2223,EPL,Manchester City,Everton,1,1,draw,1.17,10.0,25.0,1.16,7.97,23.85,1.15,8.52,18.7,16,2,3,1,2.03,0.9
2022-12-31,2223,EPL,Newcastle United,Leeds,0,0,draw,1.51,4.9,7.3,1.49,4.8,6.8,1.46,4.74,6.98,16,8,5,1,1.97,1.13
2022-12-31,2223,EPL,Brighton,Arsenal,2,4,away,3.6,3.72,2.17,3.6,3.62,2.13,4.29,3.67,1.88,9,14,5,7,1.27,1.87
2023-01-01,2223,EPL,Tottenham,Aston Villa,0,2,away,1.73,4.22,5.25,1.7,4.21,5.01,1.66,4.16,5.09,6,13,2,4,1.73,1.3
2023-01-01,2223,EPL,Nottingham Forest,Chelsea,1,1,draw,5.5,4.0,1.74,5.43,3.98,1.7,5.77,4.08,1.61,12,7,5,2,0.93,1.67
2023-01-02,2223,EPL,Brentford,Liverpool,3,1,home,5.8,4.75,1.6,5.76,4.56,1.58,6.1,4.55,1.53,10,16,7,6,1.27,1.87
2023-01-03,2223,EPL,Arsenal,Newcastle United,0,0,draw,1.85,3.99,4.75,1.83,3.95,4.45,1.77,3.88,4.73,17,8,4,1,1.63,1.47
2023-01-03,2223,EPL,Everton,Brighton,1,4,away,3.68,3.55,2.18,3.67,3.51,2.15,3.19,3.34,2.36,10,19,4,8,1.17,1.43
2023-01-03,2223,EPL,Leicester City,Fulham,0,1,away,2.28,3.78,3.3,2.26,3.73,3.2,2.37,3.59,2.97,15,11,6,2,1.57,1.7
2023-01-03,2223,EPL,Manchester United,Bournemouth,3,0,home,1.32,6.2,11.5,1.29,6.02,10.83,1.27,6.14,11.57,18,7,6,4,1.83,1.13
2023-01-04,2223,EPL,Aston Villa,Wolverhampton Wanderers,1,1,draw,2.04,3.76,4.0,1.99,3.76,3.93,1.96,3.49,4.17,13,10,4,3,1.37,1.03
2023-01-04,2223,EPL,Crystal Palace,Tottenham,0,4,away,3.5,3.64,2.23,3.39,3.58,2.23,3.33,3.42,2.24,19,14,4,6,1.3,1.53
2023-01-04,2223,EPL,Southampton,Nottingham Forest,0,1,away,2.12,3.6,4.2,2.1,3.52,3.82,2.36,3.29,3.17,8,11,4,1,1.47,1.23
2023-01-04,2223,EPL,Leeds,West Ham United,2,2,draw,2.7,3.7,2.76,2.65,3.59,2.73,2.87,3.39,2.53,14,15,6,2,1.33,1.37
2023-01-05,2223,EPL,Chelsea,Manchester City,0,1,away,5.6,4.25,1.74,5.6,4.19,1.65,5.23,4.12,1.66,8,12,2,3,1.17,2.0
2023-01-12,2223,EPL,Fulham,Chelsea,2,1,home,3.52,3.74,2.23,3.43,3.6,2.21,4.0,3.41,2.02,8,20,3,10,1.4,1.33
2023-01-13,2223,EPL,Aston Villa,Leeds,2,1,home,2.0,3.75,4.2,1.96,3.7,4.11,2.03,3.6,3.75,11,16,5,4,1.5,1.37
2023-01-14,2223,EPL,Manchester United,Manchester City,2,1,home,4.36,4.15,1.88,4.26,3.98,1.86,3.98,3.92,1.89,8,5,4,1,1.4,1.77
2023-01-14,2223,EPL,Brighton,Liverpool,3,0,home,3.55,3.95,2.2,3.39,3.74,2.17,2.92,3.73,2.34,16,6,9,2,1.63,1.83
2023-01-14,2223,EPL,Everton,Southampton,1,2,away,2.32,3.55,3.4,2.28,3.48,3.36,2.38,3.23,3.24,12,13,4,5,1.27,1.0
2023-01-14,2223,EPL,Nottingham Forest,Leicester City,2,0,home,2.8,3.55,2.75,2.74,3.46,2.72,2.72,3.15,2.8,15,6,5,1,1.13,1.73
2023-01-14,2223,EPL,Wolverhampton Wanderers,West Ham United,1,0,home,2.8,3.41,2.83,2.75,3.29,2.82,2.51,3.18,3.05,17,16,4,4,0.97,1.3
2023-01-14,2223,EPL,Brentford,Bournemouth,2,0,home,1.71,4.35,5.55,1.69,4.14,5.23,1.63,4.01,5.74,12,7,4,2,1.8,1.3
2023-01-15,2223,EPL,Chelsea,Crystal Palace,1,0,home,1.7,4.35,5.77,1.68,3.96,5.64,1.88,3.44,4.63,15,10,5,5,1.33,1.07
2023-01-15,2223,EPL,Newcastle United,Fulham,1,0,home,1.56,4.6,6.75,1.53,4.55,6.52,1.49,4.6,6.78,20,5,5,3,1.63,1.13
2023-01-15,2223,EPL,Tottenham,Arsenal,0,2,away,3.38,3.85,2.24,3.34,3.71,2.21,3.38,3.49,2.2,17,14,7,5,1.4,1.87
2023-01-18,2223,EPL,Crystal Palace,Manchester United,1,1,draw,4.7,3.9,1.84,4.62,3.87,1.82,5.28,3.95,1.68,10,15,5,4,0.9,1.6
2023-01-19,2223,EPL,Manchester City,Tottenham,4,2,home,1.4,5.75,9.2,1.39,5.58,7.8,1.5,4.74,6.35,16,9,6,3,2.03,1.43
2023-01-21,2223,EPL,West Ham United,Everton,2,0,home,1.85,3.93,5.25,1.82,3.65,5.0,1.84,3.57,4.62,11,5,4,2,1.17,1.07
2023-01-21,2223,EPL,Southampton,Aston Villa,0,1,away,2.96,3.5,2.58,2.96,3.4,2.57,2.69,3.21,2.82,8,16,5,5,1.07,1.5
2023-01-21,2223,EPL,Crystal Palace,Newcastle United,0,0,draw,4.9,3.83,1.92,4.52,3.57,1.92,4.55,3.61,1.84,6,16,1,7,0.63,1.53
2023-01-21,2223,EPL,Bournemouth,Nottingham Forest,1,1,draw,2.86,3.35,2.88,2.86,3.15,2.82,2.86,3.18,2.66,16,20,4,5,1.5,1.27
2023-01-21,2223,EPL,Liverpool,Chelsea,0,0,draw,1.94,3.98,4.25,1.89,3.88,4.2,2.05,3.59,3.71,15,11,3,2,1.5,1.23
2023-01-21,2223,EPL,Leicester City,Brighton,2,2,draw,3.61,3.89,2.14,3.61,3.71,2.1,4.14,3.88,1.85,9,13,2,4,1.47,1.8
2023-01-22,2223,EPL,Leeds,Brentford,0,0,draw,2.44,3.9,2.99,2.39,3.72,2.99,2.38,3.55,2.96,9,6,5,3,1.37,1.77
2023-01-22,2223,EPL,Manchester City,Wolverhampton Wanderers,3,0,home,1.22,8.0,17.5,1.2,7.65,14.95,1.25,6.36,11.77,13,10,7,1,2.0,0.83
2023-01-22,2223,EPL,Arsenal,Manchester United,3,2,home,1.91,4.1,4.35,1.88,3.92,4.19,1.87,3.79,4.19,25,6,5,4,1.6,1.27
2023-01-23,2223,EPL,Fulham,Tottenham,0,1,away,3.4,3.98,2.19,3.33,3.88,2.15,3.28,3.79,2.12,10,10,5,3,1.7,1.7
2023-02-03,2223,EPL,Chelsea,Fulham,0,0,draw,1.67,4.2,5.8,1.65,4.11,5.79,1.6,4.12,5.86,12,10,3,4,1.23,1.2
2023-02-04,2223,EPL,Newcastle United,West Ham United,1,1,draw,1.65,4.1,6.5,1.63,3.97,6.3,1.67,3.87,5.52,8,10,2,1,1.5,0.67
2023-02-04,2223,EPL,Wolverhampton Wanderers,Liverpool,3,0,home,4.2,4.1,1.92,4.14,3.93,1.89,3.97,3.76,1.92,12,22,6,4,1.0,1.57
2023-02-04,2223,EPL,Manchester United,Crystal Palace,2,1,home,1.44,5.0,9.0,1.41,4.91,8.97,1.37,5.03,8.92,14,10,5,3,1.5,0.97
2023-02-04,2223,EPL,Brentford,Southampton,3,0,home,1.94,3.76,4.36,1.92,3.68,4.36,1.76,3.72,5.03,14,14,4,6,1.6,1.03
2023-02-04,2223,EPL,Aston Villa,Leicester City,2,4,away,2.04,3.8,3.95,2.02,3.63,3.95,2.11,3.5,3.59,19,9,4,5,1.43,1.33
2023-02-04,2223,EPL,Everton,Arsenal,1,0,home,8.93,5.0,1.45,8.93,4.84,1.41,7.82,4.31,1.47,12,15,4,3,0.8,1.87
2023-02-04,2223,EPL,Brighton,Bournemouth,1,0,home,1.38,5.5,10.0,1.35,5.42,9.88,1.38,5.17,8.17,20,12,6,2,1.93,1.43
2023-02-05,2223,EPL,Nottingham Forest,Leeds,1,0,home,2.71,3.6,2.76,2.69,3.46,2.76,2.79,3.4,2.59,6,10,2,4,1.43,1.43
2023-02-05,2223,EPL,Tottenham,Manchester City,1,0,home,4.65,4.4,1.79,4.44,4.23,1.78,3.98,3.84,1.9,12,15,3,5,1.43,2.0
2023-02-08,2223,EPL,Manchester United,Leeds,2,2,draw,1.48,5.1,7.0,1.48,4.98,6.69,1.52,4.53,6.31,24,8,7,2,1.83,1.2
2023-02-11,2223,EPL,Bournemouth,Newcastle United,1,1,draw,6.7,4.24,1.61,6.53,4.08,1.6,5.81,4.0,1.62,11,15,5,7,0.67,1.73
2023-02-11,2223,EPL,Southampton,Wolverhampton Wanderers,1,2,away,3.2,3.3,2.6,3.16,3.18,2.55,3.13,3.16,2.47,17,11,2,2,1.2,1.33
2023-02-11,2223,EPL,Leicester City,Tottenham,4,1,home,3.52,3.84,2.18,3.46,3.7,2.16,3.51,3.71,2.07,15,11,7,4,1.6,1.47
2023-02-11,2223,EPL,Arsenal,Brentford,1,1,draw,1.49,4.9,8.0,1.47,4.77,7.32,1.54,4.27,6.59,23,9,7,2,1.7,1.1
2023-02-11,2223,EPL,Crystal Palace,Brighton,1,1,draw,3.97,3.64,2.08,3.9,3.56,2.06,4.78,3.7,1.79,6,17,1,7,1.2,1.73
2023-02-11,2223,EPL,Fulham,Nottingham Forest,2,0,home,1.98,3.7,4.5,1.94,3.57,4.37,1.94,3.51,4.24,16,10,3,1,1.37,1.07
2023-02-11,2223,EPL,West Ham United,Chelsea,1,1,draw,3.51,3.41,2.33,3.43,3.37,2.3,3.46,3.32,2.23,10,12,2,4,0.9,1.07
2023-02-12,2223,EPL,Leeds,Manchester United,0,2,away,4.1,4.06,1.98,3.98,3.87,1.94,3.73,3.79,1.97,16,11,6,5,1.07,1.7
2023-02-12,2223,EPL,Manchester City,Aston Villa,3,1,home,1.27,7.1,13.5,1.26,6.66,11.78,1.32,5.56,9.78,17,6,9,2,1.8,1.17
2023-02-13,2223,EPL,Liverpool,Everton,2,0,home,1.58,4.62,6.52,1.55,4.48,6.39,1.6,4.2,5.75,15,6,6,1,1.37,1.13
2023-02-15,2223,EPL,Arsenal,Manchester City,1,3,away,3.04,3.65,2.51,2.95,3.6,2.46,3.23,3.43,2.29,10,9,1,6,1.6,1.47
2023-02-18,2223,EPL,Everton,Leeds,1,0,home,2.55,3.4,3.09,2.53,3.36,3.03,2.74,3.2,2.77,15,8,6,3,1.3,1.4
2023-02-18,2223,EPL,Aston Villa,Arsenal,2,4,away,4.6,3.86,1.87,4.54,3.8,1.85,4.36,3.66,1.87,7,20,5,5,1.13,1.8
2023-02-18,2223,EPL,Brentford,Crystal Palace,1,1,draw,1.9,3.7,4.9,1.85,3.62,4.84,1.81,3.55,4.76,12,10,5,4,1.33,0.97
2023-02-18,2223,EPL,Brighton,Fulham,0,1,away,1.7,4.2,5.6,1.66,4.16,5.46,1.54,4.36,6.2,21,5,7,2,1.43,1.47
2023-02-18,2223,EPL,Chelsea,Southampton,0,1,away,1.41,5.0,10.0,1.4,4.78,9.69,1.43,4.64,7.91,17,8,5,5,1.4,0.77
2023-02-18,2223,EPL,Nottingham Forest,Manchester City,1,1,draw,11.0,5.9,1.34,10.3,5.67,1.33,10.83,5.46,1.31,4,26,1,6,0.83,1.67
2023-02-18,2223,EPL,Wolverhampton Wanderers,Bournemouth,0,1,away,1.72,3.95,6.1,1.69,3.86,5.78,1.82,3.6,4.71,15,5,4,1,1.3,1.27
2023-02-18,2223,EPL,Newcastle United,Liverpool,0,2,away,2.7,3.65,2.83,2.57,3.58,2.82,2.53,3.48,2.82,14,13,4,7,1.63,0.9
2023-02-19,2223,EPL,Manchester United,Leicester City,3,0,home,1.66,4.5,5.5,1.65,4.34,5.37,1.56,4.49,5.7,26,19,8,3,1.37,1.3
2023-02-19,2223,EPL,Tottenham,West Ham United,2,0,home,1.88,3.86,4.75,1.87,3.76,4.47,1.87,3.51,4.5,16,6,6,1,1.37,1.37
2023-02-24,2223,EPL,Fulham,Wolverhampton Wanderers,1,1,draw,2.65,3.38,3.1,2.59,3.26,3.04,2.62,3.18,2.92,10,8,5,2,1.47,0.87
2023-02-25,2223,EPL,Bournemouth,Manchester City,1,4,away,11.5,6.2,1.33,9.67,5.74,1.3,10.02,5.21,1.34,13,20,2,5,1.0,1.73
2023-02-25,2223,EPL,Crystal Palace,Liverpool,0,0,draw,5.0,4.1,1.79,4.86,3.99,1.76,4.94,4.04,1.7,6,12,4,4,1.0,1.3
2023-02-25,2223,EPL,West Ham United,Nottingham Forest,4,0,home,1.83,3.7,5.2,1.81,3.63,5.16,1.7,3.76,5.42,18,8,5,3,1.03,1.07
2023-02-25,2223,EPL,Everton,Aston Villa,0,2,away,2.62,3.31,3.06,2.59,3.25,3.05,2.61,3.14,2.98,15,9,5,5,1.27,1.5
2023-02-25,2223,EPL,Leeds,Southampton,1,0,home,2.05,3.72,4.2,2.02,3.62,3.97,1.95,3.66,3.95,14,8,4,2,1.47,1.27
2023-02-25,2223,EPL,Leicester City,Arsenal,0,1,away,5.0,4.3,1.74,4.93,4.15,1.72,5.84,4.29,1.58,1,10,4,2,1.23,1.67
2023-02-26,2223,EPL,Tottenham,Chelsea,2,0,home,2.65,3.44,3.0,2.59,3.36,2.96,2.93,3.29,2.53,8,10,3,2,1.23,1.17
2023-03-01,2223,EPL,Arsenal,Everton,4,0,home,1.4,5.4,10.0,1.38,5.01,9.1,1.32,5.2,11.22,15,8,5,5,1.73,0.73
2023-03-01,2223,EPL,Liverpool,Wolverhampton Wanderers,2,0,home,1.52,4.8,7.0,1.5,4.63,6.68,1.52,4.41,6.47,15,4,6,1,1.3,1.03
2023-03-04,2223,EPL,Southampton,Leicester City,1,0,home,2.89,3.5,2.73,2.85,3.3,2.67,2.79,3.32,2.62,11,11,5,3,0.97,1.5
2023-03-04,2223,EPL,Manchester City,Newcastle United,2,0,home,1.52,4.8,7.0,1.52,4.6,6.5,1.5,4.44,6.67,11,5,3,2,1.27,1.27
2023-03-04,2223,EPL,Arsenal,Bournemouth,3,2,home,1.24,7.3,15.0,1.22,6.83,13.69,1.22,6.78,13.69,31,4,9,4,2.0,0.9
2023-03-04,2223,EPL,Aston Villa,Crystal Palace,1,0,home,2.12,3.5,4.1,2.08,3.37,3.99,2.15,3.31,3.67,8,3,1,3,1.4,1.27
2023-03-04,2223,EPL,Brighton,West Ham United,4,0,home,1.84,4.0,4.9,1.78,3.88,4.75,1.68,3.94,5.22,20,3,9,2,1.47,1.2
2023-03-04,2223,EPL,Chelsea,Leeds,1,0,home,1.67,4.18,5.9,1.65,4.05,5.62,1.58,4.14,6.03,13,11,3,2,1.13,1.1
2023-03-04,2223,EPL,Wolverhampton Wanderers,Tottenham,1,0,home,3.41,3.48,2.34,3.32,3.41,2.31,3.26,3.25,2.35,8,21,5,6,1.3,1.57
2023-03-05,2223,EPL,Liverpool,Manchester United,7,0,home,2.5,3.92,2.97,2.39,3.76,2.91,2.46,3.58,2.85,18,8,8,4,1.07,1.47
2023-03-05,2223,EPL,Nottingham Forest,Everton,2,2,draw,2.75,3.26,3.02,2.7,3.11,2.98,3.04,3.03,2.62,10,10,4,3,1.2,0.97
2023-03-06,2223,EPL,Brentford,Fulham,3,2,home,2.05,3.83,3.92,2.0,3.76,3.82,2.04,3.54,3.74,14,9,6,5,1.1,1.27
2023-03-11,2223,EPL,Bournemouth,Liverpool,1,0,home,7.5,5.3,1.46,7.07,5.07,1.44,7.17,5.05,1.41,5,15,2,6,1.0,1.8
2023-03-11,2223,EPL,Everton,Brentford,1,0,home,2.8,3.31,2.85,2.75,3.23,2.82,2.68,3.07,2.91,13,12,6,4,0.87,1.67
2023-03-11,2223,EPL,Leeds,Brighton,2,2,draw,4.1,3.86,2.02,3.94,3.76,1.96,4.29,3.75,1.84,12,14,4,2,1.27,1.8
2023-03-11,2223,EPL,Leicester City,Chelsea,1,3,away,3.98,3.78,2.08,3.9,3.61,2.02,4.02,3.63,1.93,17,12,7,6,1.2,0.93
2023-03-11,2223,EPL,Tottenham,Nottingham Forest,3,1,home,1.48,4.8,8.0,1.45,4.69,7.8,1.44,4.55,7.62,15,9,7,5,1.5,1.23
2023-03-11,2223,EPL,Crystal Palace,Manchester City,0,1,away,9.8,5.5,1.38,9.18,5.2,1.37,9.92,5.05,1.34,4,14,4,4,0.77,1.63
2023-03-12,2223,EPL,Fulham,Arsenal,0,3,away,6.2,4.33,1.63,6.02,4.23,1.59,7.64,4.69,1.43,12,15,2,7,1.1,1.6
2023-03-12,2223,EPL,Manchester United,Southampton,0,0,draw,1.37,5.6,10.01,1.34,5.33,10.01,1.27,6.12,10.83,10,17,4,4,1.63,1.03
2023-03-12,2223,EPL,West Ham United,Aston Villa,1,1,draw,2.29,3.56,3.5,2.25,3.4,3.45,2.32,3.25,3.26,17,12,6,4,1.3,1.53
2023-03-12,2223,EPL,Newcastle United,Wolverhampton Wanderers,2,1,home,1.72,3.97,5.8,1.68,3.88,5.55,1.64,3.83,5.88,19,7,8,4,1.3,0.73
2023-03-15,2223,EPL,Brighton,Crystal Palace,1,0,home,1.49,4.7,8.0,1.47,4.51,7.72,1.37,4.98,9.06,11,11,5,3,1.6,0.97
2023-03-15,2223,EPL,Southampton,Brentford,0,2,away,3.13,3.45,2.5,3.05,3.36,2.49,3.24,3.22,2.38,7,11,1,5,0.87,1.5
2023-03-17,2223,EPL,Nottingham Forest,Newcastle United,1,2,away,6.0,3.96,1.74,5.81,3.87,1.68,5.45,3.75,1.69,5,15,3,4,0.77,1.47
2023-03-18,2223,EPL,Chelsea,Everton,2,2,draw,1.54,4.34,8.2,1.5,4.19,7.95,1.49,4.14,7.95,20,12,7,3,1.23,0.8
2023-03-18,2223,EPL,Wolverhampton Wanderers,Leeds,2,4,away,2.35,3.42,3.56,2.3,3.25,3.5,2.34,3.23,3.25,23,11,8,4,1.3,1.23
2023-03-18,2223,EPL,Southampton,Tottenham,3,3,draw,4.75,3.85,1.88,4.62,3.78,1.82,4.54,3.64,1.83,19,17,7,3,1.07,1.67
2023-03-18,2223,EPL,Brentford,Leicester City,1,1,draw,2.01,3.89,4.1,1.95,3.79,3.94,1.87,3.85,4.06,11,14,2,1,1.53,1.2
2023-03-18,2223,EPL,Aston Villa,Bournemouth,3,0,home,1.76,4.0,5.3,1.74,3.88,5.11,1.72,3.85,5.0,20,10,9,3,1.77,1.27
2023-03-19,2223,EPL,Arsenal,Crystal Palace,4,1,home,1.29,6.42,15.5,1.26,6.02,12.73,1.26,5.86,12.05,15,8,5,4,1.67,0.73
2023-04-01,2223,EPL,Chelsea,Aston Villa,0,2,away,1.74,4.0,5.75,1.69,3.83,5.57,1.62,3.95,5.93,27,5,8,2,1.17,1.23
2023-04-01,2223,EPL,Crystal Palace,Leicester City,2,1,home,2.62,3.4,3.05,2.56,3.28,3.02,2.38,3.31,3.16,31,3,9,2,1.0,1.27
2023-04-01,2223,EPL,Brighton,Brentford,3,3,draw,1.72,4.33,5.25,1.67,4.18,5.16,1.62,4.14,5.56,33,7,15,5,1.5,1.5
2023-04-01,2223,EPL,Nottingham Forest,Wolverhampton Wanderers,1,1,draw,3.15,3.3,2.7,3.01,3.16,2.64,3.32,3.12,2.39,17,8,7,1,1.2,1.4
2023-04-01,2223,EPL,Arsenal,Leeds,4,1,home,1.31,6.25,12.0,1.29,5.97,10.92,1.27,6.3,10.67,13,7,6,5,2.0,1.17
2023-04-01,2223,EPL,Manchester City,Liverpool,4,1,home,1.7,4.4,5.5,1.66,4.22,5.26,1.68,4.15,4.97,17,4,8,1,1.53,1.3
2023-04-01,2223,EPL,Bournemouth,Fulham,2,1,home,2.63,3.52,2.92,2.56,3.44,2.89,2.56,3.28,2.9,12,10,7,2,1.0,1.5
2023-04-02,2223,EPL,West Ham United,Southampton,1,0,home,1.8,4.0,5.1,1.77,3.89,4.82,1.76,3.71,4.96,12,9,2,3,1.37,1.13
2023-04-02,2223,EPL,Newcastle United,Manchester United,2,0,home,2.49,3.62,3.11,2.4,3.55,3.03,2.33,3.49,3.08,22,6,6,1,1.33,1.17
2023-04-03,2223,EPL,Everton,Tottenham,1,1,draw,3.55,3.55,2.26,3.44,3.45,2.24,3.81,3.34,2.08,15,8,6,2,1.17,1.8
2023-04-04,2223,EPL,Leicester City,Aston Villa,1,2,away,2.7,3.6,2.85,2.68,3.4,2.82,2.71,3.4,2.67,9,15,4,5,1.23,1.67
2023-04-04,2223,EPL,Bournemouth,Brighton,0,2,away,6.5,4.5,1.61,6.16,4.37,1.58,5.83,4.34,1.57,14,16,3,6,1.17,2.03
2023-04-04,2223,EPL,Leeds,Nottingham Forest,2,1,home,1.75,4.1,5.5,1.72,3.97,5.23,1.7,3.88,5.17,21,13,6,1,1.3,1.37
2023-04-04,2223,EPL,Chelsea,Liverpool,0,0,draw,2.35,3.58,3.46,2.26,3.51,3.4,2.16,3.53,3.43,12,7,3,4,1.0,1.3
2023-04-05,2223,EPL,West Ham United,Newcastle United,1,5,away,3.67,3.53,2.2,3.63,3.46,2.15,3.46,3.24,2.26,7,15,2,8,0.77,1.43
2023-04-05,2223,EPL,Manchester United,Brentford,1,0,home,1.71,4.4,5.3,1.67,4.23,5.09,1.62,4.24,5.32,18,6,3,1,1.3,1.6
2023-04-08,2223,EPL,Manchester United,Everton,2,0,home,1.54,4.5,7.5,1.52,4.42,6.88,1.57,4.22,5.98,29,15,11,1,1.7,1.0
2023-04-08,2223,EPL,Aston Villa,Nottingham Forest,2,0,home,1.65,4.3,6.0,1.64,4.16,5.5,1.58,4.16,5.98,8,6,3,2,1.57,1.1
2023-04-08,2223,EPL,Brentford,Newcastle United,1,2,away,3.7,3.58,2.15,3.58,3.58,2.13,4.1,3.5,1.96,12,10,6,4,1.17,1.2
2023-04-08,2223,EPL,Fulham,West Ham United,0,1,away,2.86,3.33,2.75,2.81,3.33,2.69,2.95,3.24,2.55,16,9,3,5,1.43,1.07
2023-04-08,2223,EPL,Leicester City,Bournemouth,0,1,away,1.92,3.85,4.33,1.91,3.76,4.18,2.09,3.48,3.64,14,19,4,7,1.4,1.27
2023-04-08,2223,EPL,Tottenham,Brighton,2,1,home,2.63,3.71,2.75,2.58,3.68,2.72,2.76,3.44,2.59,9,17,3,4,1.5,1.83
2023-04-08,2223,EPL,Wolverhampton Wanderers,Chelsea,1,0,home,4.3,3.61,2.0,4.28,3.58,1.93,5.01,3.62,1.78,9,13,4,1,0.93,1.07
2023-04-08,2223,EPL,Southampton,Manchester City,1,4,away,13.5,6.6,1.27,12.65,6.46,1.24,12.15,6.27,1.25,4,13,1,8,0.83,1.83
2023-04-09,2223,EPL,Leeds,Crystal Palace,1,5,away,2.16,3.55,3.7,2.14,3.48,3.67,2.07,3.45,3.73,11,16,7,8,1.23,1.07
2023-04-09,2223,EPL,Liverpool,Arsenal,2,2,draw,2.95,3.88,2.5,2.82,3.81,2.44,2.72,3.6,2.55,21,9,6,5,1.3,1.8
2023-04-15,2223,EPL,Manchester City,Leicester City,3,1,home,1.18,9.6,21.0,1.16,8.82,16.85,1.14,9.4,19.22,12,10,4,4,2.07,0.93
2023-04-15,2223,EPL,Tottenham,Bournemouth,2,3,away,1.52,4.9,7.3,1.49,4.68,6.8,1.51,4.47,6.49,24,6,8,6,1.63,1.03
2023-04-15,2223,EPL,Southampton,Crystal Palace,0,2,away,2.93,3.34,2.75,2.88,3.19,2.73,2.93,3.12,2.65,11,9,4,2,1.0,1.27
2023-04-15,2223,EPL,Wolverhampton Wanderers,Brentford,2,0,home,2.59,3.38,3.15,2.57,3.26,3.01,2.81,3.17,2.71,11,10,9,3,1.03,1.4
2023-04-15,2223,EPL,Chelsea,Brighton,1,2,away,2.75,3.58,2.75,2.67,3.52,2.72,2.94,3.37,2.48,8,26,2,10,0.97,1.47
2023-04-15,2223,EPL,Aston Villa,Newcastle United,3,0,home,3.8,3.56,2.19,3.71,3.47,2.13,3.64,3.45,2.11,16,8,6,2,1.17,1.27
2023-04-15,2223,EPL,Everton,Fulham,1,3,away,2.12,3.56,3.9,2.08,3.48,3.85,2.22,3.29,3.49,15,21,7,7,0.93,1.4
2023-04-16,2223,EPL,West Ham United,Arsenal,2,2,draw,6.2,4.4,1.61,6.14,4.29,1.57,5.58,4.2,1.61,16,11,3,5,1.07,2.0
2023-04-16,2223,EPL,Nottingham Forest,Manchester United,0,2,away,5.5,4.1,1.75,5.07,4.01,1.71,4.96,4.01,1.7,6,22,4,8,1.0,1.6
2023-04-17,2223,EPL,Leeds,Liverpool,1,6,away,4.54,4.6,1.77,4.39,4.42,1.74,4.57,4.32,1.7,13,13,3,7,1.13,1.57
2023-04-21,2223,EPL,Arsenal,Southampton,3,3,draw,1.23,7.9,17.0,1.21,7.62,14.32,1.21,7.08,13.9,25,8,6,6,1.9,0.9
2023-04-22,2223,EPL,Liverpool,Nottingham Forest,3,2,home,1.21,8.2,19.5,1.19,7.71,15.51,1.17,8.07,16.57,18,11,6,5,1.6,1.03
2023-04-22,2223,EPL,Leicester City,Wolverhampton Wanderers,2,1,home,2.5,3.36,3.21,2.46,3.31,3.14,2.43,3.3,3.09,15,16,8,3,1.1,1.43
2023-04-22,2223,EPL,Brentford,Aston Villa,1,1,draw,2.61,3.53,2.9,2.55,3.51,2.85,2.64,3.28,2.82,6,14,5,2,1.23,1.4
2023-04-22,2223,EPL,Fulham,Leeds,2,1,home,2.47,3.55,3.1,2.44,3.47,3.03,2.38,3.44,3.03,12,10,5,2,1.63,1.07
2023-04-22,2223,EPL,Crystal Palace,Everton,0,0,draw,2.18,3.35,4.1,2.15,3.28,3.87,1.97,3.36,4.27,12,10,2,5,1.37,1.03
2023-04-23,2223,EPL,Bournemouth,West Ham United,0,4,away,2.91,3.35,2.75,2.85,3.3,2.68,2.97,3.3,2.51,17,18,5,10,1.23,1.4
2023-04-23,2223,EPL,Newcastle United,Tottenham,6,1,home,1.92,4.0,4.4,1.84,3.94,4.31,1.92,3.72,4.03,25,11,8,3,1.37,1.23
2023-04-25,2223,EPL,Leeds,Leicester City,1,1,draw,2.45,3.67,3.1,2.39,3.59,3.02,2.37,3.57,2.96,13,15,3,3,1.4,1.6
2023-04-25,2223,EPL,Wolverhampton Wanderers,Crystal Palace,2,0,home,2.58,3.23,3.25,2.56,3.15,3.13,2.32,3.03,3.56,9,14,3,4,1.07,1.07
2023-04-25,2223,EPL,Aston Villa,Fulham,1,0,home,1.84,4.1,4.6,1.8,3.99,4.45,1.75,3.83,4.88,14,1,3,3,1.4,1.1
2023-04-26,2223,EPL,Manchester City,Arsenal,4,1,home,1.61,4.8,6.4,1.57,4.52,5.71,1.66,4.16,5.16,14,8,9,2,1.83,1.67
2023-04-26,2223,EPL,West Ham United,Liverpool,1,2,away,4.2,4.0,1.92,4.07,3.97,1.88,3.6,3.8,1.99,7,20,2,4,1.3,1.57
2023-04-26,2223,EPL,Nottingham Forest,Brighton,3,1,home,6.5,4.6,1.58,6.12,4.42,1.56,5.51,4.26,1.6,12,17,5,7,1.07,1.87
2023-04-26,2223,EPL,Chelsea,Brentford,0,2,away,1.75,4.1,5.25,1.73,3.93,5.06,1.79,3.67,4.84,15,7,4,1,0.87,1.2
2023-04-27,2223,EPL,Everton,Newcastle United,1,4,away,5.2,3.88,1.81,5.03,3.83,1.75,4.51,3.66,1.82,13,15,5,8,0.83,1.6
2023-04-27,2223,EPL,Southampton,Bournemouth,0,1,away,2.39,3.57,3.22,2.34,3.49,3.19,2.53,3.29,2.95,11,16,2,2,1.3,1.23
2023-04-27,2223,EPL,Tottenham,Manchester United,2,2,draw,2.85,3.82,2.53,2.81,3.72,2.48,2.86,3.75,2.36,18,17,7,8,1.4,1.63
2023-04-29,2223,EPL,Crystal Palace,West Ham United,4,3,home,2.88,3.28,2.9,2.73,3.24,2.83,2.57,3.17,2.97,16,8,6,4,1.17,1.23
2023-04-29,2223,EPL,Brentford,Nottingham Forest,2,1,home,1.7,4.0,5.7,1.68,3.92,5.54,1.74,3.77,5.04,14,5,8,3,1.53,1.03
2023-04-29,2223,EPL,Brighton,Wolverhampton Wanderers,6,0,home,1.54,4.6,7.0,1.51,4.48,6.75,1.57,4.28,5.97,22,10,8,2,1.53,1.27
2023-04-30,2223,EPL,Bournemouth,Leeds,4,1,home,2.67,3.62,2.75,2.65,3.57,2.69,2.47,3.4,2.94,12,15,7,6,1.47,1.33
2023-04-30,2223,EPL,Fulham,Manchester City,1,2,away,13.0,6.6,1.28,11.97,6.48,1.25,11.21,6.12,1.27,4,12,1,9,0.93,1.8
2023-04-30,2223,EPL,Manchester United,Aston Villa,1,0,home,1.83,4.1,4.7,1.81,4.03,4.34,1.75,4.11,4.47,14,7,6,1,1.3,1.5
2023-04-30,2223,EPL,Newcastle United,Southampton,3,1,home,1.35,6.0,11.0,1.33,5.71,9.61,1.26,6.22,12.09,22,4,5,3,1.67,0.9
2023-04-30,2223,EPL,Liverpool,Tottenham,4,3,home,1.6,5.0,6.05,1.54,4.97,5.51,1.55,4.84,5.38,12,10,4,7,1.83,1.33
2023-05-01,2223,EPL,Leicester City,Everton,2,2,draw,2.1,3.6,4.0,2.04,3.48,3.98,2.02,3.44,3.92,15,23,6,8,1.47,1.23
2023-05-02,2223,EPL,Arsenal,Chelsea,3,1,home,1.64,4.4,6.1,1.59,4.32,5.96,1.61,4.23,5.54,16,7,10,4,1.73,1.13
2023-05-03,2223,EPL,Liverpool,Fulham,1,0,home,1.3,7.0,12.0,1.27,6.5,10.02,1.29,6.13,9.73,15,9,3,3,1.63,1.07
2023-05-03,2223,EPL,Manchester City,West Ham United,3,0,home,1.23,8.0,15.0,1.21,7.27,13.54,1.18,7.87,15.92,16,6,7,2,2.07,1.2
2023-05-04,2223,EPL,Brighton,Manchester United,1,0,home,2.08,4.02,3.75,2.05,3.84,3.57,2.17,3.83,3.16,22,16,6,5,1.73,1.27
2023-05-06,2223,EPL,Bournemouth,Chelsea,1,3,away,3.53,3.59,2.24,3.46,3.55,2.19,3.55,3.62,2.08,10,11,4,5,1.17,1.1
2023-05-06,2223,EPL,Manchester City,Leeds,2,1,home,1.19,9.3,19.0,1.18,8.6,14.23,1.16,8.48,16.93,18,4,6,2,2.5,0.97
2023-05-06,2223,EPL,Tottenham,Crystal Palace,1,0,home,1.87,4.1,4.4,1.84,3.98,4.24,1.84,3.83,4.31,8,7,3,2,1.47,1.57
2023-05-06,2223,EPL,Wolverhampton Wanderers,Aston Villa,1,0,home,3.09,3.38,2.56,3.06,3.31,2.51,3.12,3.33,2.39,6,16,2,3,1.07,1.57
2023-05-06,2223,EPL,Liverpool,Brentford,1,0,home,1.52,5.3,6.5,1.49,5.09,6.17,1.43,5.16,6.91,15,5,5,1,1.6,1.23
2023-05-07,2223,EPL,Newcastle United,Arsenal,0,2,away,2.6,3.94,2.85,2.51,3.8,2.73,2.31,3.74,2.97,12,10,5,6,1.73,1.73
2023-05-07,2223,EPL,West Ham United,Manchester United,1,0,home,3.58,3.9,2.13,3.57,3.78,2.07,3.57,3.68,2.05,15,19,4,4,1.37,1.5
2023-05-08,2223,EPL,Fulham,Leicester City,5,3,home,2.8,3.7,2.68,2.71,3.61,2.62,2.68,3.35,2.71,17,18,7,9,1.3,1.27
2023-05-08,2223,EPL,Brighton,Everton,1,5,away,1.39,5.6,9.2,1.38,5.34,8.38,1.35,5.54,8.45,23,10,5,5,1.87,0.9
2023-05-08,2223,EPL,Nottingham Forest,Southampton,4,3,home,2.2,3.72,3.54,2.17,3.6,3.45,2.01,3.49,3.9,9,19,4,5,1.37,1.3
2023-05-13,2223,EPL,Manchester United,Wolverhampton Wanderers,2,0,home,1.41,5.4,9.0,1.38,5.24,8.6,1.38,5.24,8.06,27,5,9,3,1.3,1.23
2023-05-13,2223,EPL,Crystal Palace,Bournemouth,2,0,home,1.91,3.88,4.4,1.88,3.82,4.24,1.77,3.78,4.81,17,5,5,3,1.4,1.23
2023-05-13,2223,EPL,Southampton,Fulham,0,2,away,2.9,3.64,2.57,2.84,3.56,2.54,2.73,3.44,2.6,5,9,1,4,1.13,1.57
2023-05-13,2223,EPL,Aston Villa,Tottenham,2,1,home,2.38,3.78,3.14,2.34,3.72,3.01,2.29,3.64,3.04,8,5,4,2,1.63,1.37
2023-05-13,2223,EPL,Leeds,Newcastle United,2,2,draw,4.8,4.4,1.77,4.62,4.33,1.71,5.04,4.39,1.63,9,18,4,5,1.2,2.1
2023-05-13,2223,EPL,Chelsea,Nottingham Forest,2,2,draw,1.55,4.6,7.1,1.51,4.47,6.88,1.56,4.3,6.06,14,11,6,2,1.4,1.2
2023-05-14,2223,EPL,Everton,Manchester City,0,3,away,10.0,5.7,1.39,8.95,5.45,1.36,8.25,5.15,1.37,7,9,3,4,0.93,2.13
2023-05-14,2223,EPL,Arsenal,Brighton,0,3,away,1.81,4.5,4.35,1.78,4.36,4.21,1.73,4.28,4.36,14,12,2,6,1.93,1.67
2023-05-14,2223,EPL,Brentford,West Ham United,2,0,home,2.1,3.71,3.81,2.06,3.65,3.71,1.83,3.64,4.6,24,4,10,4,1.5,1.27
2023-05-15,2223,EPL,Leicester City,Liverpool,0,3,away,5.5,4.9,1.64,4.99,4.74,1.61,4.68,4.29,1.69,4,16,4,5,1.17,2.07
2023-05-18,2223,EPL,Newcastle United,Brighton,4,1,home,2.07,4.0,3.65,2.06,3.95,3.44,1.8,4.06,4.13,22,8,9,2,1.6,1.63
2023-05-20,2223,EPL,Tottenham,Brentford,1,3,away,1.9,4.1,4.3,1.85,3.99,4.16,1.95,3.77,3.85,22,11,8,4,1.4,1.57
2023-05-20,2223,EPL,Bournemouth,Manchester United,0,1,away,6.5,5.1,1.55,5.87,4.84,1.53,7.26,5.24,1.41,10,20,4,5,1.13,1.5
2023-05-20,2223,EPL,Fulham,Crystal Palace,2,2,draw,2.51,3.52,3.11,2.49,3.39,3.03,2.36,3.26,3.23,11,11,4,5,1.23,1.23
2023-05-20,2223,EPL,Liverpool,Aston Villa,1,1,draw,1.53,5.2,6.5,1.5,5.07,5.94,1.49,4.85,6.18,10,6,5,3,1.57,1.23
2023-05-20,2223,EPL,Wolverhampton Wanderers,Everton,1,1,draw,2.88,3.48,2.75,2.81,3.36,2.67,3.13,3.45,2.33,13,19,5,4,1.43,1.27
2023-05-20,2223,EPL,Nottingham Forest,Arsenal,1,0,home,5.6,4.6,1.7,5.37,4.47,1.61,5.26,4.18,1.64,6,11,2,3,1.43,2.3
2023-05-21,2223,EPL,West Ham United,Leeds,3,1,home,2.55,3.72,2.93,2.51,3.65,2.82,2.6,3.51,2.72,19,12,9,3,1.83,1.47
2023-05-21,2223,EPL,Brighton,Southampton,3,1,home,1.25,7.6,13.5,1.23,6.99,12.43,1.21,7.38,13.35,26,5,8,1,1.9,1.2
2023-05-21,2223,EPL,Manchester City,Chelsea,1,0,home,1.28,6.85,13.25,1.26,6.39,11.14,1.62,4.19,5.85,15,13,2,6,1.97,0.83
2023-05-22,2223,EPL,Newcastle United,Leicester City,0,0,draw,1.42,5.9,8.5,1.4,5.55,7.24,1.31,5.96,9.36,23,1,4,1,2.1,1.23
2023-05-24,2223,EPL,Brighton,Manchester City,1,1,draw,4.22,4.5,1.85,3.93,4.39,1.83,3.86,4.13,1.85,20,13,7,4,1.37,2.07
2023-05-25,2223,EPL,Manchester United,Chelsea,4,1,home,1.7,4.65,5.4,1.63,4.49,5.19,1.56,4.39,5.84,18,14,9,5,1.3,0.97
2023-05-28,2223,EPL,Manchester United,Fulham,2,1,home,1.56,4.9,6.0,1.53,4.65,5.84,1.48,4.97,6.04,21,10,8,3,1.37,1.2
2023-05-28,2223,EPL,Brentford,Manchester City,1,0,home,4.05,4.3,1.92,4.04,4.1,1.84,3.37,3.57,2.15,11,17,4,3,1.03,1.83
2023-05-28,2223,EPL,Leicester City,West Ham United,2,1,home,2.0,4.2,3.82,1.95,4.02,3.64,2.08,3.94,3.26,13,16,4,3,1.3,1.7
2023-05-28,2223,EPL,Southampton,Liverpool,4,4,draw,7.1,5.6,1.46,6.68,5.29,1.43,5.95,4.97,1.49,15,30,10,8,0.97,2.07
2023-05-28,2223,EPL,Leeds,Tottenham,1,4,away,2.88,4.1,2.45,2.81,3.93,2.36,2.78,3.84,2.38,19,11,2,7,1.67,2.03
2023-05-28,2223,EPL,Arsenal,Wolverhampton Wanderers,5,0,home,1.43,5.7,8.5,1.38,5.51,7.66,1.29,6.18,9.86,14,6,8,3,1.93,1.2
2023-05-28,2223,EPL,Crystal Palace,Nottingham Forest,1,1,draw,1.74,4.4,5.0,1.68,4.28,4.8,1.6,4.09,5.61,16,7,4,4,1.63,1.27
2023-05-28,2223,EPL,Chelsea,Newcastle United,1,1,draw,3.0,3.86,2.48,2.89,3.74,2.38,2.79,3.76,2.38,22,13,5,4,1.1,1.87
2023-05-28,2223,EPL,Aston Villa,Brighton,2,1,home,2.1,4.08,3.55,2.05,4.03,3.35,1.88,4.04,3.83,12,8,5,4,1.5,1.43
2023-05-28,2223,EPL,Everton,Bournemouth,1,0,home,1.53,5.0,7.25,1.5,4.63,6.54,1.62,4.22,5.41,13,7,6,2,1.43,1.47
2023-08-11,2324,EPL,Burnley,Manchester City,0,3,away,9.5,5.68,1.39,8.58,5.51,1.37,9.27,5.45,1.33,6,17,1,8,1.06,1.84
2023-08-12,2324,EPL,Sheffield United,Crystal Palace,0,1,away,3.31,3.42,2.48,3.28,3.22,2.43,3.81,3.16,2.16,8,24,1,8,1.32,1.31
2023-08-12,2324,EPL,Arsenal,Nottingham Forest,2,1,home,1.21,8.5,17.5,1.18,7.86,15.67,1.19,7.43,15.98,15,6,7,2,2.23,1.33
2023-08-12,2324,EPL,Bournemouth,West Ham United,1,1,draw,2.8,3.62,2.75,2.7,3.47,2.71,2.7,3.53,2.59,14,16,5,3,1.4,1.67
2023-08-12,2324,EPL,Brighton,Luton Town,4,1,home,1.36,6.0,10.5,1.33,5.65,9.61,1.28,5.99,10.91,27,9,12,3,1.69,1.4
2023-08-12,2324,EPL,Everton,Fulham,0,1,away,2.3,3.57,3.45,2.27,3.45,3.35,2.32,3.28,3.27,19,9,9,2,1.33,1.6
2023-08-12,2324,EPL,Newcastle United,Aston Villa,5,1,home,1.8,4.1,4.9,1.77,3.92,4.77,1.65,4.14,5.17,17,16,13,6,1.37,1.37
2023-08-13,2324,EPL,Chelsea,Liverpool,1,1,draw,3.05,3.82,2.48,2.97,3.64,2.4,3.04,3.75,2.26,10,13,4,1,1.13,2.03
2023-08-13,2324,EPL,Brentford,Tottenham,2,2,draw,2.85,3.83,2.6,2.76,3.65,2.55,2.6,3.52,2.7,11,18,6,6,1.63,1.47
2023-08-14,2324,EPL,Manchester United,Wolverhampton Wanderers,1,0,home,1.34,6.0,11.0,1.32,5.79,9.66,1.27,6.12,10.96,15,23,3,6,1.53,0.97
2023-08-18,2324,EPL,Nottingham Forest,Sheffield United,2,1,home,2.0,3.6,4.5,1.97,3.48,4.37,1.93,3.44,4.33,16,7,4,3,1.42,1.53
2023-08-19,2324,EPL,Fulham,Brentford,0,3,away,2.8,3.58,2.73,2.76,3.43,2.67,2.82,3.19,2.69,10,17,2,8,1.23,1.43
2023-08-19,2324,EPL,Liverpool,Bournemouth,3,1,home,1.26,7.5,13.0,1.23,7.14,11.46,1.2,7.69,12.7,26,13,10,5,2.0,1.2
2023-08-19,2324,EPL,Wolverhampton Wanderers,Brighton,1,4,away,4.25,4.0,1.97,4.12,3.92,1.88,4.17,4.06,1.81,16,16,5,8,1.2,1.9
2023-08-19,2324,EPL,Tottenham,Manchester United,2,0,home,2.95,3.96,2.46,2.85,3.82,2.41,3.01,3.78,2.25,17,22,6,6,1.43,1.6
2023-08-19,2324,EPL,Manchester City,Newcastle United,1,0,home,1.75,4.3,5.2,1.73,4.1,4.8,1.84,3.78,4.32,14,7,4,1,1.8,1.57
2023-08-20,2324,EPL,Aston Villa,Everton,4,0,home,1.76,4.1,5.4,1.72,3.99,5.06,1.84,3.82,4.24,13,9,7,2,1.6,1.0
2023-08-20,2324,EPL,West Ham United,Chelsea,3,1,home,3.86,3.75,2.12,3.68,3.57,2.1,3.27,3.59,2.18,12,17,6,4,1.43,1.43
2023-08-21,2324,EPL,Crystal Palace,Arsenal,0,1,away,6.0,4.33,1.68,5.73,4.12,1.63,4.42,3.55,1.89,14,14,2,3,1.37,1.87
2023-08-25,2324,EPL,Chelsea,Luton Town,3,0,home,1.33,6.5,13.0,1.3,6.08,10.68,1.26,6.12,12.06,19,11,8,1,1.26,1.47
2023-08-26,2324,EPL,Bournemouth,Tottenham,0,2,away,3.95,4.1,2.05,3.72,4.04,1.95,3.47,3.86,2.03,11,17,3,6,1.5,1.73
2023-08-26,2324,EPL,Arsenal,Fulham,2,2,draw,1.27,7.27,15.25,1.24,6.07,15.25,1.27,5.98,10.95,19,8,11,3,2.0,1.37
2023-08-26,2324,EPL,Brentford,Crystal Palace,1,1,draw,2.2,3.54,3.75,2.17,3.43,3.62,2.15,3.33,3.67,12,15,1,5,1.37,1.17
2023-08-26,2324,EPL,Everton,Wolverhampton Wanderers,0,1,away,2.42,3.48,3.4,2.34,3.32,3.34,2.43,3.36,3.02,15,11,7,2,1.5,1.33
2023-08-26,2324,EPL,Manchester United,Nottingham Forest,3,2,home,1.34,6.2,10.0,1.32,5.98,9.11,1.36,5.26,8.13,18,9,9,4,1.5,1.03
2023-08-26,2324,EPL,Brighton,West Ham United,1,3,away,1.58,4.9,6.0,1.54,4.74,5.81,1.51,4.78,5.91,25,12,10,3,1.93,1.57
2023-08-27,2324,EPL,Newcastle United,Liverpool,1,2,away,2.3,4.1,3.18,2.2,3.95,3.13,2.22,3.84,3.02,23,9,8,4,1.9,1.63
2023-08-27,2324,EPL,Burnley,Aston Villa,1,3,away,3.46,3.7,2.22,3.39,3.65,2.18,3.21,3.54,2.24,9,16,2,6,1.16,1.51
2023-08-27,2324,EPL,Sheffield United,Manchester City,1,2,away,19.5,8.6,1.21,16.72,7.73,1.18,14.68,6.99,1.2,6,30,2,9,0.99,1.81
2023-09-01,2324,EPL,Luton Town,West Ham United,1,2,away,5.0,4.2,1.78,4.82,4.04,1.75,4.67,4.02,1.73,16,9,1,3,1.52,1.51
2023-09-02,2324,EPL,Sheffield United,Everton,2,2,draw,3.15,3.36,2.59,3.06,3.27,2.53,3.12,3.36,2.35,13,16,8,6,1.17,1.33
2023-09-02,2324,EPL,Brentford,Bournemouth,2,2,draw,1.77,4.3,4.94,1.75,4.14,4.62,1.73,3.98,4.75,21,12,7,5,1.6,1.0
2023-09-02,2324,EPL,Burnley,Tottenham,2,5,away,3.99,4.2,1.93,3.97,4.04,1.88,3.64,3.79,1.99,16,20,4,10,1.69,1.68
2023-09-02,2324,EPL,Chelsea,Nottingham Forest,0,1,away,1.43,5.35,9.0,1.39,5.1,8.62,1.4,4.84,8.03,21,7,2,3,1.43,1.57
2023-09-02,2324,EPL,Manchester City,Fulham,5,1,home,1.18,9.7,22.0,1.15,8.93,18.11,1.18,7.68,15.7,7,6,5,4,1.93,0.97
2023-09-02,2324,EPL,Brighton,Newcastle United,3,1,home,2.62,4.1,2.61,2.59,3.94,2.58,2.55,3.81,2.58,15,9,6,2,1.67,1.97
2023-09-03,2324,EPL,Crystal Palace,Wolverhampton Wanderers,3,2,home,2.01,3.62,4.5,1.97,3.5,4.25,1.9,3.54,4.32,16,12,11,4,1.63,1.07
2023-09-03,2324,EPL,Liverpool,Aston Villa,3,0,home,1.71,4.7,4.9,1.68,4.61,4.6,1.61,4.62,4.94,17,9,4,3,1.57,1.6
2023-09-03,2324,EPL,Arsenal,Manchester United,3,1,home,1.83,4.25,4.7,1.77,4.08,4.55,1.77,4.14,4.29,17,10,5,2,1.53,1.4
2023-09-16,2324,EPL,Tottenham,Sheffield United,2,1,home,1.31,6.51,12.0,1.29,6.08,10.21,1.29,6.17,9.68,28,7,10,5,1.94,1.5
2023-09-16,2324,EPL,West Ham United,Manchester City,1,3,away,7.5,4.95,1.53,6.58,4.7,1.5,5.6,4.22,1.61,6,29,3,15,1.2,2.1
2023-09-16,2324,EPL,Manchester United,Brighton,1,3,away,2.28,4.19,3.07,2.25,4.02,2.99,2.0,3.99,3.44,14,10,4,8,1.57,1.53
2023-09-16,2324,EPL,Newcastle United,Brentford,1,0,home,1.58,4.6,6.75,1.54,4.47,6.3,1.64,4.08,5.4,9,11,2,2,1.7,1.47
2023-09-16,2324,EPL,Aston Villa,Crystal Palace,3,1,home,1.96,3.89,4.21,1.93,3.76,4.1,1.94,3.64,4.01,16,6,5,3,1.43,1.33
2023-09-16,2324,EPL,Wolverhampton Wanderers,Liverpool,1,3,away,7.5,5.25,1.51,6.66,4.98,1.47,4.77,4.35,1.67,11,16,2,6,1.07,2.17
2023-09-16,2324,EPL,Fulham,Luton Town,1,0,home,1.73,4.2,5.5,1.68,4.03,5.31,1.66,3.79,5.67,13,7,2,2,2.2,1.2
2023-09-17,2324,EPL,Everton,Arsenal,0,1,away,6.5,4.75,1.57,6.3,4.54,1.53,5.74,4.37,1.57,8,13,1,4,1.27,2.03
2023-09-17,2324,EPL,Bournemouth,Chelsea,0,0,draw,4.5,4.2,1.84,4.39,4.05,1.8,4.06,3.88,1.87,13,14,4,6,1.33,1.3
2023-09-18,2324,EPL,Nottingham Forest,Burnley,1,1,draw,2.31,3.65,3.41,2.23,3.58,3.33,2.11,3.45,3.59,14,10,4,3,2.57,1.33
2023-09-23,2324,EPL,Crystal Palace,Fulham,0,0,draw,2.01,3.68,4.35,1.99,3.54,4.11,2.08,3.34,3.87,7,10,3,5,1.6,1.3
2023-09-23,2324,EPL,Luton Town,Wolverhampton Wanderers,1,1,draw,3.5,3.58,2.34,3.26,3.47,2.31,3.18,3.32,2.37,20,3,4,3,1.18,1.72
2023-09-23,2324,EPL,Manchester City,Nottingham Forest,2,0,home,1.17,9.8,21.0,1.15,9.04,17.91,1.16,8.11,18.46,7,10,4,3,2.07,1.07
2023-09-23,2324,EPL,Brentford,Everton,1,3,away,1.84,3.95,4.75,1.81,3.8,4.67,1.93,3.56,4.16,12,18,2,6,1.53,0.97
2023-09-23,2324,EPL,Burnley,Manchester United,0,1,away,4.6,4.4,1.8,4.28,4.31,1.77,4.15,3.91,1.84,12,11,4,4,1.03,2.23
2023-09-24,2324,EPL,Arsenal,Tottenham,2,2,draw,1.76,4.6,4.75,1.68,4.45,4.69,1.64,4.37,5.0,13,13,6,5,1.97,1.73
2023-09-24,2324,EPL,Brighton,Bournemouth,3,1,home,1.43,5.75,8.3,1.41,5.08,7.9,1.5,4.91,5.97,13,12,4,4,1.97,1.27
2023-09-24,2324,EPL,Chelsea,Aston Villa,0,1,away,1.96,4.0,4.1,1.93,3.9,3.93,1.86,3.9,4.09,10,15,4,7,1.03,1.57
2023-09-24,2324,EPL,Liverpool,West Ham United,3,1,home,1.45,5.8,7.7,1.4,5.67,7.21,1.37,5.58,7.78,22,11,7,4,2.07,1.47
2023-09-24,2324,EPL,Sheffield United,Newcastle United,0,8,away,7.5,5.1,1.51,7.05,4.98,1.45,6.26,4.37,1.53,9,22,1,15,1.17,1.9
2023-09-30,2324,EPL,Tottenham,Liverpool,2,1,home,3.08,4.2,2.28,2.98,4.12,2.23,2.96,3.94,2.25,24,12,8,4,1.63,2.3
2023-09-30,2324,EPL,West Ham United,Sheffield United,2,0,home,1.49,5.1,7.5,1.44,4.94,7.44,1.44,4.79,7.35,20,16,9,2,2.28,1.28
2023-09-30,2324,EPL,Newcastle United,Burnley,2,0,home,1.36,5.9,10.5,1.34,5.67,9.15,1.38,5.13,8.43,20,8,8,2,2.5,1.03
2023-09-30,2324,EPL,Wolverhampton Wanderers,Manchester City,2,1,home,10.0,6.0,1.36,9.61,5.75,1.33,8.34,5.12,1.39,3,23,1,8,0.77,2.1
2023-09-30,2324,EPL,Everton,Luton Town,1,2,away,1.68,4.1,6.5,1.62,3.94,6.24,1.65,3.87,5.72,23,9,5,2,1.63,1.17
2023-09-30,2324,EPL,Bournemouth,Arsenal,0,4,away,6.0,4.9,1.58,5.59,4.77,1.56,6.03,4.55,1.53,8,15,1,8,1.23,1.8
2023-09-30,2324,EPL,Aston Villa,Brighton,6,1,home,2.65,4.11,2.65,2.58,3.96,2.58,2.5,3.7,2.7,19,11,9,3,1.6,1.73
2023-09-30,2324,EPL,Manchester United,Crystal Palace,0,1,away,1.61,4.5,6.1,1.57,4.36,5.96,1.57,4.26,6.05,19,8,4,2,1.27,1.27
2023-10-01,2324,EPL,Nottingham Forest,Brentford,1,1,draw,2.89,3.46,2.75,2.84,3.29,2.69,2.65,3.21,2.85,6,18,1,5,1.27,1.53
2023-10-02,2324,EPL,Fulham,Chelsea,0,2,away,4.0,3.62,2.1,3.93,3.45,2.06,3.46,3.43,2.19,10,11,3,4,1.47,1.23
2023-10-03,2324,EPL,Luton Town,Burnley,1,2,away,3.0,3.3,2.72,2.94,3.23,2.65,2.94,3.16,2.62,18,14,3,4,1.67,1.33
2023-10-07,2324,EPL,Crystal Palace,Nottingham Forest,0,0,draw,2.31,3.44,3.65,2.26,3.3,3.54,2.31,3.17,3.46,8,16,2,5,1.4,1.27
2023-10-07,2324,EPL,Manchester United,Brentford,2,1,home,1.74,4.35,5.0,1.7,4.23,4.87,1.66,4.19,5.12,21,11,8,3,1.17,1.27
2023-10-07,2324,EPL,Fulham,Sheffield United,3,1,home,1.68,4.16,6.2,1.64,4.0,5.9,1.52,4.41,6.6,20,5,6,2,1.96,1.16
2023-10-07,2324,EPL,Burnley,Chelsea,1,4,away,4.92,4.1,1.8,4.58,3.98,1.78,5.16,3.99,1.68,10,9,3,5,1.16,1.68
2023-10-07,2324,EPL,Luton Town,Tottenham,0,1,away,7.1,5.1,1.54,6.91,4.98,1.46,6.8,5.05,1.44,12,15,2,4,1.4,2.07
2023-10-07,2324,EPL,Everton,Bournemouth,3,0,home,2.03,3.85,3.99,1.99,3.71,3.88,1.92,3.72,4.03,25,11,8,4,1.53,1.33
2023-10-08,2324,EPL,Brighton,Liverpool,2,2,draw,3.25,4.32,2.21,3.14,4.02,2.17,3.25,4.19,2.04,14,14,3,4,1.8,2.07
2023-10-08,2324,EPL,West Ham United,Newcastle United,2,2,draw,3.47,3.84,2.2,3.41,3.79,2.12,3.39,3.67,2.13,5,10,3,3,1.4,2.07
2023-10-08,2324,EPL,Wolverhampton Wanderers,Aston Villa,1,1,draw,3.5,3.77,2.21,3.39,3.64,2.18,3.63,3.61,2.06,8,18,3,4,1.07,1.9
2023-10-08,2324,EPL,Arsenal,Manchester City,1,0,home,3.05,3.66,2.51,2.99,3.49,2.46,3.0,3.3,2.5,12,4,2,1,1.37,1.77
2023-10-21,2324,EPL,Nottingham Forest,Luton Town,2,2,draw,1.75,3.97,5.75,1.7,3.89,5.43,1.73,3.67,5.27,19,13,8,4,1.67,1.11
2023-10-21,2324,EPL,Sheffield United,Manchester United,1,2,away,7.8,5.4,1.46,7.57,5.24,1.41,7.91,5.54,1.37,12,14,6,5,0.91,2.01
2023-10-21,2324,EPL,Chelsea,Arsenal,2,2,draw,3.4,3.56,2.36,3.33,3.5,2.26,3.3,3.33,2.32,11,13,5,3,1.23,1.7
2023-10-21,2324,EPL,Newcastle United,Crystal Palace,4,0,home,1.5,4.8,8.0,1.46,4.63,7.7,1.46,4.45,7.75,10,17,7,3,1.67,1.1
2023-10-21,2324,EPL,Brentford,Burnley,3,0,home,1.9,3.86,4.53,1.87,3.77,4.37,1.75,3.81,4.9,23,6,10,1,1.98,0.97
2023-10-21,2324,EPL,Bournemouth,Wolverhampton Wanderers,1,2,away,2.48,3.7,3.05,2.45,3.49,3.01,2.35,3.42,3.11,7,20,4,7,1.37,1.47
2023-10-21,2324,EPL,Liverpool,Everton,2,0,home,1.4,6.0,8.8,1.37,5.77,7.65,1.39,5.43,7.38,26,6,6,1,1.9,1.23
2023-10-21,2324,EPL,Manchester City,Brighton,2,1,home,1.46,5.7,7.3,1.42,5.45,6.93,1.36,5.74,7.8,10,5,6,3,1.93,1.4
2023-10-22,2324,EPL,Aston Villa,West Ham United,4,1,home,1.95,4.03,4.1,1.9,3.93,4.01,1.81,3.94,4.31,15,14,7,4,1.73,1.4
2023-10-23,2324,EPL,Tottenham,Fulham,2,0,home,1.55,5.0,6.4,1.51,4.85,6.06,1.5,4.74,6.22,15,10,5,3,1.83,1.5
2023-10-27,2324,EPL,Crystal Palace,Tottenham,1,2,away,5.0,3.95,1.83,4.7,3.84,1.79,4.54,3.84,1.79,13,10,3,1,1.2,1.73
2023-10-28,2324,EPL,Bournemouth,Burnley,2,1,home,2.19,3.82,3.56,2.1,3.76,3.49,2.17,3.58,3.35,13,6,6,3,1.68,1.32
2023-10-28,2324,EPL,Chelsea,Brentford,0,2,away,1.7,4.22,5.75,1.66,4.15,5.32,1.65,4.07,5.39,17,7,2,5,1.2,1.5
2023-10-28,2324,EPL,Arsenal,Sheffield United,5,0,home,1.14,11.0,26.0,1.13,10.16,21.31,1.13,9.57,21.8,13,2,8,3,2.3,0.96
2023-10-28,2324,EPL,Wolverhampton Wanderers,Newcastle United,2,2,draw,4.4,4.1,1.87,4.22,3.99,1.84,4.22,3.84,1.85,11,13,6,5,1.03,2.1
2023-10-29,2324,EPL,Liverpool,Nottingham Forest,3,0,home,1.3,6.9,11.5,1.27,6.51,10.09,1.23,6.96,12.16,21,9,8,1,1.83,1.3
2023-10-29,2324,EPL,Brighton,Fulham,1,1,draw,1.62,4.8,5.75,1.59,4.65,5.36,1.61,4.3,5.3,18,10,7,5,1.9,1.67
2023-10-29,2324,EPL,Manchester United,Manchester City,0,3,away,5.3,4.22,1.74,5.16,4.07,1.69,5.48,4.25,1.62,7,21,3,10,1.0,1.53
2023-10-29,2324,EPL,West Ham United,Everton,0,1,away,2.21,3.81,3.47,2.18,3.62,3.41,2.07,3.69,3.5,12,10,2,4,1.63,1.57
2023-10-29,2324,EPL,Aston Villa,Luton Town,3,1,home,1.31,6.5,12.0,1.28,6.23,10.8,1.34,5.71,8.49,17,7,6,1,1.91,1.04
2023-11-04,2324,EPL,Newcastle United,Arsenal,1,0,home,2.89,3.5,2.65,2.83,3.41,2.59,2.8,3.23,2.68,9,14,2,1,1.53,1.67
2023-11-04,2324,EPL,Sheffield United,Wolverhampton Wanderers,2,1,home,4.1,3.79,2.01,3.91,3.68,1.97,4.12,3.68,1.91,11,10,2,3,1.38,1.95
2023-11-04,2324,EPL,Manchester City,Bournemouth,6,1,home,1.11,14.0,34.0,1.08,12.84,29.22,1.1,11.54,26.43,21,5,8,1,1.93,0.77
2023-11-04,2324,EPL,Fulham,Manchester United,0,1,away,3.5,3.75,2.26,3.22,3.68,2.22,3.0,3.56,2.36,18,12,3,5,1.27,1.47
2023-11-04,2324,EPL,Burnley,Crystal Palace,0,2,away,2.95,3.33,2.71,2.89,3.24,2.65,3.35,3.17,2.35,17,4,5,3,1.07,1.82
2023-11-04,2324,EPL,Brentford,West Ham United,3,2,home,2.12,3.85,3.61,2.07,3.74,3.52,2.15,3.66,3.33,16,12,4,2,1.63,1.2
2023-11-04,2324,EPL,Everton,Brighton,1,1,draw,3.17,3.98,2.25,3.1,3.87,2.21,2.83,3.6,2.46,10,7,4,2,1.53,1.77
2023-11-05,2324,EPL,Nottingham Forest,Aston Villa,2,0,home,4.3,3.9,1.93,4.17,3.76,1.89,3.91,3.75,1.94,5,13,3,3,1.27,1.8
2023-11-05,2324,EPL,Luton Town,Liverpool,1,1,draw,12.5,7.3,1.26,11.23,6.76,1.24,13.28,7.63,1.2,8,24,5,6,0.92,2.1
2023-11-06,2324,EPL,Tottenham,Chelsea,1,4,away,2.21,3.92,3.5,2.14,3.73,3.34,2.32,3.63,3.04,8,17,5,8,1.73,1.3
2023-11-11,2324,EPL,Manchester United,Luton Town,1,0,home,1.38,6.2,10.0,1.31,5.86,9.36,1.29,5.95,9.95,15,10,4,4,1.65,1.05
2023-11-11,2324,EPL,Wolverhampton Wanderers,Tottenham,2,1,home,3.41,3.89,2.28,3.11,3.78,2.23,3.14,3.53,2.3,17,6,4,2,1.17,1.9
2023-11-11,2324,EPL,Arsenal,Burnley,3,1,home,1.22,8.1,17.0,1.19,7.47,14.74,1.2,7.07,16.18,16,8,6,5,2.23,0.8
2023-11-11,2324,EPL,Crystal Palace,Everton,2,3,away,2.5,3.3,3.27,2.45,3.2,3.19,2.61,3.12,2.95,13,8,4,4,1.17,1.17
2023-11-11,2324,EPL,Bournemouth,Newcastle United,2,0,home,5.0,4.2,1.78,4.52,4.06,1.76,3.97,3.71,1.93,19,8,10,5,0.83,2.27
2023-11-12,2324,EPL,Chelsea,Manchester City,4,4,draw,5.4,3.98,1.78,4.92,3.8,1.75,4.65,3.92,1.77,17,15,9,10,1.03,1.77
2023-11-12,2324,EPL,West Ham United,Nottingham Forest,3,2,home,1.93,3.92,4.5,1.89,3.79,4.1,1.8,3.77,4.58,16,10,6,5,1.47,1.5
2023-11-12,2324,EPL,Liverpool,Brentford,3,0,home,1.45,5.5,7.6,1.41,5.26,7.17,1.38,5.42,7.57,17,16,10,3,1.63,1.33
2023-11-12,2324,EPL,Brighton,Sheffield United,1,1,draw,1.26,7.4,13.0,1.24,6.8,11.28,1.27,6.18,10.88,11,9,6,1,2.36,1.34
2023-11-12,2324,EPL,Aston Villa,Fulham,3,1,home,1.63,4.5,5.9,1.6,4.27,5.67,1.65,4.13,5.21,12,9,6,5,1.83,1.3
2023-11-25,2324,EPL,Manchester City,Liverpool,1,1,draw,1.8,4.5,4.51,1.75,4.37,4.24,1.71,4.31,4.54,16,8,5,3,1.63,1.63
2023-11-25,2324,EPL,Burnley,West Ham United,1,2,away,3.63,3.79,2.17,3.58,3.54,2.12,3.43,3.43,2.18,11,11,5,3,1.27,2.08
2023-11-25,2324,EPL,Luton Town,Crystal Palace,2,1,home,3.8,3.54,2.17,3.7,3.41,2.13,3.98,3.34,2.03,8,16,3,8,1.05,1.48
2023-11-25,2324,EPL,Newcastle United,Chelsea,4,1,home,2.72,3.66,2.76,2.65,3.46,2.73,2.68,3.54,2.59,14,7,5,4,1.8,1.27
2023-11-25,2324,EPL,Nottingham Forest,Brighton,2,3,away,3.4,3.8,2.25,3.32,3.63,2.19,3.62,3.6,2.07,18,11,5,5,1.43,1.7
2023-11-25,2324,EPL,Sheffield United,Bournemouth,1,3,away,3.47,3.72,2.25,3.36,3.54,2.2,3.41,3.49,2.19,10,23,2,11,1.45,1.66
2023-11-25,2324,EPL,Brentford,Arsenal,0,1,away,5.0,4.01,1.8,4.74,3.82,1.78,5.73,4.06,1.61,9,15,3,4,1.3,1.63
2023-11-26,2324,EPL,Everton,Manchester United,0,3,away,2.8,3.7,2.65,2.75,3.51,2.6,2.69,3.41,2.66,24,9,6,4,1.13,1.37
2023-11-26,2324,EPL,Tottenham,Aston Villa,1,2,away,2.42,4.01,2.9,2.36,3.93,2.82,2.63,3.76,2.56,18,15,8,5,1.67,1.83
2023-11-27,2324,EPL,Fulham,Wolverhampton Wanderers,3,2,home,2.51,3.48,3.1,2.45,3.37,3.05,2.4,3.29,3.11,12,10,6,6,1.43,1.37
2023-12-02,2324,EPL,Arsenal,Wolverhampton Wanderers,2,1,home,1.3,6.5,12.6,1.29,5.9,10.82,1.24,6.36,13.17,19,6,6,3,2.03,1.0
2023-12-02,2324,EPL,Brentford,Luton Town,3,1,home,1.51,4.9,7.5,1.45,4.83,7.07,1.53,4.39,6.34,27,7,6,1,1.65,1.09
2023-12-02,2324,EPL,Burnley,Sheffield United,5,0,home,1.89,3.82,5.0,1.83,3.63,4.65,1.75,3.73,5.07,19,6,7,3,1.69,1.65
2023-12-02,2324,EPL,Nottingham Forest,Everton,0,1,away,2.9,3.5,2.67,2.85,3.31,2.64,2.84,3.16,2.71,13,12,2,3,1.3,1.27
2023-12-02,2324,EPL,Newcastle United,Manchester United,1,0,home,2.0,4.01,4.05,1.9,3.87,4.0,2.0,3.76,3.68,22,8,4,1,1.67,1.23
2023-12-03,2324,EPL,Manchester City,Tottenham,3,3,draw,1.34,6.5,10.5,1.27,6.42,9.75,1.25,6.97,10.56,18,8,4,4,1.83,1.5
2023-12-03,2324,EPL,West Ham United,Crystal Palace,1,1,draw,2.06,3.68,4.0,2.01,3.56,3.92,1.95,3.55,4.13,9,9,3,2,1.6,1.4
2023-12-03,2324,EPL,Bournemouth,Aston Villa,2,2,draw,3.57,4.19,2.07,3.56,4.07,1.97,3.18,3.93,2.13,15,11,7,3,1.13,2.13
2023-12-03,2324,EPL,Chelsea,Brighton,3,2,home,1.78,4.37,4.6,1.75,4.21,4.4,1.64,4.33,5.16,8,18,5,9,1.67,1.83
2023-12-03,2324,EPL,Liverpool,Fulham,4,3,home,1.29,7.2,11.5,1.25,6.76,10.35,1.24,6.82,11.43,26,9,12,5,1.97,1.07
2023-12-05,2324,EPL,Wolverhampton Wanderers,Burnley,1,0,home,1.95,3.8,4.7,1.92,3.6,4.35,1.93,3.61,4.12,7,12,4,3,1.78,1.54
2023-12-05,2324,EPL,Luton Town,Arsenal,3,4,away,17.0,7.2,1.25,14.73,6.77,1.22,16.38,7.06,1.2,6,23,4,9,0.83,2.06
2023-12-06,2324,EPL,Brighton,Brentford,2,1,home,1.98,4.1,4.0,1.94,3.89,3.79,1.77,4.05,4.45,18,8,7,2,1.67,1.7
2023-12-06,2324,EPL,Crystal Palace,Bournemouth,0,2,away,2.36,3.58,3.6,2.3,3.45,3.23,2.29,3.41,3.22,16,11,3,4,1.53,1.2
2023-12-06,2324,EPL,Fulham,Nottingham Forest,5,0,home,2.14,3.64,3.95,2.06,3.5,3.81,2.01,3.43,3.94,14,4,6,1,1.33,1.5
2023-12-06,2324,EPL,Sheffield United,Liverpool,0,2,away,15.0,8.4,1.29,14.14,7.68,1.19,14.76,7.96,1.19,6,15,1,8,0.99,2.59
2023-12-06,2324,EPL,Aston Villa,Manchester City,1,0,home,4.9,4.45,1.78,4.35,4.29,1.75,5.19,4.25,1.65,22,2,7,2,1.73,1.9
2023-12-06,2324,EPL,Manchester United,Chelsea,2,1,home,2.93,3.8,2.63,2.88,3.67,2.42,2.79,3.6,2.5,28,13,9,3,1.37,1.47
2023-12-07,2324,EPL,Everton,Newcastle United,3,0,home,3.3,3.6,2.5,3.17,3.41,2.36,3.17,3.45,2.31,21,13,6,3,1.03,1.77
2023-12-07,2324,EPL,Tottenham,West Ham United,1,2,away,1.85,4.5,4.25,1.8,4.31,4.04,1.68,4.29,4.79,23,11,7,5,1.93,1.53
2023-12-09,2324,EPL,Wolverhampton Wanderers,Nottingham Forest,1,1,draw,1.91,3.82,4.6,1.89,3.56,4.44,1.92,3.37,4.53,10,8,4,2,1.57,1.37
2023-12-09,2324,EPL,Aston Villa,Arsenal,1,0,home,3.55,3.84,2.17,3.43,3.69,2.12,3.62,3.72,2.03,10,12,3,5,1.6,1.77
2023-12-09,2324,EPL,Sheffield United,Brentford,1,0,home,4.7,3.95,1.85,4.47,3.84,1.81,4.61,3.86,1.78,9,10,4,4,1.07,2.13
2023-12-09,2324,EPL,Manchester United,Bournemouth,0,3,away,1.59,4.9,6.0,1.55,4.7,5.52,1.66,4.41,4.74,20,10,3,4,1.6,1.2
2023-12-09,2324,EPL,Brighton,Burnley,1,1,draw,1.55,4.9,6.5,1.5,4.69,6.31,1.53,4.5,6.2,29,6,11,3,2.17,1.4
2023-12-09,2324,EPL,Crystal Palace,Liverpool,1,2,away,6.6,4.75,1.63,6.3,4.59,1.51,6.59,4.62,1.49,8,14,4,2,0.93,1.83
2023-12-10,2324,EPL,Everton,Chelsea,2,0,home,3.15,3.75,2.41,3.03,3.59,2.36,2.54,3.47,2.78,9,16,5,4,1.4,1.53
2023-12-10,2324,EPL,Fulham,West Ham United,5,0,home,2.49,3.66,3.12,2.44,3.4,3.03,2.22,3.54,3.26,14,9,8,5,1.53,1.73
2023-12-10,2324,EPL,Luton Town,Manchester City,1,2,away,22.0,11.0,1.17,18.31,10.09,1.13,15.25,7.38,1.19,4,18,2,6,1.1,2.2
2023-12-10,2324,EPL,Tottenham,Newcastle United,4,1,home,2.3,3.99,3.22,2.23,3.84,3.08,2.08,3.88,3.34,23,9,12,3,1.53,1.8
2023-12-15,2324,EPL,Nottingham Forest,Tottenham,0,2,away,4.88,4.3,1.78,4.51,4.14,1.76,5.06,4.17,1.66,15,12,1,6,1.23,1.9
2023-12-16,2324,EPL,Chelsea,Sheffield United,2,0,home,1.28,7.1,13.5,1.24,6.69,11.68,1.2,7.63,14.35,15,6,6,1,2.17,1.23
2023-12-16,2324,EPL,Manchester City,Crystal Palace,2,2,draw,1.2,8.8,19.5,1.17,7.98,15.35,1.18,7.38,18.26,19,5,9,2,1.93,1.07
2023-12-16,2324,EPL,Newcastle United,Fulham,3,0,home,1.92,4.05,4.22,1.87,3.94,4.04,1.89,3.78,4.08,27,6,10,4,1.8,1.5
2023-12-16,2324,EPL,Burnley,Everton,0,2,away,3.74,3.62,2.19,3.66,3.44,2.13,3.3,3.48,2.22,14,9,2,6,1.17,1.7
2023-12-17,2324,EPL,Arsenal,Brighton,2,0,home,1.53,5.0,7.0,1.48,4.76,6.67,1.48,4.76,6.66,26,6,9,1,1.93,1.43
2023-12-17,2324,EPL,Brentford,Aston Villa,1,2,away,3.5,3.85,2.23,3.24,3.73,2.19,3.18,3.46,2.29,4,15,3,5,1.2,1.8
2023-12-17,2324,EPL,West Ham United,Wolverhampton Wanderers,3,0,home,2.27,3.68,3.62,2.12,3.62,3.5,1.96,3.6,4.0,13,14,4,3,1.67,1.67
2023-12-17,2324,EPL,Liverpool,Manchester United,0,0,draw,1.42,6.55,9.5,1.32,5.99,8.37,1.35,5.88,7.97,34,6,8,1,1.87,1.03
2023-12-21,2324,EPL,Crystal Palace,Brighton,1,1,draw,3.5,3.7,2.25,3.4,3.47,2.22,3.24,3.33,2.3,11,18,3,6,1.47,1.63
2023-12-22,2324,EPL,Aston Villa,Sheffield United,1,1,draw,1.28,7.3,14.0,1.24,6.98,11.3,1.22,7.15,12.8,12,5,4,2,2.4,0.9
2023-12-23,2324,EPL,West Ham United,Manchester United,2,0,home,2.72,3.81,2.7,2.65,3.65,2.62,2.19,3.77,3.16,12,11,5,3,1.47,1.5
2023-12-23,2324,EPL,Fulham,Burnley,0,2,away,1.76,4.2,5.3,1.7,3.96,5.12,1.71,3.86,5.06,19,7,5,2,1.83,1.37
2023-12-23,2324,EPL,Luton Town,Newcastle United,1,0,home,5.32,4.6,1.71,4.91,4.36,1.65,5.3,4.15,1.63,16,15,5,2,1.17,1.97
2023-12-23,2324,EPL,Nottingham Forest,Bournemouth,2,3,away,2.83,3.63,2.66,2.74,3.52,2.61,2.86,3.45,2.49,11,18,5,7,1.43,1.57
2023-12-23,2324,EPL,Tottenham,Everton,2,1,home,1.87,4.4,4.34,1.8,4.29,4.05,1.71,4.25,4.57,13,18,6,8,1.53,1.43
2023-12-23,2324,EPL,Liverpool,Arsenal,1,1,draw,2.53,3.78,3.05,2.47,3.63,2.84,2.47,3.63,2.79,13,13,3,2,1.53,1.5
2023-12-24,2324,EPL,Wolverhampton Wanderers,Chelsea,2,1,home,3.91,3.85,2.04,3.77,3.76,1.99,3.26,3.65,2.17,14,16,6,5,1.4,1.67
2023-12-26,2324,EPL,Manchester United,Aston Villa,3,2,home,2.75,3.75,2.71,2.68,3.62,2.61,2.34,3.75,2.91,13,10,7,4,1.0,1.63
2023-12-26,2324,EPL,Burnley,Liverpool,0,2,away,8.5,5.75,1.43,8.02,5.32,1.38,7.69,5.28,1.38,9,19,4,10,0.93,1.87
2023-12-26,2324,EPL,Bournemouth,Fulham,3,0,home,2.27,3.79,3.45,2.22,3.69,3.2,1.95,3.85,3.74,16,8,4,3,1.6,1.7
2023-12-26,2324,EPL,Newcastle United,Nottingham Forest,1,3,away,1.56,4.6,7.0,1.51,4.42,6.64,1.41,4.95,7.64,19,15,7,6,1.9,1.07
2023-12-26,2324,EPL,Sheffield United,Luton Town,2,3,away,2.52,3.42,3.19,2.46,3.32,3.07,2.46,3.25,3.07,21,12,6,4,1.2,1.87
2023-12-27,2324,EPL,Brentford,Wolverhampton Wanderers,1,4,away,2.02,3.72,4.2,1.94,3.66,4.07,2.22,3.41,3.39,14,11,4,5,1.47,1.43
2023-12-27,2324,EPL,Chelsea,Crystal Palace,2,1,home,1.75,4.05,5.5,1.72,3.89,5.06,1.78,3.75,4.7,9,13,4,5,1.6,1.33
2023-12-27,2324,EPL,Everton,Manchester City,1,3,away,6.6,4.37,1.64,6.32,4.1,1.57,5.65,4.02,1.62,7,23,2,9,1.43,1.73
2023-12-28,2324,EPL,Brighton,Tottenham,4,2,home,2.57,4.2,2.7,2.53,4.05,2.56,2.5,3.82,2.65,15,19,9,3,1.57,1.9
2023-12-28,2324,EPL,Arsenal,West Ham United,0,2,away,1.39,5.8,9.5,1.36,5.49,8.28,1.3,5.97,10.13,30,6,8,3,1.93,1.23
2023-12-30,2324,EPL,Wolverhampton Wanderers,Everton,3,0,home,2.75,3.5,2.81,2.67,3.41,2.74,2.88,3.26,2.6,12,10,6,3,1.33,1.5
2023-12-30,2324,EPL,Nottingham Forest,Manchester United,2,1,home,3.41,3.85,2.21,3.33,3.72,2.15,3.25,3.64,2.18,8,10,2,5,1.13,1.47
2023-12-30,2324,EPL,Manchester City,Sheffield United,2,0,home,1.1,17.0,37.0,1.07,14.55,28.9,1.08,12.46,30.83,18,4,4,2,2.57,1.03
2023-12-30,2324,EPL,Aston Villa,Burnley,3,2,home,1.4,5.6,8.6,1.38,5.29,8.1,1.4,5.17,7.55,19,9,7,5,1.93,1.0
2023-12-30,2324,EPL,Crystal Palace,Brentford,3,1,home,2.31,3.5,3.65,2.22,3.3,3.58,2.12,3.29,3.78,13,9,6,4,1.3,1.43
2023-12-30,2324,EPL,Luton Town,Chelsea,2,3,away,6.5,4.8,1.56,6.05,4.65,1.52,5.5,4.46,1.58,15,12,6,8,1.43,1.7
2023-12-31,2324,EPL,Fulham,Arsenal,2,1,home,6.2,4.5,1.62,5.94,4.29,1.57,5.92,4.22,1.58,15,13,4,3,1.2,1.73
2023-12-31,2324,EPL,Tottenham,Bournemouth,3,1,home,1.82,4.5,4.25,1.77,4.42,4.08,1.76,4.49,3.98,12,24,6,4,1.8,1.63
2024-01-01,2324,EPL,Liverpool,Newcastle United,4,2,home,1.51,5.2,7.2,1.45,4.96,6.69,1.38,5.47,7.49,34,5,15,3,1.6,1.43
2024-01-02,2324,EPL,West Ham United,Brighton,0,0,draw,2.57,3.89,2.81,2.52,3.68,2.74,3.03,3.63,2.3,6,22,2,8,1.7,1.73
2024-01-12,2324,EPL,Burnley,Luton Town,1,1,draw,2.09,3.75,3.9,2.06,3.58,3.8,2.15,3.46,3.5,13,14,7,5,1.43,1.63
2024-01-13,2324,EPL,Chelsea,Fulham,1,0,home,1.69,4.4,5.5,1.65,4.22,5.13,1.64,4.16,5.26,17,14,3,4,1.8,1.63
2024-01-13,2324,EPL,Newcastle United,Manchester City,2,3,away,5.75,4.63,1.6,5.63,4.53,1.56,4.89,4.13,1.68,12,27,5,11,1.67,1.87
2024-01-14,2324,EPL,Everton,Aston Villa,0,0,draw,2.9,3.79,2.5,2.81,3.62,2.49,2.55,3.54,2.75,10,16,2,5,1.3,1.7
2024-01-14,2324,EPL,Manchester United,Tottenham,2,2,draw,2.26,4.1,3.08,2.22,3.97,3.01,2.04,3.97,3.34,9,16,2,6,1.33,1.53
2024-01-20,2324,EPL,Arsenal,Crystal Palace,5,0,home,1.31,6.2,13.0,1.29,5.85,10.86,1.26,5.91,12.35,21,12,6,5,1.67,1.07
2024-01-20,2324,EPL,Brentford,Nottingham Forest,3,2,home,1.94,3.93,4.36,1.85,3.83,4.29,1.78,3.8,4.66,11,12,5,3,1.53,1.43
2024-01-21,2324,EPL,Sheffield United,West Ham United,2,2,draw,3.52,3.53,2.23,3.45,3.47,2.2,2.83,3.34,2.56,21,16,6,5,1.1,2.1
2024-01-21,2324,EPL,Bournemouth,Liverpool,0,4,away,4.5,4.5,1.77,4.41,4.36,1.72,4.38,4.4,1.7,11,14,1,7,1.27,1.93
2024-01-22,2324,EPL,Brighton,Wolverhampton Wanderers,0,0,draw,1.68,4.5,5.25,1.66,4.28,5.01,1.66,4.16,5.0,11,8,4,3,1.43,1.7
2024-01-30,2324,EPL,Nottingham Forest,Arsenal,1,2,away,8.6,5.3,1.43,7.77,5.14,1.4,8.78,5.04,1.38,9,19,3,3,1.1,2.0
2024-01-30,2324,EPL,Fulham,Everton,0,0,draw,2.55,3.45,3.12,2.46,3.32,3.08,2.25,3.27,3.46,25,21,6,4,1.37,1.5
2024-01-30,2324,EPL,Luton Town,Brighton,4,0,home,4.53,4.2,1.82,4.43,4.06,1.78,4.22,4.03,1.8,18,9,8,2,1.53,1.57
2024-01-30,2324,EPL,Crystal Palace,Sheffield United,3,2,home,1.68,3.99,6.5,1.64,3.93,5.81,1.61,3.95,6.02,12,9,4,5,1.67,1.3
2024-01-30,2324,EPL,Aston Villa,Newcastle United,1,3,away,1.91,4.3,4.1,1.85,4.05,4.02,1.88,4.02,3.89,12,14,6,5,1.87,1.4
2024-01-31,2324,EPL,Manchester City,Burnley,3,1,home,1.12,13.0,34.0,1.11,12.41,18.6,1.11,10.59,22.43,14,8,4,3,2.03,1.23
2024-01-31,2324,EPL,Tottenham,Brentford,3,2,home,1.74,4.5,5.25,1.69,4.32,4.7,1.63,4.46,4.97,19,9,5,5,1.87,1.5
2024-01-31,2324,EPL,Liverpool,Chelsea,4,1,home,1.62,4.87,5.5,1.58,4.64,5.29,1.65,4.4,4.84,28,4,13,3,1.9,1.43
2024-02-01,2324,EPL,West Ham United,Bournemouth,1,1,draw,2.5,3.85,2.85,2.45,3.71,2.8,2.42,3.58,2.85,9,9,3,4,1.83,1.53
2024-02-01,2324,EPL,Wolverhampton Wanderers,Manchester United,3,4,away,2.75,3.72,2.67,2.7,3.51,2.64,2.92,3.5,2.43,16,21,7,8,1.43,1.2
2024-02-03,2324,EPL,Everton,Tottenham,2,2,draw,3.05,3.89,2.38,2.97,3.71,2.34,3.1,3.73,2.22,14,9,5,6,1.43,1.53
2024-02-03,2324,EPL,Brighton,Crystal Palace,4,1,home,1.75,4.25,5.0,1.71,4.04,4.85,1.72,3.81,5.17,13,7,6,5,1.6,1.37
2024-02-03,2324,EPL,Burnley,Fulham,2,2,draw,3.0,3.6,2.5,2.98,3.5,2.43,2.91,3.31,2.54,12,15,4,7,1.33,1.73
2024-02-03,2324,EPL,Newcastle United,Luton Town,4,4,draw,1.47,5.2,7.5,1.42,5.07,7.23,1.53,4.61,5.91,19,11,6,8,1.73,1.63
2024-02-03,2324,EPL,Sheffield United,Aston Villa,0,5,away,5.4,4.42,1.69,5.02,4.36,1.65,5.17,4.27,1.64,10,14,5,10,1.1,2.03
2024-02-04,2324,EPL,Manchester United,West Ham United,3,0,home,1.72,4.4,5.25,1.65,4.31,5.05,1.55,4.49,5.82,12,22,5,3,1.47,1.47
2024-02-04,2324,EPL,Arsenal,Liverpool,3,1,home,2.32,3.8,3.24,2.24,3.72,3.15,2.21,3.65,3.2,15,10,7,1,1.37,1.67
2024-02-04,2324,EPL,Bournemouth,Nottingham Forest,1,1,draw,1.75,4.3,5.0,1.71,4.2,4.68,1.66,4.34,4.93,9,8,2,6,1.8,1.6
2024-02-04,2324,EPL,Chelsea,Wolverhampton Wanderers,2,4,away,1.66,4.4,5.6,1.63,4.29,5.27,1.54,4.48,5.92,15,14,6,7,1.7,1.8
2024-02-05,2324,EPL,Brentford,Manchester City,1,3,away,7.8,5.2,1.46,7.44,5.09,1.41,7.9,5.41,1.37,9,25,3,15,1.43,2.07
2024-02-10,2324,EPL,Manchester City,Everton,2,0,home,1.24,8.3,16.0,1.19,7.68,13.24,1.24,6.82,12.04,19,5,3,1,1.83,1.23
2024-02-10,2324,EPL,Fulham,Bournemouth,3,1,home,2.47,3.74,3.05,2.46,3.6,2.87,2.56,3.53,2.75,7,25,6,4,1.6,1.67
2024-02-10,2324,EPL,Liverpool,Burnley,3,1,home,1.18,9.5,18.5,1.16,8.71,15.08,1.16,8.52,16.31,25,9,10,4,2.03,1.0
2024-02-10,2324,EPL,Luton Town,Sheffield United,1,3,away,1.83,4.02,4.75,1.79,3.85,4.6,1.71,3.98,4.87,20,7,5,3,2.1,1.37
2024-02-10,2324,EPL,Tottenham,Brighton,2,1,home,1.85,4.5,4.01,1.81,4.35,3.92,1.74,4.51,4.09,16,6,6,3,1.77,1.6
2024-02-10,2324,EPL,Wolverhampton Wanderers,Brentford,0,2,away,2.17,3.84,3.7,2.14,3.65,3.42,2.2,3.58,3.27,17,9,5,6,1.9,1.5
2024-02-10,2324,EPL,Nottingham Forest,Newcastle United,2,3,away,3.41,3.84,2.19,3.29,3.81,2.14,3.24,3.77,2.15,13,7,3,5,1.6,1.97
2024-02-11,2324,EPL,West Ham United,Arsenal,0,6,away,6.4,4.6,1.59,5.95,4.4,1.56,6.31,4.34,1.53,5,25,1,12,1.23,1.83
2024-02-11,2324,EPL,Aston Villa,Manchester United,1,2,away,2.22,4.01,3.25,2.16,3.91,3.18,2.16,3.89,3.13,23,17,10,5,1.67,1.33
2024-02-12,2324,EPL,Crystal Palace,Chelsea,1,3,away,4.5,3.94,1.88,4.25,3.86,1.85,4.91,3.97,1.71,13,14,4,5,1.7,2.0
2024-02-17,2324,EPL,Manchester City,Chelsea,1,1,draw,1.37,6.0,9.05,1.34,5.71,8.37,1.33,6.01,8.28,31,9,5,6,2.33,1.57
2024-02-17,2324,EPL,Tottenham,Wolverhampton Wanderers,1,2,away,1.58,4.9,5.6,1.55,4.87,5.36,1.52,4.89,5.57,15,12,4,7,1.83,1.8
2024-02-17,2324,EPL,Newcastle United,Bournemouth,2,2,draw,1.9,4.27,4.01,1.87,4.15,3.84,1.99,3.93,3.5,17,12,5,7,1.77,1.87
2024-02-17,2324,EPL,Nottingham Forest,West Ham United,2,0,home,2.5,3.64,3.02,2.47,3.5,2.92,2.27,3.52,3.17,19,10,8,3,1.53,1.73
2024-02-17,2324,EPL,Burnley,Arsenal,0,5,away,11.0,6.1,1.34,9.78,5.73,1.31,10.38,5.94,1.29,8,16,4,7,1.07,2.07
2024-02-17,2324,EPL,Brentford,Liverpool,1,4,away,5.5,4.75,1.64,5.27,4.59,1.59,4.82,4.4,1.65,15,15,6,8,1.23,2.07
2024-02-17,2324,EPL,Fulham,Aston Villa,1,2,away,3.08,3.9,2.35,2.97,3.76,2.32,2.95,3.72,2.3,15,12,4,3,1.47,1.7
2024-02-18,2324,EPL,Sheffield United,Brighton,0,5,away,5.15,4.5,1.68,4.99,4.4,1.64,4.81,4.25,1.68,6,24,1,10,1.23,1.9
2024-02-18,2324,EPL,Luton Town,Manchester United,1,2,away,4.34,4.25,1.87,4.17,4.13,1.81,4.14,4.12,1.8,22,21,4,9,1.57,1.73
2024-02-19,2324,EPL,Everton,Crystal Palace,1,1,draw,1.77,3.82,5.5,1.72,3.79,5.26,1.81,3.49,4.98,19,10,4,4,1.63,1.27
2024-02-20,2324,EPL,Manchester City,Brentford,1,0,home,1.19,8.9,18.0,1.17,8.67,15.04,1.19,7.81,14.24,25,6,11,2,2.3,1.33
2024-02-21,2324,EPL,Liverpool,Luton Town,4,1,home,1.23,8.3,15.0,1.19,7.94,12.93,1.27,6.68,10.07,29,12,13,3,2.2,1.37
2024-02-24,2324,EPL,Arsenal,Newcastle United,4,1,home,1.42,5.53,8.0,1.4,5.32,7.33,1.35,5.63,8.17,18,3,8,2,2.17,1.37
2024-02-24,2324,EPL,Bournemouth,Manchester City,0,1,away,7.5,5.5,1.46,7.2,5.14,1.42,6.53,4.89,1.46,13,15,4,6,1.53,2.07
2024-02-24,2324,EPL,Manchester United,Fulham,1,2,away,1.63,4.6,5.6,1.61,4.48,5.21,1.65,4.27,5.0,21,17,9,5,1.63,1.43
2024-02-24,2324,EPL,Brighton,Everton,1,1,draw,1.88,4.16,4.35,1.82,4.04,4.2,1.87,3.93,4.0,23,6,7,3,1.47,1.27
2024-02-24,2324,EPL,Aston Villa,Nottingham Forest,4,2,home,1.6,4.7,6.1,1.57,4.52,5.55,1.58,4.51,5.39,16,10,6,3,1.83,1.37
2024-02-24,2324,EPL,Crystal Palace,Burnley,3,0,home,2.06,3.6,4.1,2.03,3.45,3.98,2.0,3.44,4.0,15,2,6,3,1.67,1.6
2024-02-25,2324,EPL,Wolverhampton Wanderers,Sheffield United,1,0,home,1.5,4.9,7.5,1.43,4.66,7.0,1.48,4.53,6.85,13,12,2,4,2.07,1.27
2024-02-26,2324,EPL,West Ham United,Brentford,4,2,home,2.61,3.76,2.85,2.57,3.68,2.68,2.36,3.53,3.01,17,14,6,8,1.73,1.53
2024-03-02,2324,EPL,Tottenham,Crystal Palace,3,1,home,1.55,5.0,7.5,1.52,4.51,6.26,1.53,4.58,5.93,14,4,6,1,2.03,1.67
2024-03-02,2324,EPL,Luton Town,Aston Villa,2,3,away,4.5,4.5,1.78,4.34,4.44,1.72,4.5,4.41,1.7,13,12,5,8,1.5,2.03
2024-03-02,2324,EPL,Newcastle United,Wolverhampton Wanderers,3,0,home,1.94,4.1,4.04,1.89,4.01,3.89,1.74,4.19,4.47,14,12,7,3,1.6,2.0
2024-03-02,2324,EPL,Nottingham Forest,Liverpool,0,1,away,6.1,4.85,1.58,5.69,4.73,1.54,5.23,4.44,1.6,8,22,2,2,1.23,2.4
2024-03-02,2324,EPL,Everton,West Ham United,1,3,away,2.14,3.72,3.67,2.1,3.57,3.62,2.13,3.53,3.45,22,12,11,5,1.43,1.37
2024-03-02,2324,EPL,Brentford,Chelsea,2,2,draw,3.2,4.0,2.23,3.04,3.95,2.21,3.23,3.72,2.18,14,17,5,6,1.6,2.1
2024-03-02,2324,EPL,Fulham,Brighton,3,0,home,2.65,3.85,2.71,2.6,3.59,2.7,2.56,3.49,2.76,12,15,5,5,1.6,1.67
2024-03-03,2324,EPL,Burnley,Bournemouth,0,2,away,3.89,3.93,2.02,3.79,3.83,1.96,3.66,3.74,2.01,20,10,6,3,1.43,1.87
2024-03-03,2324,EPL,Manchester City,Manchester United,3,1,home,1.29,6.72,11.3,1.27,6.39,10.06,1.26,6.76,10.21,27,3,8,1,1.7,1.4
2024-03-04,2324,EPL,Sheffield United,Arsenal,0,6,away,19.0,8.6,1.19,16.74,8.18,1.16,16.8,7.57,1.18,4,22,4,10,0.9,2.5
2024-03-09,2324,EPL,Manchester United,Everton,2,0,home,1.94,4.05,4.4,1.84,3.93,4.2,1.91,3.77,3.99,15,23,8,6,1.47,1.27
2024-03-09,2324,EPL,Bournemouth,Sheffield United,2,2,draw,1.38,5.8,9.4,1.35,5.55,8.52,1.35,5.64,8.41,32,13,12,9,2.23,1.07
2024-03-09,2324,EPL,Crystal Palace,Luton Town,1,1,draw,1.83,4.02,4.7,1.77,3.95,4.58,1.89,3.76,4.11,21,8,4,2,1.77,1.93
2024-03-09,2324,EPL,Wolverhampton Wanderers,Fulham,2,1,home,2.63,3.62,2.92,2.52,3.46,2.88,2.49,3.44,2.88,8,23,3,6,1.53,1.73
2024-03-09,2324,EPL,Arsenal,Brentford,2,1,home,1.27,7.3,14.0,1.23,6.96,11.44,1.21,7.14,13.36,17,9,6,4,2.5,1.1
2024-03-10,2324,EPL,Aston Villa,Tottenham,0,4,away,2.49,4.26,2.7,2.47,3.98,2.65,2.48,3.9,2.62,10,9,1,5,1.87,1.73
2024-03-10,2324,EPL,Brighton,Nottingham Forest,1,0,home,1.84,4.21,4.5,1.81,4.01,4.26,1.64,4.3,5.08,10,9,3,4,1.83,1.43
2024-03-10,2324,EPL,West Ham United,Burnley,2,2,draw,1.71,4.26,5.2,1.69,4.06,5.04,1.65,4.08,5.31,22,11,4,4,1.73,1.37
2024-03-10,2324,EPL,Liverpool,Manchester City,1,1,draw,3.15,4.0,2.34,3.02,3.8,2.28,3.4,3.88,2.05,19,10,6,6,1.73,1.5
2024-03-11,2324,EPL,Chelsea,Newcastle United,3,2,home,1.98,4.26,3.7,1.96,4.07,3.59,1.85,4.17,3.84,12,11,8,3,1.97,2.03
2024-03-13,2324,EPL,Bournemouth,Luton Town,4,3,home,1.55,4.98,6.4,1.51,4.71,6.18,1.52,4.87,5.65,24,8,10,4,1.97,1.67
2024-03-16,2324,EPL,Burnley,Brentford,2,1,home,3.41,3.8,2.21,3.23,3.72,2.2,3.12,3.64,2.26,17,9,6,5,1.7,1.7
2024-03-16,2324,EPL,Luton Town,Nottingham Forest,1,1,draw,2.95,3.8,2.47,2.83,3.69,2.44,2.63,3.58,2.64,10,16,4,6,1.93,1.8
2024-03-16,2324,EPL,Fulham,Tottenham,3,0,home,3.54,4.16,2.08,3.42,4.09,2.01,3.34,3.94,2.05,16,14,7,5,1.7,1.9
2024-03-17,2324,EPL,West Ham United,Aston Villa,1,1,draw,2.75,3.92,2.58,2.66,3.82,2.52,2.45,3.63,2.77,13,13,5,5,1.5,1.8
2024-03-30,2324,EPL,Newcastle United,West Ham United,4,3,home,1.9,4.33,4.11,1.81,4.26,4.0,1.86,4.13,3.86,24,10,9,4,1.8,1.87
2024-03-30,2324,EPL,Bournemouth,Everton,2,1,home,2.25,3.8,3.36,2.24,3.56,3.27,2.2,3.69,3.19,11,7,4,3,1.53,1.3
2024-03-30,2324,EPL,Chelsea,Burnley,2,2,draw,1.34,6.3,10.5,1.3,6.12,9.34,1.27,6.53,10.45,33,18,13,7,1.9,1.43
2024-03-30,2324,EPL,Nottingham Forest,Crystal Palace,1,1,draw,2.32,3.5,3.4,2.29,3.38,3.34,2.26,3.35,3.34,12,10,5,3,1.63,1.63
2024-03-30,2324,EPL,Sheffield United,Fulham,3,3,draw,4.9,4.26,1.76,4.89,3.95,1.73,4.8,4.06,1.71,8,24,4,9,1.03,2.23
2024-03-30,2324,EPL,Tottenham,Luton Town,2,1,home,1.26,8.1,12.5,1.21,7.6,11.57,1.21,7.95,11.35,17,7,4,3,2.27,1.8
2024-03-30,2324,EPL,Aston Villa,Wolverhampton Wanderers,2,0,home,1.68,4.6,5.08,1.64,4.46,4.9,1.54,4.41,6.24,11,13,5,3,1.6,1.53
2024-03-30,2324,EPL,Brentford,Manchester United,1,1,draw,3.25,3.99,2.24,3.09,3.86,2.22,3.31,3.98,2.06,31,11,5,5,1.4,1.93
2024-03-31,2324,EPL,Liverpool,Brighton,2,1,home,1.42,6.0,7.8,1.37,5.71,7.57,1.3,6.29,8.95,30,9,8,3,1.93,1.23
2024-03-31,2324,EPL,Manchester City,Arsenal,0,0,draw,1.97,3.97,4.01,1.92,3.86,3.94,2.06,3.62,3.61,12,6,1,2,1.47,1.93
2024-04-02,2324,EPL,West Ham United,Tottenham,1,1,draw,3.5,4.37,2.05,3.38,4.24,2.01,3.39,4.16,1.99,11,13,4,4,1.53,2.07
2024-04-02,2324,EPL,Burnley,Wolverhampton Wanderers,1,1,draw,2.63,3.68,2.86,2.55,3.54,2.83,2.35,3.52,3.03,13,8,6,2,1.23,1.83
2024-04-02,2324,EPL,Bournemouth,Crystal Palace,1,0,home,2.04,3.9,3.9,2.02,3.8,3.69,1.89,3.78,4.04,11,3,6,2,1.9,1.43
2024-04-02,2324,EPL,Nottingham Forest,Fulham,3,1,home,2.78,3.68,2.7,2.78,3.51,2.61,2.71,3.44,2.63,16,18,4,3,1.37,1.67
2024-04-02,2324,EPL,Newcastle United,Everton,1,1,draw,2.05,3.95,3.7,2.03,3.86,3.62,2.02,3.75,3.61,18,10,6,3,1.73,1.73
2024-04-03,2324,EPL,Arsenal,Luton Town,2,0,home,1.12,13.0,32.0,1.11,11.82,20.95,1.13,9.75,19.39,13,5,4,1,2.43,1.33
2024-04-03,2324,EPL,Brentford,Brighton,0,0,draw,2.48,3.94,2.88,2.38,3.79,2.86,2.49,3.74,2.7,5,24,2,6,1.3,1.83
2024-04-03,2324,EPL,Manchester City,Aston Villa,4,1,home,1.34,6.5,10.0,1.3,6.32,8.88,1.23,6.93,12.59,25,8,11,3,1.63,1.33
2024-04-04,2324,EPL,Liverpool,Sheffield United,3,1,home,1.1,15.0,36.0,1.08,14.33,25.37,1.07,14.54,27.64,29,8,9,3,2.43,0.97
2024-04-04,2324,EPL,Chelsea,Manchester United,4,3,home,2.08,4.26,3.55,2.03,4.03,3.42,1.82,4.27,3.92,28,19,10,5,1.67,1.7
2024-04-06,2324,EPL,Crystal Palace,Manchester City,2,4,away,11.0,5.9,1.34,10.64,5.59,1.31,8.9,5.22,1.36,7,18,4,8,1.07,2.0
2024-04-06,2324,EPL,Aston Villa,Brentford,3,3,draw,1.76,4.4,5.0,1.71,4.24,4.62,1.65,4.18,5.22,11,8,3,3,2.03,1.5
2024-04-06,2324,EPL,Everton,Burnley,1,0,home,1.71,4.3,5.25,1.68,4.18,4.99,1.76,3.89,4.68,12,6,3,1,1.5,1.27
2024-04-06,2324,EPL,Fulham,Newcastle United,0,1,away,2.41,4.05,3.0,2.35,3.87,2.86,2.44,3.66,2.78,14,12,4,5,1.87,1.87
2024-04-06,2324,EPL,Luton Town,Bournemouth,2,1,home,4.0,4.21,1.96,3.65,4.11,1.93,3.75,3.93,1.93,19,8,9,1,1.63,1.93
2024-04-06,2324,EPL,Wolverhampton Wanderers,West Ham United,1,2,away,2.58,3.72,2.82,2.53,3.61,2.77,2.82,3.45,2.5,14,11,7,4,1.6,1.53
2024-04-06,2324,EPL,Brighton,Arsenal,0,3,away,5.5,4.45,1.69,5.25,4.19,1.65,6.32,4.56,1.51,10,20,2,7,0.97,1.93
2024-04-07,2324,EPL,Sheffield United,Chelsea,2,2,draw,7.5,5.5,1.46,6.77,5.35,1.42,6.6,5.2,1.44,11,6,6,3,1.5,2.23
2024-04-07,2324,EPL,Tottenham,Nottingham Forest,3,1,home,1.46,5.6,8.0,1.39,5.46,7.33,1.43,5.25,6.55,17,13,7,6,1.93,1.47
2024-04-07,2324,EPL,Manchester United,Liverpool,2,2,draw,5.0,4.9,1.68,4.75,4.84,1.61,4.9,4.8,1.6,9,28,5,7,1.3,2.07
2024-04-13,2324,EPL,Newcastle United,Tottenham,4,0,home,2.9,4.26,2.38,2.8,4.05,2.33,2.64,3.97,2.45,18,11,5,2,1.8,2.1
2024-04-13,2324,EPL,Brentford,Sheffield United,2,0,home,1.45,5.4,7.5,1.43,5.22,6.68,1.49,4.84,6.15,9,8,5,2,2.07,1.73
2024-04-13,2324,EPL,Burnley,Brighton,1,1,draw,3.62,3.93,2.08,3.54,3.8,2.05,3.84,3.96,1.89,11,20,3,8,1.23,1.63
2024-04-13,2324,EPL,Manchester City,Luton Town,5,1,home,1.12,14.0,30.0,1.09,13.24,24.14,1.09,12.33,24.13,33,4,13,2,2.2,1.33
2024-04-13,2324,EPL,Nottingham Forest,Wolverhampton Wanderers,2,2,draw,2.25,3.74,3.53,2.14,3.57,3.5,2.07,3.51,3.69,18,11,9,4,1.53,1.63
2024-04-13,2324,EPL,Bournemouth,Manchester United,2,2,draw,2.49,4.09,2.82,2.42,3.83,2.79,2.39,3.97,2.71,20,8,5,2,1.63,1.73
2024-04-14,2324,EPL,West Ham United,Fulham,0,2,away,2.42,3.85,2.96,2.4,3.66,2.91,2.43,3.59,2.85,15,18,4,10,1.5,1.57
2024-04-14,2324,EPL,Liverpool,Crystal Palace,0,1,away,1.24,8.0,15.0,1.19,7.62,14.15,1.19,7.77,13.5,21,8,6,5,2.23,1.2
2024-04-14,2324,EPL,Arsenal,Aston Villa,0,2,away,1.31,6.5,11.0,1.29,6.27,9.5,1.27,6.47,10.91,18,11,4,2,2.33,1.27
2024-04-15,2324,EPL,Chelsea,Everton,6,0,home,1.76,4.42,4.9,1.73,4.16,4.57,1.69,4.14,4.89,14,10,10,2,1.7,1.33
2024-04-20,2324,EPL,Luton Town,Brentford,1,5,away,3.33,3.85,2.21,3.28,3.76,2.16,2.87,3.59,2.41,6,21,3,9,1.83,1.93
2024-04-20,2324,EPL,Sheffield United,Burnley,1,4,away,2.88,3.74,2.55,2.77,3.64,2.52,2.64,3.52,2.65,18,16,11,9,1.67,1.87
2024-04-20,2324,EPL,Wolverhampton Wanderers,Arsenal,0,2,away,8.5,5.3,1.44,8.02,5.14,1.39,11.3,6.11,1.27,5,24,3,9,1.2,2.07
2024-04-21,2324,EPL,Aston Villa,Bournemouth,3,1,home,1.92,4.31,3.95,1.87,4.17,3.83,1.86,4.06,3.92,14,14,4,6,1.83,1.67
2024-04-21,2324,EPL,Crystal Palace,West Ham United,5,2,home,2.22,3.72,3.5,2.12,3.66,3.45,2.23,3.5,3.25,18,4,7,1,1.6,1.67
2024-04-21,2324,EPL,Everton,Nottingham Forest,2,0,home,2.12,3.74,3.85,2.06,3.52,3.78,2.27,3.29,3.38,7,8,4,3,1.17,1.7
2024-04-21,2324,EPL,Fulham,Liverpool,1,3,away,5.55,4.9,1.63,5.14,4.66,1.59,4.59,4.4,1.68,12,14,5,7,1.3,1.87
2024-04-23,2324,EPL,Arsenal,Chelsea,5,0,home,1.52,5.2,7.5,1.45,5.03,6.76,1.39,5.21,7.66,27,7,10,1,2.23,1.5
2024-04-24,2324,EPL,Manchester United,Sheffield United,4,2,home,1.35,6.5,9.5,1.32,6.28,8.27,1.31,6.15,8.4,25,10,13,4,2.43,1.5
2024-04-24,2324,EPL,Everton,Liverpool,2,0,home,7.7,5.33,1.47,7.49,5.0,1.42,7.43,5.14,1.39,16,23,6,7,0.9,2.13
2024-04-24,2324,EPL,Crystal Palace,Newcastle United,2,0,home,2.85,3.85,2.51,2.76,3.7,2.49,3.08,3.64,2.26,20,7,7,2,1.83,2.1
2024-04-24,2324,EPL,Wolverhampton Wanderers,Bournemouth,0,1,away,2.81,3.8,2.6,2.74,3.53,2.6,2.77,3.61,2.48,15,21,4,6,1.7,1.47
2024-04-25,2324,EPL,Brighton,Manchester City,0,4,away,7.1,5.25,1.48,6.84,4.9,1.45,7.99,5.65,1.36,7,14,3,6,1.03,1.87
2024-04-27,2324,EPL,West Ham United,Liverpool,2,2,draw,6.0,5.18,1.58,5.84,5.03,1.5,5.26,4.81,1.55,11,28,8,8,1.3,2.3
2024-04-27,2324,EPL,Fulham,Crystal Palace,1,1,draw,2.17,3.75,3.6,2.14,3.63,3.43,2.1,3.48,3.56,9,14,2,4,1.73,1.5
2024-04-27,2324,EPL,Manchester United,Burnley,1,1,draw,1.57,5.2,5.75,1.53,5.01,5.35,1.5,5.09,5.59,27,16,10,7,2.13,1.53
2024-04-27,2324,EPL,Newcastle United,Sheffield United,5,1,home,1.25,7.6,12.9,1.24,7.18,10.5,1.22,7.35,11.45,20,15,7,5,2.6,1.67
2024-04-27,2324,EPL,Wolverhampton Wanderers,Luton Town,2,1,home,2.04,4.03,3.78,1.98,3.9,3.65,1.9,3.84,3.87,13,9,5,6,1.9,1.57
2024-04-27,2324,EPL,Everton,Brentford,1,0,home,2.45,3.68,3.13,2.34,3.54,3.09,2.84,3.42,2.49,18,10,1,4,1.33,1.63
2024-04-27,2324,EPL,Aston Villa,Chelsea,2,2,draw,2.25,4.1,3.21,2.14,4.04,3.13,2.06,3.98,3.28,9,21,4,5,2.07,1.93
2024-04-28,2324,EPL,Bournemouth,Brighton,3,0,home,2.32,4.01,3.05,2.27,3.85,2.99,1.96,4.07,3.49,15,13,6,1,1.47,1.43
2024-04-28,2324,EPL,Tottenham,Arsenal,2,3,away,4.3,4.27,1.86,4.19,4.07,1.81,4.42,4.17,1.74,14,9,2,3,1.27,2.4
2024-04-28,2324,EPL,Nottingham Forest,Manchester City,0,2,away,11.0,6.0,1.38,10.15,5.89,1.3,10.37,5.96,1.28,14,11,2,5,1.03,2.1
2024-05-02,2324,EPL,Chelsea,Tottenham,2,0,home,2.25,4.36,3.05,2.22,4.15,2.92,2.46,4.0,2.6,16,19,5,3,2.07,2.03
2024-05-03,2324,EPL,Luton Town,Everton,1,1,draw,2.74,3.75,2.7,2.71,3.52,2.63,2.77,3.62,2.48,18,10,5,3,1.47,1.73
2024-05-04,2324,EPL,Manchester City,Wolverhampton Wanderers,5,1,home,1.12,14.0,32.0,1.09,13.16,25.65,1.1,12.16,23.44,20,2,12,1,2.03,0.97
2024-05-04,2324,EPL,Burnley,Newcastle United,1,4,away,3.5,4.16,2.07,3.37,4.05,2.04,3.35,4.08,2.01,17,23,5,11,1.6,2.2
2024-05-04,2324,EPL,Sheffield United,Nottingham Forest,1,3,away,5.1,4.4,1.74,4.57,4.31,1.71,4.83,4.2,1.68,17,15,5,4,1.53,2.2
2024-05-04,2324,EPL,Arsenal,Bournemouth,3,0,home,1.23,8.2,14.0,1.2,7.76,12.56,1.22,7.12,12.18,25,7,9,2,2.3,1.07
2024-05-04,2324,EPL,Brentford,Fulham,0,0,draw,2.17,3.95,3.34,2.13,3.85,3.27,2.07,3.82,3.36,7,15,3,3,1.43,1.67
2024-05-05,2324,EPL,Brighton,Aston Villa,1,0,home,2.78,4.03,2.51,2.75,3.76,2.48,2.45,3.81,2.7,15,2,8,1,1.3,1.8
2024-05-05,2324,EPL,Chelsea,West Ham United,5,0,home,1.7,4.75,5.0,1.66,4.62,4.59,1.5,5.05,5.71,25,13,14,2,2.3,1.77
2024-05-05,2324,EPL,Liverpool,Tottenham,4,2,home,1.54,5.75,6.0,1.48,5.3,5.73,1.43,5.69,6.13,25,11,13,6,2.0,1.53
2024-05-06,2324,EPL,Crystal Palace,Manchester United,4,0,home,2.42,3.99,2.89,2.39,3.81,2.83,2.03,3.93,3.43,18,7,10,2,1.63,1.97
2024-05-11,2324,EPL,Everton,Sheffield United,1,0,home,1.44,5.5,8.0,1.4,5.3,7.47,1.43,5.05,7.08,15,13,6,1,2.1,1.3
2024-05-11,2324,EPL,Fulham,Manchester City,0,4,away,14.0,7.5,1.26,12.95,7.04,1.21,11.13,7.21,1.23,1,16,1,9,1.1,1.93
2024-05-11,2324,EPL,Bournemouth,Brentford,1,2,away,2.02,4.21,3.7,1.96,4.07,3.57,2.11,3.9,3.22,13,11,4,5,1.57,1.47
2024-05-11,2324,EPL,Newcastle United,Brighton,1,1,draw,1.63,5.0,5.0,1.59,4.93,4.84,1.59,4.75,4.99,18,15,7,4,2.1,1.4
2024-05-11,2324,EPL,Tottenham,Burnley,2,1,home,1.39,6.3,7.9,1.35,6.16,7.27,1.32,6.25,8.08,21,7,9,3,1.97,1.57
2024-05-11,2324,EPL,West Ham United,Luton Town,3,1,home,1.86,4.6,4.04,1.82,4.53,3.78,1.86,4.23,3.76,24,4,8,1,2.03,1.97
2024-05-11,2324,EPL,Wolverhampton Wanderers,Crystal Palace,1,3,away,3.0,3.6,2.54,2.9,3.49,2.49,3.2,3.55,2.24,13,13,7,3,1.4,1.87
2024-05-11,2324,EPL,Nottingham Forest,Chelsea,2,3,away,3.6,4.21,2.08,3.44,3.93,2.04,4.11,3.99,1.84,20,12,4,5,1.57,2.03
2024-05-12,2324,EPL,Manchester United,Arsenal,0,1,away,7.5,5.8,1.43,7.2,5.68,1.38,9.06,6.14,1.3,14,11,2,5,1.27,2.47
2024-05-13,2324,EPL,Aston Villa,Liverpool,3,3,draw,4.4,4.75,1.77,4.16,4.7,1.71,3.83,4.53,1.79,19,14,5,7,1.67,2.0
2024-05-14,2324,EPL,Tottenham,Manchester City,0,2,away,7.5,6.5,1.41,7.15,6.3,1.36,6.73,6.02,1.38,10,8,5,5,1.2,2.27
2024-05-15,2324,EPL,Manchester United,Newcastle United,3,2,home,2.85,4.26,2.4,2.75,4.07,2.36,2.7,3.95,2.4,17,21,8,8,1.77,2.17
2024-05-15,2324,EPL,Brighton,Chelsea,1,2,away,3.52,4.21,2.05,3.42,3.97,2.04,3.25,4.08,2.06,12,13,2,6,1.53,2.1
2024-05-19,2324,EPL,Arsenal,Everton,2,1,home,1.19,8.9,17.0,1.17,8.37,15.6,1.22,7.25,12.71,26,5,5,2,2.2,0.73
2024-05-19,2324,EPL,Brentford,Newcastle United,2,4,away,3.04,4.2,2.28,2.97,4.0,2.21,2.94,4.01,2.2,10,12,5,7,1.63,1.97
2024-05-19,2324,EPL,Brighton,Manchester United,0,2,away,2.24,4.37,3.0,2.18,4.09,2.98,2.62,4.02,2.44,17,11,3,4,1.43,1.67
2024-05-19,2324,EPL,Burnley,Nottingham Forest,1,2,away,3.0,3.9,2.37,2.92,3.76,2.32,2.9,3.79,2.32,20,12,3,6,1.47,1.7
2024-05-19,2324,EPL,Chelsea,Bournemouth,2,1,home,1.49,5.75,6.5,1.45,5.4,5.93,1.4,5.56,6.88,16,22,6,5,2.1,1.67
2024-05-19,2324,EPL,Crystal Palace,Aston Villa,5,0,home,1.93,4.5,3.84,1.83,4.37,3.74,1.66,4.49,4.68,15,8,9,2,1.77,1.8
2024-05-19,2324,EPL,Liverpool,Wolverhampton Wanderers,2,0,home,1.18,10.0,17.0,1.16,9.27,13.56,1.13,10.0,17.17,36,4,14,3,2.03,1.3
2024-05-19,2324,EPL,Luton Town,Fulham,2,4,away,3.0,4.35,2.3,2.93,3.92,2.26,3.05,3.93,2.18,15,15,6,7,1.37,2.07
2024-05-19,2324,EPL,Manchester City,West Ham United,3,1,home,1.11,14.0,25.0,1.09,13.11,20.39,1.07,14.3,28.36,28,3,12,2,2.57,1.03
2024-05-19,2324,EPL,Sheffield United,Tottenham,0,3,away,7.9,6.34,1.39,7.16,6.0,1.35,7.72,5.98,1.35,6,18,1,9,1.47,2.37
2024-08-16,2425,EPL,Manchester United,Fulham,1,0,home,1.68,4.5,5.5,1.63,4.38,5.3,1.66,4.2,5.02,14,10,5,2,1.63,1.7
2024-08-17,2425,EPL,West Ham United,Aston Villa,1,2,away,2.49,3.91,2.87,2.49,3.65,2.8,2.47,3.51,2.83,14,15,3,3,1.83,2.17
2024-08-17,2425,EPL,Nottingham Forest,Bournemouth,1,1,draw,2.51,3.7,3.0,2.47,3.42,2.97,2.25,3.44,3.23,14,13,8,4,1.47,1.63
2024-08-17,2425,EPL,Newcastle United,Southampton,1,0,home,1.37,5.9,8.6,1.35,5.7,8.25,1.39,5.27,7.33,3,19,1,4,2.33,1.4
2024-08-17,2425,EPL,Arsenal,Wolverhampton Wanderers,2,0,home,1.2,9.1,18.0,1.16,8.56,16.22,1.15,8.62,18.11,18,9,6,3,2.4,0.67
2024-08-17,2425,EPL,Ipswich Town,Liverpool,0,2,away,9.0,6.1,1.37,8.18,5.84,1.34,7.87,5.81,1.35,7,18,2,5,1.36,1.81
2024-08-17,2425,EPL,Everton,Brighton,0,3,away,2.76,3.66,2.78,2.73,3.36,2.71,3.06,3.4,2.38,9,10,1,5,1.27,1.13
2024-08-18,2425,EPL,Brentford,Crystal Palace,2,1,home,2.52,3.66,2.99,2.5,3.4,2.95,2.85,3.28,2.62,9,14,5,6,1.33,1.9
2024-08-18,2425,EPL,Chelsea,Manchester City,0,2,away,4.3,4.22,1.88,4.19,3.93,1.84,3.64,3.83,1.98,10,11,3,5,1.6,2.13
2024-08-19,2425,EPL,Leicester City,Tottenham,1,1,draw,5.3,4.52,1.67,5.09,4.39,1.63,4.57,4.23,1.71,7,15,3,7,1.37,1.73
2024-08-24,2425,EPL,Brighton,Manchester United,2,1,home,2.54,3.87,2.79,2.51,3.66,2.76,2.41,3.72,2.81,14,11,5,4,1.33,1.57
2024-08-24,2425,EPL,Crystal Palace,West Ham United,0,2,away,2.21,3.76,3.36,2.17,3.68,3.33,1.98,3.78,3.72,14,18,2,3,2.17,1.4
2024-08-24,2425,EPL,Fulham,Leicester City,2,1,home,1.9,3.89,4.7,1.84,3.67,4.56,1.88,3.71,4.21,18,10,6,4,1.63,1.3
2024-08-24,2425,EPL,Manchester City,Ipswich Town,4,1,home,1.1,14.0,34.0,1.08,13.21,25.71,1.09,11.44,27.5,14,1,5,1,2.09,0.87
2024-08-24,2425,EPL,Southampton,Nottingham Forest,0,1,away,2.66,3.42,2.92,2.59,3.28,2.92,2.36,3.48,3.04,5,23,1,8,1.37,1.77
2024-08-24,2425,EPL,Tottenham,Everton,4,0,home,1.49,5.1,7.3,1.45,4.87,7.03,1.37,5.39,7.91,13,10,7,1,1.53,1.33
2024-08-24,2425,EPL,Aston Villa,Arsenal,0,2,away,4.7,4.1,1.84,4.55,3.98,1.77,4.66,4.02,1.74,11,9,3,4,1.17,2.33
2024-08-25,2425,EPL,Wolverhampton Wanderers,Chelsea,2,6,away,4.6,4.17,1.82,4.46,4.03,1.78,3.89,3.89,1.91,12,14,4,8,1.27,2.13
2024-08-25,2425,EPL,Bournemouth,Newcastle United,1,1,draw,3.06,3.95,2.32,3.05,3.73,2.28,2.57,3.65,2.64,16,14,4,5,1.5,1.9
2024-08-25,2425,EPL,Liverpool,Brentford,2,0,home,1.28,7.5,11.5,1.25,7.05,10.11,1.22,7.19,11.82,19,8,8,2,1.87,1.37
2024-08-31,2425,EPL,Brentford,Southampton,3,1,home,1.82,4.12,4.7,1.79,3.9,4.51,1.8,3.86,4.42,20,18,7,6,1.9,1.33
2024-08-31,2425,EPL,Nottingham Forest,Wolverhampton Wanderers,1,1,draw,2.1,3.76,3.79,2.02,3.7,3.71,2.0,3.61,3.73,16,11,5,3,1.73,1.23
2024-08-31,2425,EPL,West Ham United,Manchester City,1,3,away,8.0,5.8,1.41,7.69,5.64,1.37,7.32,5.14,1.4,10,23,2,8,1.2,2.53
2024-08-31,2425,EPL,Leicester City,Aston Villa,1,2,away,4.9,4.2,1.78,4.8,4.09,1.71,4.0,3.76,1.91,9,10,3,5,1.6,1.8
2024-08-31,2425,EPL,Arsenal,Brighton,1,1,draw,1.37,6.0,9.0,1.34,5.87,8.1,1.37,5.37,8.0,11,22,7,4,2.0,0.63
2024-08-31,2425,EPL,Everton,Bournemouth,2,3,away,2.85,3.5,2.64,2.82,3.38,2.62,2.96,3.45,2.43,18,17,8,7,1.17,1.6
2024-08-31,2425,EPL,Ipswich Town,Fulham,1,1,draw,3.2,3.66,2.38,3.14,3.53,2.32,3.03,3.41,2.4,11,9,4,4,1.46,1.44
2024-09-01,2425,EPL,Chelsea,Crystal Palace,1,1,draw,1.68,4.55,5.2,1.63,4.4,5.06,1.65,4.3,4.97,13,9,7,3,1.97,1.87
2024-09-01,2425,EPL,Newcastle United,Tottenham,2,1,home,2.56,4.12,2.63,2.5,3.96,2.62,2.46,3.89,2.64,9,20,3,6,1.93,1.63
2024-09-01,2425,EPL,Manchester United,Liverpool,0,3,away,4.0,4.4,1.9,3.93,4.31,1.82,3.56,4.04,1.95,8,11,3,3,1.37,1.9
2024-09-14,2425,EPL,Southampton,Manchester United,0,3,away,4.83,4.2,1.79,4.5,4.13,1.74,4.19,4.05,1.8,6,20,4,10,1.47,2.0
2024-09-14,2425,EPL,Brighton,Ipswich Town,0,0,draw,1.41,5.4,8.5,1.38,5.13,8.05,1.48,4.7,6.48,21,6,6,1,1.57,1.1
2024-09-14,2425,EPL,Crystal Palace,Leicester City,2,2,draw,1.66,4.3,5.6,1.62,4.13,5.48,1.67,3.98,5.27,20,9,4,4,1.83,1.2
2024-09-14,2425,EPL,Fulham,West Ham United,1,1,draw,2.5,3.6,3.03,2.4,3.53,2.97,2.33,3.39,3.15,21,11,5,3,1.83,1.53
2024-09-14,2425,EPL,Liverpool,Nottingham Forest,0,1,away,1.25,7.7,13.0,1.21,7.23,12.71,1.23,6.75,11.99,14,5,5,3,1.7,1.13
2024-09-14,2425,EPL,Manchester City,Brentford,2,1,home,1.21,9.2,17.0,1.17,8.43,14.62,1.19,7.64,13.85,18,8,7,5,2.23,1.13
2024-09-14,2425,EPL,Aston Villa,Everton,3,2,home,1.55,4.65,6.7,1.51,4.45,6.48,1.68,3.94,5.24,17,6,8,2,1.7,1.47
2024-09-14,2425,EPL,Bournemouth,Chelsea,0,1,away,3.45,4.12,2.09,3.32,3.97,2.06,3.11,3.8,2.19,19,10,7,3,1.63,2.13
2024-09-15,2425,EPL,Wolverhampton Wanderers,Newcastle United,1,2,away,3.48,3.8,2.18,3.41,3.71,2.1,3.59,3.69,2.04,12,14,5,6,1.07,2.3
2024-09-15,2425,EPL,Tottenham,Arsenal,0,1,away,3.13,3.75,2.4,3.03,3.62,2.32,2.77,3.51,2.53,15,7,5,4,1.07,1.97
2024-09-21,2425,EPL,West Ham United,Chelsea,0,3,away,3.71,4.0,2.05,3.59,3.93,1.99,3.53,3.91,2.0,15,12,7,5,1.5,2.37
2024-09-21,2425,EPL,Aston Villa,Wolverhampton Wanderers,3,1,home,1.62,4.6,5.6,1.59,4.47,5.44,1.62,4.27,5.28,9,10,4,4,1.9,1.47
2024-09-21,2425,EPL,Fulham,Newcastle United,3,1,home,3.0,3.61,2.52,2.89,3.54,2.47,2.89,3.51,2.45,22,15,11,4,1.33,1.9
2024-09-21,2425,EPL,Leicester City,Everton,1,1,draw,2.58,3.6,2.92,2.54,3.43,2.88,2.11,3.5,3.57,12,16,2,5,1.5,1.43
2024-09-21,2425,EPL,Liverpool,Bournemouth,3,0,home,1.31,6.7,10.0,1.28,6.36,9.45,1.26,6.7,10.38,19,19,13,6,1.73,1.3
2024-09-21,2425,EPL,Southampton,Ipswich Town,1,1,draw,2.3,3.7,3.27,2.27,3.5,3.24,2.44,3.44,2.95,11,13,3,6,1.44,1.52
2024-09-21,2425,EPL,Tottenham,Brentford,3,1,home,1.58,5.0,5.6,1.55,4.77,5.48,1.47,4.99,6.19,23,6,10,6,1.4,1.63
2024-09-21,2425,EPL,Crystal Palace,Manchester United,0,0,draw,2.96,3.88,2.42,2.92,3.76,2.35,2.85,3.58,2.44,9,15,4,6,1.77,1.43
2024-09-22,2425,EPL,Brighton,Nottingham Forest,2,2,draw,2.44,3.99,4.75,1.79,3.91,4.51,1.84,3.75,4.33,14,4,3,3,1.07,1.3
2024-09-22,2425,EPL,Manchester City,Arsenal,2,2,draw,1.87,3.75,4.75,1.85,3.66,4.54,1.78,3.58,4.98,33,5,11,3,1.73,1.3
2024-09-28,2425,EPL,Wolverhampton Wanderers,Liverpool,1,2,away,8.5,5.9,1.38,8.09,5.63,1.36,8.71,5.91,1.32,8,10,3,6,0.97,2.2
2024-09-28,2425,EPL,Everton,Crystal Palace,2,1,home,2.8,3.59,2.71,2.76,3.35,2.69,2.75,3.34,2.65,8,17,2,5,1.1,1.8
2024-09-28,2425,EPL,Chelsea,Brighton,4,2,home,1.77,4.35,4.5,1.75,4.3,4.32,1.77,4.18,4.26,15,15,7,5,2.03,1.13
2024-09-28,2425,EPL,Nottingham Forest,Fulham,0,1,away,2.51,3.52,3.23,2.49,3.32,3.03,2.54,3.17,3.03,11,14,1,2,1.43,1.43
2024-09-28,2425,EPL,Arsenal,Leicester City,4,2,home,1.21,8.8,18.0,1.18,8.27,14.09,1.2,7.13,15.65,36,5,16,3,1.87,0.87
2024-09-28,2425,EPL,Newcastle United,Manchester City,1,1,draw,5.3,4.7,1.63,5.18,4.54,1.6,4.95,4.2,1.67,11,16,4,6,1.47,2.2
2024-09-28,2425,EPL,Brentford,West Ham United,1,1,draw,2.27,3.82,3.26,2.23,3.63,3.22,2.23,3.57,3.2,8,19,3,3,1.9,1.4
2024-09-29,2425,EPL,Ipswich Town,Aston Villa,2,2,draw,4.4,4.0,1.91,4.34,3.77,1.85,3.65,3.58,2.06,15,7,5,3,1.2,1.7
2024-09-29,2425,EPL,Manchester United,Tottenham,0,3,away,2.42,4.13,2.8,2.42,3.9,2.75,2.11,3.86,3.24,11,24,2,10,1.57,1.6
2024-09-30,2425,EPL,Bournemouth,Southampton,3,1,home,1.68,4.53,5.25,1.65,4.37,5.01,1.52,4.52,6.1,14,9,6,3,1.8,1.27
2024-10-05,2425,EPL,Everton,Newcastle United,0,0,draw,3.25,3.77,2.29,3.18,3.59,2.27,3.67,3.74,1.98,8,14,2,3,1.17,1.83
2024-10-05,2425,EPL,West Ham United,Ipswich Town,4,1,home,1.86,4.1,4.45,1.81,4.02,4.29,1.91,3.79,3.98,23,9,13,2,1.5,1.55
2024-10-05,2425,EPL,Manchester City,Fulham,3,2,home,1.27,7.6,12.0,1.23,7.15,10.66,1.26,6.4,10.93,20,11,7,4,2.3,1.07
2024-10-05,2425,EPL,Leicester City,Bournemouth,1,0,home,3.4,3.81,2.22,3.35,3.63,2.17,3.5,3.79,2.04,6,17,2,2,1.4,1.6
2024-10-05,2425,EPL,Brentford,Wolverhampton Wanderers,5,3,home,2.14,3.75,3.7,2.14,3.62,3.44,2.05,3.6,3.57,19,17,12,6,1.93,1.17
2024-10-05,2425,EPL,Arsenal,Southampton,3,1,home,1.16,10.0,21.0,1.13,9.46,19.13,1.18,7.99,15.31,29,8,6,2,2.37,0.87
2024-10-05,2425,EPL,Crystal Palace,Liverpool,0,1,away,6.67,4.9,1.52,6.38,4.71,1.5,5.03,4.1,1.67,9,16,5,4,1.47,1.63
2024-10-06,2425,EPL,Aston Villa,Manchester United,0,0,draw,2.25,3.99,3.2,2.22,3.87,3.09,2.2,3.86,3.06,11,10,1,4,1.8,1.67
2024-10-06,2425,EPL,Chelsea,Nottingham Forest,1,1,draw,1.52,4.95,7.0,1.5,4.81,6.2,1.5,4.6,6.34,22,16,8,9,2.0,1.33
2024-10-06,2425,EPL,Brighton,Tottenham,3,2,home,2.99,4.18,2.28,2.95,3.99,2.25,2.89,3.93,2.27,11,13,4,3,1.23,1.63
2024-10-19,2425,EPL,Bournemouth,Arsenal,2,0,home,5.1,4.23,1.71,5.01,4.13,1.68,4.85,3.73,1.77,13,6,4,1,0.97,1.93
2024-10-19,2425,EPL,Southampton,Leicester City,2,3,away,2.38,3.63,3.14,2.34,3.53,3.09,2.2,3.54,3.32,14,18,7,4,1.47,1.9
2024-10-19,2425,EPL,Newcastle United,Brighton,0,1,away,2.05,4.08,3.66,2.01,3.91,3.55,1.73,4.08,4.6,21,10,6,5,1.83,1.13
2024-10-19,2425,EPL,Tottenham,West Ham United,4,1,home,1.54,5.1,6.0,1.5,5.01,5.88,1.45,5.23,6.17,22,11,7,4,1.9,1.53
2024-10-19,2425,EPL,Ipswich Town,Everton,0,2,away,2.42,3.5,3.11,2.4,3.43,3.07,2.38,3.43,3.05,13,11,2,8,1.23,1.53
2024-10-19,2425,EPL,Fulham,Aston Villa,1,3,away,2.5,3.71,2.98,2.46,3.5,2.94,2.48,3.44,2.89,10,14,4,5,1.57,1.6
2024-10-19,2425,EPL,Manchester United,Brentford,2,1,home,1.75,4.5,4.75,1.72,4.37,4.43,1.69,4.27,4.72,23,8,11,2,1.4,1.63
2024-10-20,2425,EPL,Wolverhampton Wanderers,Manchester City,1,2,away,9.8,6.0,1.34,9.01,5.92,1.32,8.3,5.48,1.35,3,22,2,7,0.97,2.83
2024-10-20,2425,EPL,Liverpool,Chelsea,2,1,home,1.67,4.69,5.1,1.62,4.47,5.08,1.67,4.45,4.63,9,12,5,2,1.6,1.77
2024-10-21,2425,EPL,Nottingham Forest,Crystal Palace,1,0,home,2.41,3.5,3.21,2.41,3.28,3.19,2.36,3.26,3.23,20,20,6,7,1.27,1.63
2024-10-25,2425,EPL,Leicester City,Nottingham Forest,1,3,away,3.2,3.45,2.45,3.14,3.35,2.43,2.96,3.35,2.45,11,20,1,5,1.4,1.5
2024-10-26,2425,EPL,Everton,Fulham,1,1,draw,2.83,3.45,2.66,2.8,3.38,2.63,2.76,3.38,2.63,10,14,5,3,1.3,1.43
2024-10-26,2425,EPL,Aston Villa,Bournemouth,1,1,draw,1.9,4.1,4.1,1.86,4.0,4.03,1.81,3.93,4.32,18,11,8,3,1.67,1.47
2024-10-26,2425,EPL,Brentford,Ipswich Town,4,3,home,1.71,4.4,5.1,1.65,4.35,4.94,1.66,4.16,5.07,20,11,9,5,1.93,1.21
2024-10-26,2425,EPL,Brighton,Wolverhampton Wanderers,2,2,draw,1.68,4.5,5.1,1.66,4.34,4.9,1.57,4.37,5.67,19,14,6,7,1.9,1.3
2024-10-26,2425,EPL,Manchester City,Southampton,1,0,home,1.13,13.0,26.0,1.1,11.9,20.73,1.12,10.03,20.56,22,5,8,2,2.73,1.0
2024-10-27,2425,EPL,Crystal Palace,Tottenham,1,0,home,4.1,4.13,1.88,4.05,3.98,1.86,3.73,3.97,1.93,14,11,6,3,1.7,1.4
2024-10-27,2425,EPL,West Ham United,Manchester United,2,1,home,2.98,3.98,2.38,2.94,3.73,2.35,3.3,3.69,2.15,12,18,3,5,1.4,1.77
2024-10-27,2425,EPL,Chelsea,Newcastle United,2,1,home,1.82,4.43,4.3,1.75,4.35,4.28,1.79,4.11,4.16,17,11,7,3,1.7,1.63
2024-10-27,2425,EPL,Arsenal,Liverpool,2,2,draw,2.54,3.59,2.96,2.54,3.4,2.9,2.26,3.38,3.32,9,9,3,4,1.5,1.4
2024-11-02,2425,EPL,Southampton,Everton,1,0,home,2.7,3.63,2.75,2.7,3.45,2.69,2.7,3.32,2.71,9,16,2,5,1.13,1.8
2024-11-02,2425,EPL,Wolverhampton Wanderers,Crystal Palace,2,2,draw,2.61,3.59,2.92,2.55,3.34,2.92,2.43,3.34,3.03,11,19,6,7,1.03,2.17
2024-11-02,2425,EPL,Nottingham Forest,West Ham United,3,0,home,2.2,3.69,3.58,2.15,3.51,3.53,2.05,3.48,3.78,19,4,6,2,1.8,1.3
2024-11-02,2425,EPL,Ipswich Town,Leicester City,1,1,draw,2.3,3.77,3.18,2.28,3.63,3.13,2.36,3.59,2.97,14,20,2,6,1.47,1.81
2024-11-02,2425,EPL,Liverpool,Brighton,2,1,home,1.43,5.8,7.5,1.39,5.54,7.11,1.38,5.57,7.49,16,13,8,5,1.83,1.13
2024-11-02,2425,EPL,Bournemouth,Manchester City,2,1,home,5.5,4.6,1.62,5.29,4.48,1.6,5.83,4.45,1.55,12,18,6,4,0.97,2.03
2024-11-02,2425,EPL,Newcastle United,Arsenal,1,0,home,3.88,3.8,2.03,3.85,3.69,1.99,3.99,3.61,1.95,9,10,4,1,1.27,1.77
2024-11-03,2425,EPL,Tottenham,Aston Villa,4,1,home,1.98,4.28,3.71,1.97,4.07,3.55,1.94,4.02,3.61,16,12,6,1,1.67,1.6
2024-11-03,2425,EPL,Manchester United,Chelsea,1,1,draw,2.63,4.06,2.61,2.61,3.81,2.58,2.65,3.6,2.58,11,12,4,3,1.17,1.87
2024-11-04,2425,EPL,Fulham,Brentford,2,1,home,2.08,3.9,3.61,2.04,3.73,3.61,2.02,3.74,3.62,26,5,12,2,1.5,1.7
2024-11-09,2425,EPL,Liverpool,Aston Villa,2,0,home,1.45,5.5,7.4,1.42,5.45,6.7,1.48,4.74,6.41,14,12,5,2,1.9,1.33
2024-11-09,2425,EPL,Brighton,Manchester City,2,1,home,4.6,4.33,1.8,4.49,4.18,1.74,4.11,4.13,1.8,10,15,4,6,1.1,1.97
2024-11-09,2425,EPL,Wolverhampton Wanderers,Southampton,2,0,home,2.01,4.13,3.8,1.99,3.84,3.7,1.92,3.79,3.93,8,9,4,3,1.77,1.83
2024-11-09,2425,EPL,Crystal Palace,Fulham,0,2,away,2.82,3.73,2.7,2.79,3.44,2.6,3.35,3.34,2.26,13,17,5,7,1.53,1.17
2024-11-09,2425,EPL,Brentford,Bournemouth,3,2,home,2.61,3.7,2.8,2.59,3.56,2.73,2.6,3.58,2.66,12,15,6,3,1.57,1.53
2024-11-09,2425,EPL,West Ham United,Everton,0,0,draw,2.23,3.71,3.5,2.2,3.55,3.37,2.16,3.44,3.49,11,18,6,4,1.37,1.7
2024-11-10,2425,EPL,Manchester United,Leicester City,3,0,home,1.43,5.6,8.0,1.39,5.34,7.62,1.33,5.66,8.87,13,6,3,5,1.47,1.37
2024-11-10,2425,EPL,Nottingham Forest,Newcastle United,1,3,away,2.75,3.57,2.82,2.71,3.29,2.78,2.76,3.3,2.67,9,17,3,6,1.3,1.4
2024-11-10,2425,EPL,Tottenham,Ipswich Town,1,2,away,1.27,7.3,11.0,1.25,6.95,9.87,1.25,6.71,10.56,17,8,5,3,2.02,1.17
2024-11-10,2425,EPL,Chelsea,Arsenal,1,1,draw,2.8,3.72,2.59,2.75,3.53,2.59,3.01,3.41,2.41,17,13,3,3,1.6,1.57
2024-11-23,2425,EPL,Fulham,Wolverhampton Wanderers,1,4,away,1.71,4.28,6.14,1.64,4.11,5.43,1.55,4.44,5.85,10,10,3,5,1.97,1.33
2024-11-23,2425,EPL,Manchester City,Tottenham,0,4,away,1.52,5.29,6.36,1.48,4.98,6.13,1.41,5.35,6.94,23,9,5,7,1.87,1.5
2024-11-23,2425,EPL,Everton,Brentford,0,0,draw,2.52,3.62,3.11,2.5,3.38,2.97,2.36,3.38,3.13,27,9,5,2,1.4,1.53
2024-11-23,2425,EPL,Leicester City,Chelsea,1,2,away,7.44,5.03,1.5,7.05,4.78,1.46,6.91,4.84,1.45,4,16,1,7,1.2,2.1
2024-11-23,2425,EPL,Aston Villa,Crystal Palace,2,2,draw,1.68,4.28,5.7,1.63,4.06,5.59,1.73,3.83,4.95,17,13,5,6,1.3,1.63
2024-11-23,2425,EPL,Arsenal,Nottingham Forest,3,0,home,1.43,5.2,9.69,1.38,5.03,8.73,1.41,4.75,8.43,19,7,7,3,1.47,1.23
2024-11-23,2425,EPL,Bournemouth,Brighton,1,2,away,2.45,3.75,2.99,2.42,3.62,2.91,2.46,3.56,2.84,19,6,5,4,1.33,1.47
2024-11-24,2425,EPL,Southampton,Liverpool,2,3,away,11.0,6.4,1.32,10.83,5.79,1.28,9.12,5.7,1.32,7,27,5,11,0.93,2.2
2024-11-24,2425,EPL,Ipswich Town,Manchester United,1,1,draw,5.3,4.48,1.68,5.24,4.25,1.64,5.06,4.09,1.67,11,11,6,4,1.18,1.57
2024-11-25,2425,EPL,Newcastle United,West Ham United,0,2,away,1.54,4.79,6.6,1.5,4.58,6.49,1.47,4.8,6.5,18,15,2,6,1.8,1.23
2024-11-29,2425,EPL,Brighton,Southampton,1,1,draw,1.43,5.5,8.0,1.39,5.33,7.66,1.39,5.45,7.29,22,10,5,2,1.87,1.17
2024-11-30,2425,EPL,Brentford,Leicester City,4,1,home,1.68,4.4,5.1,1.65,4.33,4.98,1.61,4.33,5.27,13,7,6,3,1.77,1.47
2024-11-30,2425,EPL,Crystal Palace,Newcastle United,1,1,draw,3.21,4.1,2.36,3.16,3.52,2.31,3.25,3.48,2.24,16,1,4,3,1.37,1.27
2024-11-30,2425,EPL,Nottingham Forest,Ipswich Town,1,0,home,1.81,4.0,5.06,1.78,3.75,4.85,1.72,3.95,4.86,12,7,5,3,1.69,1.14
2024-11-30,2425,EPL,Wolverhampton Wanderers,Bournemouth,2,4,away,2.93,3.81,2.5,2.86,3.6,2.46,2.71,3.47,2.62,10,12,3,8,1.53,1.87
2024-11-30,2425,EPL,West Ham United,Arsenal,2,5,away,7.5,4.9,1.49,7.07,4.76,1.46,7.37,4.78,1.44,12,16,5,7,1.07,1.83
2024-12-01,2425,EPL,Liverpool,Manchester City,2,0,home,2.14,3.8,3.55,2.08,3.76,3.48,2.04,3.76,3.5,18,8,7,2,1.7,1.47
2024-12-01,2425,EPL,Tottenham,Fulham,1,1,draw,1.77,4.5,4.4,1.75,4.35,4.28,1.95,4.07,3.56,8,14,3,6,1.83,1.23
2024-12-01,2425,EPL,Manchester United,Everton,4,0,home,1.56,4.5,6.5,1.55,4.36,6.17,1.62,4.05,5.68,11,8,5,2,1.27,0.97
2024-12-01,2425,EPL,Chelsea,Aston Villa,3,0,home,1.75,4.35,4.7,1.7,4.3,4.6,1.72,4.08,4.66,17,10,8,4,1.93,1.33
2024-12-03,2425,EPL,Ipswich Town,Crystal Palace,0,1,away,3.2,3.54,2.44,3.15,3.41,2.39,3.27,3.36,2.29,9,13,2,3,1.13,1.56
2024-12-03,2425,EPL,Leicester City,West Ham United,3,1,home,2.95,3.67,2.57,2.95,3.43,2.52,2.99,3.47,2.38,8,31,6,10,1.53,1.63
2024-12-04,2425,EPL,Arsenal,Manchester United,2,0,home,1.49,5.0,7.2,1.45,4.87,7.03,1.45,4.84,6.86,14,5,6,2,1.47,1.23
2024-12-04,2425,EPL,Southampton,Chelsea,1,5,away,9.0,6.0,1.37,8.92,5.79,1.33,8.74,5.8,1.32,6,26,4,13,1.03,2.07
2024-12-04,2425,EPL,Aston Villa,Brentford,3,1,home,1.84,4.21,4.53,1.8,3.91,4.44,1.69,4.11,4.89,20,9,10,1,1.67,2.0
2024-12-04,2425,EPL,Manchester City,Nottingham Forest,3,0,home,1.41,5.5,9.0,1.36,5.41,8.26,1.32,5.64,9.34,17,12,7,3,1.47,1.33
2024-12-04,2425,EPL,Everton,Wolverhampton Wanderers,4,0,home,2.18,3.59,3.62,2.16,3.4,3.62,2.11,3.35,3.74,13,6,4,2,1.63,1.53
2024-12-04,2425,EPL,Newcastle United,Liverpool,3,3,draw,4.5,4.22,1.81,4.29,4.04,1.8,3.63,3.76,1.99,17,16,6,5,1.03,1.67
2024-12-05,2425,EPL,Fulham,Brighton,3,1,home,2.4,3.82,3.04,2.37,3.69,2.94,2.6,3.58,2.66,6,13,2,3,1.43,1.57
2024-12-05,2425,EPL,Bournemouth,Tottenham,1,0,home,2.75,4.12,2.5,2.67,3.92,2.47,2.18,3.91,3.05,21,12,8,4,1.27,1.8
2024-12-07,2425,EPL,Aston Villa,Southampton,1,0,home,1.39,5.6,8.1,1.37,5.48,7.77,1.32,5.67,9.15,18,4,5,3,1.87,1.43
2024-12-07,2425,EPL,Brentford,Newcastle United,4,2,home,2.94,3.85,2.41,2.88,3.75,2.38,2.95,3.68,2.33,11,16,8,3,1.6,1.7
2024-12-07,2425,EPL,Crystal Palace,Manchester City,2,2,draw,5.5,4.5,1.63,5.38,4.39,1.6,4.67,4.0,1.74,12,12,3,4,1.23,1.53
2024-12-07,2425,EPL,Manchester United,Nottingham Forest,2,3,away,1.7,4.2,5.4,1.68,4.05,5.18,1.68,3.93,5.09,17,11,7,3,1.2,1.1
2024-12-08,2425,EPL,Tottenham,Chelsea,3,4,away,3.4,4.2,2.17,3.23,4.13,2.07,2.9,3.98,2.24,13,17,5,8,1.57,1.6
2024-12-08,2425,EPL,Leicester City,Brighton,2,2,draw,4.69,4.2,1.8,4.69,4.07,1.73,4.92,4.22,1.67,10,16,3,7,1.43,1.73
2024-12-08,2425,EPL,Fulham,Arsenal,1,1,draw,6.0,4.35,1.65,5.33,4.22,1.63,5.34,4.24,1.62,2,12,2,4,1.33,1.7
2024-12-08,2425,EPL,Ipswich Town,Bournemouth,1,2,away,3.71,3.8,2.06,3.68,3.76,2.01,3.81,3.83,1.93,18,22,5,6,1.16,1.63
2024-12-09,2425,EPL,West Ham United,Wolverhampton Wanderers,2,1,home,1.96,3.95,4.0,1.95,3.88,3.76,1.82,3.88,4.24,19,19,4,5,1.9,1.73
2024-12-14,2425,EPL,Arsenal,Everton,0,0,draw,1.26,6.63,15.0,1.23,6.63,12.95,1.23,6.39,12.72,13,2,5,3,1.73,1.0
2024-12-14,2425,EPL,Liverpool,Fulham,2,2,draw,1.34,6.04,10.0,1.32,6.04,8.88,1.29,6.13,9.58,16,12,4,3,1.7,1.1
2024-12-14,2425,EPL,Newcastle United,Leicester City,4,0,home,1.34,6.06,10.0,1.3,6.02,8.95,1.29,6.18,9.42,27,4,11,1,1.63,1.4
2024-12-14,2425,EPL,Wolverhampton Wanderers,Ipswich Town,1,2,away,1.93,3.96,4.0,1.91,3.91,3.93,1.98,3.64,3.77,16,10,6,5,1.67,1.73
2024-12-14,2425,EPL,Nottingham Forest,Aston Villa,2,1,home,2.68,3.59,2.78,2.67,3.38,2.76,2.71,3.19,2.76,17,8,6,2,1.4,1.37
2024-12-15,2425,EPL,Brighton,Crystal Palace,1,3,away,1.93,3.94,4.05,1.9,3.89,3.97,1.9,3.69,4.05,17,13,5,5,1.5,1.2
2024-12-15,2425,EPL,Manchester City,Manchester United,1,2,away,1.61,4.8,5.25,1.6,4.65,5.07,1.54,4.79,5.5,10,10,3,3,1.5,1.33
2024-12-15,2425,EPL,Chelsea,Brentford,2,1,home,1.36,6.2,9.0,1.33,6.05,8.44,1.35,5.84,7.68,26,9,8,4,2.1,1.63
2024-12-15,2425,EPL,Southampton,Tottenham,0,5,away,4.47,4.68,1.73,4.47,4.51,1.69,3.98,4.42,1.77,9,18,3,9,1.0,2.07
2024-12-16,2425,EPL,Bournemouth,West Ham United,1,1,draw,1.75,4.4,4.75,1.72,4.27,4.49,1.74,4.18,4.41,29,16,9,3,1.7,1.33
2024-12-21,2425,EPL,Crystal Palace,Arsenal,1,5,away,6.8,4.33,1.61,6.75,4.17,1.54,7.14,4.42,1.48,15,14,6,6,1.03,1.53
2024-12-21,2425,EPL,Ipswich Town,Newcastle United,0,4,away,4.75,4.06,1.77,4.69,4.02,1.74,4.69,4.04,1.72,10,15,2,7,1.23,1.6
2024-12-21,2425,EPL,West Ham United,Brighton,1,1,draw,2.88,3.87,2.43,2.8,3.83,2.41,2.77,3.63,2.46,11,12,4,6,1.5,1.67
2024-12-21,2425,EPL,Brentford,Nottingham Forest,0,2,away,2.4,3.67,3.1,2.39,3.47,3.07,2.49,3.58,2.75,7,10,3,6,1.6,1.63
2024-12-21,2425,EPL,Aston Villa,Manchester City,2,1,home,3.42,3.8,2.18,3.3,3.79,2.14,3.2,3.63,2.19,11,12,6,6,1.5,1.67
2024-12-22,2425,EPL,Everton,Chelsea,0,0,draw,5.52,4.33,1.67,5.48,4.09,1.64,4.84,4.12,1.68,5,12,4,5,1.03,1.93
2024-12-22,2425,EPL,Fulham,Southampton,0,0,draw,1.45,5.1,7.6,1.42,5.06,7.35,1.62,4.18,5.45,16,5,5,1,1.97,1.07
2024-12-22,2425,EPL,Leicester City,Wolverhampton Wanderers,0,3,away,2.63,3.71,2.75,2.63,3.58,2.68,2.92,3.43,2.44,9,8,5,4,1.93,1.9
2024-12-22,2425,EPL,Manchester United,Bournemouth,0,3,away,1.89,4.06,4.25,1.86,3.87,4.16,1.86,3.75,4.2,23,10,7,5,1.33,1.4
2024-12-22,2425,EPL,Tottenham,Liverpool,3,6,away,4.5,4.64,1.76,4.47,4.37,1.71,4.69,4.57,1.64,9,24,5,12,1.6,1.63
2024-12-26,2425,EPL,Liverpool,Leicester City,3,1,home,1.1,13.84,34.0,1.08,13.84,24.96,1.08,12.79,27.21,19,4,7,1,2.3,1.17
2024-12-26,2425,EPL,Wolverhampton Wanderers,Manchester United,2,0,home,3.99,3.8,2.0,3.95,3.74,1.94,4.35,3.81,1.82,7,11,4,4,1.5,1.7
2024-12-26,2425,EPL,Southampton,West Ham United,0,1,away,3.37,3.7,2.22,3.28,3.62,2.21,3.08,3.52,2.29,18,16,5,2,1.3,1.77
2024-12-26,2425,EPL,Nottingham Forest,Tottenham,1,0,home,2.42,3.85,2.9,2.37,3.81,2.87,2.16,3.91,3.07,10,13,3,4,1.5,1.73
2024-12-26,2425,EPL,Chelsea,Fulham,1,2,away,1.52,5.1,6.75,1.47,4.98,6.32,1.46,4.92,6.28,12,14,8,7,1.7,1.23
2024-12-26,2425,EPL,Bournemouth,Crystal Palace,0,0,draw,1.95,3.92,4.2,1.92,3.85,3.94,2.08,3.64,3.47,18,10,4,4,1.57,1.2
2024-12-26,2425,EPL,Manchester City,Everton,1,1,draw,1.37,5.73,9.4,1.34,5.73,8.52,1.34,5.41,8.72,24,8,5,3,1.37,1.27
2024-12-26,2425,EPL,Newcastle United,Aston Villa,3,0,home,1.97,4.02,3.8,1.94,4.02,3.69,1.94,3.79,3.8,22,4,8,1,1.6,1.47
2024-12-27,2425,EPL,Brighton,Brentford,0,0,draw,1.66,4.64,5.1,1.64,4.54,4.96,1.62,4.5,4.89,24,8,7,3,1.7,1.83
2024-12-27,2425,EPL,Arsenal,Ipswich Town,1,0,home,1.18,9.0,20.05,1.15,8.67,20.05,1.14,8.78,18.59,13,3,5,3,1.87,1.03
2024-12-29,2425,EPL,Tottenham,Wolverhampton Wanderers,2,2,draw,1.66,5.0,4.75,1.63,4.91,4.57,1.66,4.53,4.58,13,11,3,3,2.13,1.63
2024-12-29,2425,EPL,West Ham United,Liverpool,0,5,away,7.5,5.5,1.43,7.32,5.34,1.4,7.44,5.35,1.38,7,22,4,13,1.2,2.03
2024-12-29,2425,EPL,Fulham,Bournemouth,2,2,draw,2.4,3.77,3.0,2.37,3.59,3.0,2.3,3.43,3.18,11,16,6,9,1.33,1.4
2024-12-29,2425,EPL,Leicester City,Manchester City,0,2,away,8.8,5.9,1.37,8.42,5.9,1.33,9.62,6.36,1.27,11,14,4,5,1.43,1.87
2024-12-29,2425,EPL,Crystal Palace,Southampton,2,1,home,1.66,4.25,5.8,1.64,4.13,5.4,1.53,4.34,6.2,19,7,10,3,1.6,1.03
2024-12-29,2425,EPL,Everton,Nottingham Forest,0,2,away,2.71,3.24,2.9,2.69,3.18,2.88,2.69,3.08,2.89,13,11,2,7,1.07,1.2
2024-12-30,2425,EPL,Aston Villa,Brighton,2,2,draw,1.99,4.02,3.8,1.99,3.91,3.62,1.89,3.73,4.06,20,13,4,4,1.53,1.53
2024-12-30,2425,EPL,Ipswich Town,Chelsea,2,0,home,7.83,5.4,1.46,7.1,5.2,1.42,7.45,5.18,1.39,9,20,6,5,1.0,1.9
2024-12-30,2425,EPL,Manchester United,Newcastle United,0,2,away,2.8,3.81,2.55,2.72,3.68,2.54,2.74,3.53,2.52,10,12,4,4,1.27,1.5
2025-01-01,2425,EPL,Brentford,Arsenal,1,3,away,7.2,5.0,1.49,6.98,4.93,1.44,5.87,4.46,1.54,5,14,2,5,1.4,1.93
2025-01-04,2425,EPL,Tottenham,Newcastle United,1,2,away,3.0,4.06,2.31,2.97,4.06,2.22,3.81,4.5,1.79,13,14,4,4,1.77,1.67
2025-01-04,2425,EPL,Aston Villa,Leicester City,2,1,home,1.35,5.86,10.5,1.32,5.64,9.41,1.33,5.63,8.49,13,4,5,2,1.87,1.4
2025-01-04,2425,EPL,Bournemouth,Everton,1,0,home,1.8,3.99,5.0,1.75,3.91,4.82,1.69,3.86,5.1,19,9,8,3,1.27,1.03
2025-01-04,2425,EPL,Crystal Palace,Chelsea,1,1,draw,3.8,4.02,1.98,3.69,3.97,1.95,3.58,3.84,1.98,13,15,6,1,1.13,1.67
2025-01-04,2425,EPL,Manchester City,West Ham United,4,1,home,1.34,6.5,9.0,1.32,6.41,8.2,1.24,6.97,10.25,10,17,7,4,1.67,1.37
2025-01-04,2425,EPL,Southampton,Brentford,0,5,away,3.0,3.81,2.55,2.95,3.59,2.41,3.33,3.58,2.15,8,20,1,11,1.33,1.93
2025-01-04,2425,EPL,Brighton,Arsenal,1,1,draw,4.7,4.01,1.84,4.62,3.7,1.82,4.74,3.59,1.81,11,9,4,3,1.3,1.93
2025-01-05,2425,EPL,Liverpool,Manchester United,2,2,draw,1.3,6.5,11.0,1.29,6.14,9.37,1.36,5.42,7.9,19,13,6,4,1.97,1.1
2025-01-05,2425,EPL,Fulham,Ipswich Town,2,2,draw,1.6,4.46,6.25,1.56,4.46,5.71,1.56,4.16,6.02,15,7,4,3,1.67,1.23
2025-01-06,2425,EPL,Wolverhampton Wanderers,Nottingham Forest,0,3,away,3.44,3.35,2.42,3.44,3.22,2.31,3.86,3.46,2.01,13,11,6,3,1.47,1.77
2025-01-14,2425,EPL,Brentford,Manchester City,2,2,draw,5.09,4.74,1.67,4.9,4.56,1.65,5.16,4.47,1.6,18,21,6,8,1.77,1.63
2025-01-14,2425,EPL,Chelsea,Bournemouth,2,2,draw,1.61,4.99,6.4,1.5,4.96,6.17,1.52,4.75,5.54,26,7,10,3,1.43,1.47
2025-01-14,2425,EPL,West Ham United,Fulham,3,2,home,3.05,3.54,2.49,3.03,3.54,2.41,3.07,3.3,2.42,4,21,3,5,1.37,1.77
2025-01-14,2425,EPL,Nottingham Forest,Liverpool,1,1,draw,5.4,4.38,1.67,5.28,4.24,1.65,5.37,4.2,1.61,6,23,3,7,1.37,1.83
2025-01-15,2425,EPL,Everton,Aston Villa,0,1,away,3.3,3.35,2.39,3.26,3.31,2.36,3.48,3.11,2.29,10,11,3,3,1.2,1.07
2025-01-15,2425,EPL,Leicester City,Crystal Palace,0,2,away,4.01,3.94,1.96,4.01,3.76,1.93,3.93,3.61,1.95,21,9,4,4,1.27,1.77
2025-01-15,2425,EPL,Newcastle United,Wolverhampton Wanderers,3,0,home,1.38,5.9,9.0,1.36,5.73,7.91,1.37,5.26,7.88,17,13,5,7,1.93,1.4
2025-01-15,2425,EPL,Arsenal,Tottenham,2,1,home,1.43,5.6,7.23,1.4,5.54,6.88,1.38,5.31,7.55,14,10,4,2,1.87,1.6
2025-01-16,2425,EPL,Ipswich Town,Brighton,0,2,away,3.9,3.92,1.98,3.84,3.78,1.96,3.81,3.66,1.97,5,11,3,5,1.4,1.63
2025-01-16,2425,EPL,Manchester United,Southampton,3,1,home,1.33,6.0,10.5,1.31,5.97,9.23,1.28,5.94,10.77,23,13,9,5,1.77,1.1
2025-01-18,2425,EPL,West Ham United,Crystal Palace,0,2,away,2.71,3.53,2.75,2.65,3.49,2.7,2.78,3.26,2.64,7,12,4,7,1.33,1.63
2025-01-18,2425,EPL,Leicester City,Fulham,0,2,away,4.4,4.05,1.9,4.38,3.91,1.81,4.5,3.74,1.8,8,17,4,2,1.33,1.93
2025-01-18,2425,EPL,Arsenal,Aston Villa,2,2,draw,1.55,4.5,7.0,1.53,4.4,6.38,1.57,4.14,6.06,18,8,6,4,1.73,1.1
2025-01-18,2425,EPL,Newcastle United,Bournemouth,1,4,away,1.67,4.49,5.2,1.65,4.33,4.99,1.64,4.23,5.05,13,19,5,10,1.5,1.3
2025-01-18,2425,EPL,Brentford,Liverpool,0,2,away,7.0,5.35,1.49,6.49,5.33,1.43,6.04,4.97,1.48,11,37,6,8,1.7,2.17
2025-01-19,2425,EPL,Everton,Tottenham,3,2,home,3.0,3.77,2.5,2.97,3.45,2.46,2.57,3.39,2.79,12,11,6,6,1.23,1.43
2025-01-19,2425,EPL,Manchester United,Brighton,1,3,away,2.13,3.85,3.5,2.11,3.77,3.39,2.31,3.4,3.18,10,6,1,3,1.4,1.43
2025-01-19,2425,EPL,Nottingham Forest,Southampton,3,2,home,1.42,5.1,8.5,1.4,4.92,8.27,1.4,4.88,8.13,14,10,5,4,1.97,0.83
2025-01-19,2425,EPL,Ipswich Town,Manchester City,0,6,away,9.0,5.6,1.41,7.76,5.51,1.37,7.72,5.21,1.39,8,17,4,9,1.27,1.7
2025-01-20,2425,EPL,Chelsea,Wolverhampton Wanderers,3,1,home,1.41,5.8,8.5,1.38,5.69,7.16,1.43,5.16,6.64,19,9,7,4,1.93,1.47
2025-01-25,2425,EPL,Manchester City,Chelsea,3,1,home,2.08,4.22,3.4,2.03,4.09,3.36,2.34,3.8,2.84,15,10,6,4,1.53,1.63
2025-01-25,2425,EPL,Wolverhampton Wanderers,Arsenal,0,1,away,7.5,4.8,1.5,6.86,4.74,1.47,5.87,4.07,1.6,9,9,4,3,1.27,1.93
2025-01-25,2425,EPL,Southampton,Newcastle United,1,3,away,7.5,5.3,1.47,7.05,5.17,1.42,6.48,4.91,1.46,12,17,5,9,1.0,2.17
2025-01-25,2425,EPL,Brighton,Everton,0,1,away,1.7,4.04,5.72,1.68,3.83,5.5,1.7,3.74,5.37,16,3,1,1,1.17,1.03
2025-01-25,2425,EPL,Bournemouth,Nottingham Forest,5,0,home,2.14,3.75,3.5,2.11,3.7,3.45,1.99,3.64,3.77,16,18,10,4,1.47,1.4
2025-01-25,2425,EPL,Liverpool,Ipswich Town,4,1,home,1.13,13.0,27.0,1.1,11.75,21.77,1.11,11.32,21.57,16,3,6,3,2.23,1.07
2025-01-26,2425,EPL,Aston Villa,West Ham United,1,1,draw,1.58,4.6,6.0,1.55,4.46,5.99,1.47,4.75,6.52,14,14,4,4,1.77,1.4
2025-01-26,2425,EPL,Crystal Palace,Brentford,1,2,away,2.09,3.82,3.62,2.06,3.7,3.59,1.97,3.76,3.7,16,13,5,6,1.53,1.5
2025-01-26,2425,EPL,Tottenham,Leicester City,1,2,away,1.49,5.5,6.25,1.46,5.37,5.94,1.51,4.92,5.58,15,12,6,3,2.23,1.37
2025-01-26,2425,EPL,Fulham,Manchester United,0,1,away,2.38,3.65,3.18,2.32,3.48,3.18,2.39,3.44,2.99,9,4,3,1,1.6,1.47
2025-02-01,2425,EPL,Wolverhampton Wanderers,Aston Villa,2,0,home,3.5,3.81,2.18,3.43,3.56,2.17,3.17,3.43,2.3,8,10,5,3,1.57,1.6
2025-02-01,2425,EPL,Newcastle United,Fulham,1,2,away,1.73,4.25,5.1,1.71,4.14,4.74,1.73,3.88,4.83,11,15,4,4,1.77,1.4
2025-02-01,2425,EPL,Ipswich Town,Southampton,1,2,away,2.02,3.9,3.95,2.0,3.71,3.78,1.92,3.64,4.01,15,9,6,4,1.67,1.37
2025-02-01,2425,EPL,Everton,Leicester City,4,0,home,1.81,3.85,5.0,1.81,3.7,4.73,1.95,3.35,4.33,13,9,7,1,1.57,0.87
2025-02-01,2425,EPL,Bournemouth,Liverpool,0,2,away,4.75,4.48,1.71,4.68,4.35,1.68,4.51,4.22,1.71,14,19,3,7,1.67,1.9
2025-02-01,2425,EPL,Nottingham Forest,Brighton,7,0,home,2.48,3.57,2.99,2.46,3.43,2.99,2.63,3.39,2.72,14,10,9,5,1.53,1.4
2025-02-02,2425,EPL,Brentford,Tottenham,0,2,away,2.16,4.33,3.25,2.12,3.88,3.11,2.0,4.12,3.34,20,13,4,2,1.87,1.77
2025-02-02,2425,EPL,Manchester United,Crystal Palace,0,2,away,2.08,3.59,3.85,1.98,3.49,3.83,1.79,3.63,4.74,17,11,2,3,1.33,1.47
2025-02-02,2425,EPL,Arsenal,Manchester City,5,1,home,2.01,3.75,4.08,1.93,3.63,3.85,1.91,3.93,3.81,12,7,7,4,1.67,1.37
2025-02-03,2425,EPL,Chelsea,West Ham United,2,1,home,1.39,5.92,8.0,1.36,5.92,7.51,1.29,6.25,9.4,22,14,3,5,1.9,1.23
2025-02-12,2425,EPL,Everton,Liverpool,2,2,draw,8.0,4.9,1.46,7.36,4.73,1.45,7.49,4.55,1.46,10,6,3,4,1.07,1.8
2025-02-14,2425,EPL,Brighton,Chelsea,3,0,home,3.0,3.83,2.51,2.92,3.65,2.43,2.93,3.66,2.36,13,8,5,3,1.3,1.8
2025-02-15,2425,EPL,Leicester City,Arsenal,0,2,away,10.5,5.6,1.36,9.47,5.42,1.34,10.1,5.41,1.32,6,11,2,5,0.8,2.27
2025-02-15,2425,EPL,Aston Villa,Ipswich Town,1,1,draw,1.43,5.2,8.2,1.41,5.02,7.6,1.43,4.94,7.18,25,4,6,3,1.57,1.3
2025-02-15,2425,EPL,Fulham,Nottingham Forest,2,1,home,2.28,3.48,3.52,2.23,3.38,3.47,2.16,3.44,3.5,24,8,10,2,1.47,1.63
2025-02-15,2425,EPL,Manchester City,Newcastle United,4,0,home,2.01,4.2,3.55,1.99,4.09,3.49,2.07,4.02,3.26,11,3,7,1,1.57,1.97
2025-02-15,2425,EPL,Southampton,Bournemouth,1,3,away,6.2,4.9,1.55,6.01,4.65,1.52,6.02,4.73,1.51,11,14,4,7,0.97,2.17
2025-02-15,2425,EPL,West Ham United,Brentford,0,1,away,2.49,3.77,2.9,2.43,3.71,2.83,2.38,3.65,2.88,13,14,3,5,1.33,1.8
2025-02-15,2425,EPL,Crystal Palace,Everton,1,2,away,1.87,3.57,5.3,1.79,3.5,5.17,2.02,3.18,4.36,17,11,6,6,1.2,1.13
2025-02-16,2425,EPL,Tottenham,Manchester United,1,0,home,2.51,3.85,2.8,2.46,3.84,2.73,2.2,3.85,3.08,22,16,7,6,1.77,1.57
2025-02-16,2425,EPL,Liverpool,Wolverhampton Wanderers,2,1,home,1.21,8.5,15.0,1.19,8.22,12.7,1.23,6.99,11.94,10,16,3,4,2.27,1.33
2025-02-19,2425,EPL,Aston Villa,Liverpool,2,2,draw,4.1,4.17,1.9,4.02,4.09,1.85,3.83,3.98,1.9,9,17,4,3,1.2,2.13
2025-02-21,2425,EPL,Leicester City,Brentford,0,4,away,3.81,4.01,2.0,3.79,3.87,1.97,3.66,3.84,1.98,8,14,3,6,1.1,2.03
2025-02-22,2425,EPL,Southampton,Brighton,0,4,away,6.0,4.6,1.61,5.56,4.53,1.57,5.7,4.5,1.56,6,18,1,12,1.2,1.97
2025-02-22,2425,EPL,Everton,Manchester United,2,2,draw,2.61,3.3,3.05,2.58,3.23,2.98,2.65,3.13,2.92,9,9,8,3,1.33,1.1
2025-02-22,2425,EPL,Arsenal,West Ham United,0,1,away,1.27,6.7,13.0,1.25,6.42,11.04,1.29,5.63,11.79,20,5,2,2,2.07,0.9
2025-02-22,2425,EPL,Bournemouth,Wolverhampton Wanderers,0,1,away,1.6,4.6,5.8,1.57,4.52,5.58,1.64,4.18,5.22,8,13,3,5,1.93,1.27
2025-02-22,2425,EPL,Fulham,Crystal Palace,0,2,away,2.08,3.61,3.89,2.04,3.52,3.84,2.08,3.46,3.72,10,10,4,5,1.43,1.37
2025-02-22,2425,EPL,Ipswich Town,Tottenham,1,4,away,4.1,4.05,1.93,3.92,3.96,1.89,3.38,3.8,2.07,17,10,5,6,1.3,1.87
2025-02-22,2425,EPL,Aston Villa,Chelsea,2,1,home,2.67,3.84,2.63,2.62,3.78,2.58,2.62,3.53,2.65,12,15,6,7,1.4,1.67
2025-02-23,2425,EPL,Newcastle United,Nottingham Forest,4,3,home,1.85,4.12,4.5,1.84,4.03,4.1,1.91,3.84,3.89,13,17,5,5,1.8,1.67
2025-02-23,2425,EPL,Manchester City,Liverpool,0,2,away,3.0,3.97,2.3,2.95,3.97,2.26,3.14,3.82,2.19,16,8,5,4,1.7,2.17
2025-02-25,2425,EPL,Brighton,Bournemouth,2,1,home,2.11,3.96,3.58,2.06,3.84,3.53,1.98,3.87,3.64,11,19,4,5,1.27,1.73
2025-02-25,2425,EPL,Crystal Palace,Aston Villa,4,1,home,2.61,3.45,2.91,2.57,3.42,2.89,2.26,3.52,3.19,19,6,6,2,1.5,1.23
2025-02-25,2425,EPL,Wolverhampton Wanderers,Fulham,1,2,away,2.75,3.45,2.75,2.74,3.36,2.74,2.42,3.28,3.1,18,11,5,5,1.4,1.63
2025-02-25,2425,EPL,Chelsea,Southampton,4,0,home,1.19,9.4,16.5,1.17,8.97,14.66,1.17,8.31,16.08,19,7,10,2,2.23,1.17
2025-02-26,2425,EPL,Liverpool,Newcastle United,2,0,home,1.54,5.0,6.1,1.53,4.86,5.67,1.37,5.47,7.71,12,3,3,3,2.17,1.7
2025-02-26,2425,EPL,Tottenham,Manchester City,0,1,away,3.35,4.25,2.1,3.23,4.15,2.07,3.88,4.29,1.82,11,12,6,5,1.8,1.83
2025-02-26,2425,EPL,Manchester United,Ipswich Town,3,2,home,1.56,4.75,6.5,1.53,4.69,5.8,1.51,4.5,6.35,10,12,6,3,1.67,1.23
2025-02-26,2425,EPL,Brentford,Everton,1,1,draw,2.06,3.82,3.67,2.03,3.75,3.64,2.08,3.6,3.54,12,14,3,4,1.37,1.3
2025-02-26,2425,EPL,Nottingham Forest,Arsenal,0,0,draw,4.1,3.6,2.02,4.02,3.51,1.99,4.23,3.45,1.94,6,13,2,1,1.33,1.87
2025-02-27,2425,EPL,West Ham United,Leicester City,2,0,home,1.65,4.33,5.4,1.63,4.21,5.34,1.77,3.77,4.77,8,10,2,2,1.83,1.3
2025-03-08,2425,EPL,Nottingham Forest,Manchester City,1,0,home,4.02,4.02,1.92,3.93,3.95,1.89,3.8,3.79,1.95,9,14,4,3,1.63,1.7
2025-03-08,2425,EPL,Brighton,Fulham,2,1,home,2.04,3.75,3.98,2.0,3.64,3.86,2.01,3.55,3.85,9,6,4,1,1.4,1.53
2025-03-08,2425,EPL,Crystal Palace,Ipswich Town,1,0,home,1.5,4.75,7.2,1.5,4.56,6.67,1.55,4.2,6.26,19,15,4,8,1.97,0.97
2025-03-08,2425,EPL,Liverpool,Southampton,3,1,home,1.14,11.3,25.0,1.12,10.6,18.75,1.11,10.91,23.99,28,6,7,4,2.7,0.93
2025-03-08,2425,EPL,Brentford,Aston Villa,0,1,away,2.29,3.99,3.08,2.27,3.82,3.01,2.16,3.88,3.15,13,12,3,4,1.63,1.4
2025-03-08,2425,EPL,Wolverhampton Wanderers,Everton,1,1,draw,2.71,3.31,2.95,2.68,3.15,2.92,2.84,2.98,2.84,11,12,3,4,1.13,1.6
2025-03-09,2425,EPL,Chelsea,Leicester City,1,0,home,1.22,8.4,15.5,1.2,8.05,11.42,1.23,6.96,12.22,20,3,7,3,2.23,1.07
2025-03-09,2425,EPL,Tottenham,Bournemouth,2,2,draw,2.79,3.98,2.45,2.73,3.95,2.42,2.8,3.75,2.4,12,17,4,8,1.37,1.83
2025-03-09,2425,EPL,Manchester United,Arsenal,1,1,draw,6.0,3.81,1.75,5.61,3.65,1.71,5.1,3.55,1.78,10,17,6,6,1.03,1.87
2025-03-10,2425,EPL,West Ham United,Newcastle United,0,1,away,3.34,3.83,2.23,3.3,3.62,2.2,3.35,3.49,2.2,9,9,2,3,1.4,2.03
2025-03-15,2425,EPL,Southampton,Wolverhampton Wanderers,1,2,away,3.85,3.65,2.11,3.67,3.56,2.08,3.9,3.38,2.04,10,5,3,3,1.17,1.97
2025-03-15,2425,EPL,Bournemouth,Brentford,1,2,away,1.8,4.3,4.4,1.77,4.21,4.29,1.76,4.2,4.29,17,10,5,4,1.6,1.23
2025-03-15,2425,EPL,Manchester City,Brighton,2,2,draw,1.7,4.7,4.89,1.67,4.55,4.62,1.81,4.03,4.15,11,15,3,3,1.8,1.43
2025-03-15,2425,EPL,Ipswich Town,Nottingham Forest,2,4,away,3.93,3.71,2.05,3.88,3.64,1.99,3.99,3.56,1.96,11,11,4,6,1.1,2.1
2025-03-15,2425,EPL,Everton,West Ham United,1,1,draw,2.17,3.35,3.97,2.11,3.3,3.9,2.14,3.22,3.82,13,10,5,5,1.5,0.97
2025-03-16,2425,EPL,Arsenal,Chelsea,1,0,home,1.85,3.91,4.6,1.81,3.78,4.55,1.73,3.68,5.24,12,8,4,2,1.6,1.23
2025-03-16,2425,EPL,Fulham,Tottenham,2,0,home,2.1,4.04,3.65,2.03,3.88,3.53,1.85,3.94,4.04,13,12,4,4,1.67,1.57
2025-03-16,2425,EPL,Leicester City,Manchester United,0,3,away,4.5,3.91,1.87,4.21,3.86,1.85,4.5,3.74,1.81,11,18,3,5,1.2,1.73
2025-04-01,2425,EPL,Arsenal,Fulham,2,1,home,1.52,4.5,9.0,1.5,4.21,7.79,1.49,4.16,7.46,17,9,4,3,1.47,1.07
2025-04-01,2425,EPL,Wolverhampton Wanderers,West Ham United,1,0,home,2.63,3.3,3.1,2.62,3.25,2.96,2.37,3.25,3.21,9,10,2,1,1.33,1.23
2025-04-01,2425,EPL,Nottingham Forest,Manchester United,1,0,home,2.45,3.59,3.28,2.36,3.44,3.19,2.36,3.39,3.11,8,23,2,6,1.93,1.3
2025-04-02,2425,EPL,Bournemouth,Ipswich Town,1,2,away,1.41,5.5,8.0,1.39,5.33,7.75,1.39,5.13,7.75,24,10,7,2,2.13,1.07
2025-04-02,2425,EPL,Brighton,Aston Villa,0,3,away,2.15,3.97,3.35,2.11,3.85,3.33,2.35,3.49,3.03,11,8,4,5,1.57,1.37
2025-04-02,2425,EPL,Manchester City,Leicester City,2,0,home,1.22,8.2,15.0,1.2,8.18,11.84,1.2,7.6,13.22,18,2,5,3,2.23,0.9
2025-04-02,2425,EPL,Newcastle United,Brentford,2,1,home,1.75,4.5,4.4,1.74,4.34,4.31,1.67,4.32,4.68,21,12,4,3,1.73,1.57
2025-04-02,2425,EPL,Southampton,Crystal Palace,1,1,draw,5.8,4.28,1.65,5.72,4.05,1.63,5.68,4.04,1.61,8,9,2,3,0.83,2.17
2025-04-02,2425,EPL,Liverpool,Everton,1,0,home,1.4,5.3,9.5,1.36,5.19,9.2,1.48,4.38,7.07,17,5,3,3,1.83,1.13
2025-04-03,2425,EPL,Chelsea,Tottenham,1,0,home,1.67,4.69,4.75,1.66,4.58,4.59,1.68,4.36,4.58,11,8,5,2,1.67,1.63
2025-04-05,2425,EPL,West Ham United,Bournemouth,2,2,draw,3.2,3.53,2.41,3.03,3.53,2.38,2.98,3.49,2.38,9,11,3,4,1.03,1.6
2025-04-05,2425,EPL,Aston Villa,Nottingham Forest,2,1,home,2.05,3.75,3.9,2.0,3.69,3.8,2.14,3.39,3.57,17,19,8,3,1.27,1.77
2025-04-05,2425,EPL,Ipswich Town,Wolverhampton Wanderers,1,2,away,2.8,3.45,2.72,2.78,3.3,2.71,2.84,3.2,2.63,6,22,2,7,1.2,1.8
2025-04-05,2425,EPL,Everton,Arsenal,1,1,draw,5.6,3.6,1.81,5.3,3.39,1.81,4.1,3.17,2.07,5,14,2,5,0.93,1.4
2025-04-05,2425,EPL,Crystal Palace,Brighton,2,1,home,2.5,3.6,2.97,2.5,3.46,2.9,2.53,3.39,2.81,8,11,3,5,1.6,1.3
2025-04-06,2425,EPL,Brentford,Chelsea,0,0,draw,3.4,3.85,2.2,3.26,3.8,2.16,2.89,3.57,2.41,9,21,2,5,1.3,1.27
2025-04-06,2425,EPL,Fulham,Liverpool,3,2,home,4.5,3.8,1.9,4.27,3.75,1.87,4.19,3.52,1.92,12,14,6,6,1.2,1.97
2025-04-06,2425,EPL,Tottenham,Southampton,3,1,home,1.43,5.6,7.75,1.39,5.42,7.33,1.37,5.41,7.68,13,12,8,4,2.13,1.2
2025-04-06,2425,EPL,Manchester United,Manchester City,0,0,draw,3.45,3.75,2.2,3.39,3.66,2.15,3.39,3.67,2.11,13,9,2,5,1.23,1.77
2025-04-07,2425,EPL,Leicester City,Newcastle United,0,3,away,6.75,4.7,1.53,6.61,4.47,1.51,7.18,4.63,1.45,7,16,2,5,0.87,2.3
2025-04-12,2425,EPL,Manchester City,Crystal Palace,5,2,home,1.52,4.9,6.21,1.5,4.81,6.12,1.63,4.25,5.16,21,8,9,3,1.47,1.4
2025-04-12,2425,EPL,Brighton,Leicester City,2,2,draw,1.29,6.2,12.0,1.27,5.96,10.93,1.29,5.98,10.04,21,15,7,6,1.97,0.87
2025-04-12,2425,EPL,Nottingham Forest,Everton,0,1,away,2.15,3.48,3.9,2.13,3.38,3.72,1.97,3.34,4.21,10,13,5,5,1.57,1.23
2025-04-12,2425,EPL,Southampton,Aston Villa,0,3,away,6.0,5.6,1.57,5.75,4.49,1.56,6.1,4.55,1.52,7,25,2,10,1.1,2.0
2025-04-12,2425,EPL,Arsenal,Brentford,1,1,draw,1.65,4.33,5.5,1.63,4.17,5.42,1.63,4.15,5.21,14,3,3,2,1.47,1.0
2025-04-13,2425,EPL,Chelsea,Ipswich Town,2,2,draw,1.28,7.0,12.0,1.25,6.84,10.14,1.2,7.33,13.53,34,13,9,4,1.8,1.1
2025-04-13,2425,EPL,Liverpool,West Ham United,2,1,home,1.31,6.2,10.4,1.3,6.09,9.78,1.28,5.9,10.63,15,11,6,4,1.93,0.93
2025-04-13,2425,EPL,Wolverhampton Wanderers,Tottenham,4,2,home,2.28,3.65,3.23,2.25,3.57,3.23,2.28,3.56,3.1,13,11,5,4,1.5,1.37
2025-04-13,2425,EPL,Newcastle United,Manchester United,4,1,home,1.69,4.35,5.3,1.66,4.29,4.97,1.61,4.29,5.26,13,9,6,5,1.83,1.13
2025-04-14,2425,EPL,Bournemouth,Fulham,1,0,home,2.18,3.79,3.4,2.16,3.62,3.39,2.24,3.41,3.3,12,12,3,7,1.57,1.4
2025-04-16,2425,EPL,Newcastle United,Crystal Palace,5,0,home,1.75,4.15,5.0,1.72,4.01,4.84,1.67,3.99,5.1,14,11,7,4,1.73,1.43
2025-04-19,2425,EPL,Brentford,Brighton,4,2,home,2.56,3.85,2.75,2.56,3.59,2.75,2.64,3.58,2.59,16,12,8,3,1.43,1.33
2025-04-19,2425,EPL,Crystal Palace,Bournemouth,0,0,draw,2.6,3.65,2.78,2.59,3.61,2.71,2.57,3.49,2.72,5,15,4,4,1.4,1.47
2025-04-19,2425,EPL,Everton,Manchester City,0,2,away,4.0,3.75,2.0,3.79,3.74,1.99,4.06,3.64,1.91,8,12,3,7,1.2,1.63
2025-04-19,2425,EPL,West Ham United,Southampton,1,1,draw,1.52,4.65,6.72,1.5,4.61,6.49,1.6,4.3,5.37,12,15,4,4,1.83,1.2
2025-04-19,2425,EPL,Aston Villa,Newcastle United,4,1,home,2.42,3.75,2.95,2.38,3.7,2.92,2.54,3.6,2.69,23,10,9,3,1.4,1.8
2025-04-20,2425,EPL,Fulham,Chelsea,1,2,away,2.9,3.7,2.54,2.9,3.55,2.45,3.07,3.57,2.3,6,13,1,8,1.43,1.33
2025-04-20,2425,EPL,Ipswich Town,Arsenal,0,4,away,8.35,5.0,1.42,7.87,4.95,1.41,9.07,5.12,1.35,4,24,4,7,0.93,1.93
2025-04-20,2425,EPL,Manchester United,Wolverhampton Wanderers,0,1,away,2.03,3.67,3.85,2.01,3.63,3.82,2.56,3.44,2.76,12,4,2,2,1.27,1.43
2025-04-20,2425,EPL,Leicester City,Liverpool,0,1,away,14.0,7.0,1.26,11.65,6.96,1.23,11.84,6.92,1.22,5,28,4,10,0.67,2.3
2025-04-21,2425,EPL,Tottenham,Nottingham Forest,1,2,away,2.55,3.85,2.78,2.52,3.78,2.69,2.4,3.49,2.96,22,4,6,3,1.33,1.73
2025-04-22,2425,EPL,Manchester City,Aston Villa,2,1,home,1.88,4.23,4.1,1.87,4.09,4.0,1.91,3.92,3.84,14,7,6,3,1.73,1.43
2025-04-23,2425,EPL,Arsenal,Crystal Palace,2,2,draw,1.45,4.8,9.0,1.42,4.74,8.22,1.4,4.77,8.6,12,15,6,4,1.5,1.13
2025-04-26,2425,EPL,Wolverhampton Wanderers,Leicester City,3,0,home,1.54,4.55,6.5,1.52,4.45,6.49,1.53,4.39,6.11,20,8,6,2,1.73,0.87
2025-04-26,2425,EPL,Southampton,Fulham,1,2,away,5.44,4.3,1.67,5.28,4.2,1.64,5.15,4.08,1.65,7,26,3,5,1.17,2.1
2025-04-26,2425,EPL,Brighton,West Ham United,3,2,home,1.7,4.28,5.0,1.7,4.2,4.75,1.78,3.96,4.36,16,12,9,4,1.7,1.37
2025-04-26,2425,EPL,Chelsea,Everton,1,0,home,1.62,4.18,6.1,1.58,4.17,6.05,1.44,4.79,7.31,10,6,7,3,1.2,1.27
2025-04-26,2425,EPL,Newcastle United,Ipswich Town,3,0,home,1.19,8.2,17.0,1.18,8.02,14.29,1.17,8.08,15.61,25,4,5,3,2.33,1.33
2025-04-27,2425,EPL,Bournemouth,Manchester United,1,1,draw,1.71,4.25,4.95,1.68,4.21,4.86,1.95,3.83,3.69,8,25,1,6,1.57,1.2
2025-04-27,2425,EPL,Liverpool,Tottenham,5,1,home,1.27,6.89,11.0,1.27,6.89,9.07,1.2,7.4,12.79,25,8,8,3,1.83,1.2
2025-05-01,2425,EPL,Nottingham Forest,Brentford,0,2,away,2.22,3.72,3.34,2.2,3.58,3.34,2.31,3.54,3.07,14,11,5,3,1.57,1.47
2025-05-02,2425,EPL,Manchester City,Wolverhampton Wanderers,1,0,home,1.43,5.3,8.0,1.41,5.27,7.55,1.34,5.42,9.09,9,6,2,1,1.77,1.23
2025-05-03,2425,EPL,Aston Villa,Fulham,1,0,home,1.85,4.0,4.6,1.82,3.96,4.27,1.86,3.75,4.18,10,11,3,3,1.57,1.33
2025-05-03,2425,EPL,Everton,Ipswich Town,2,2,draw,1.49,4.55,7.6,1.47,4.53,7.28,1.56,4.28,5.91,8,12,3,5,2.0,1.03
2025-05-03,2425,EPL,Leicester City,Southampton,2,0,home,2.4,3.75,3.1,2.37,3.7,2.93,2.42,3.55,2.87,14,8,4,2,1.53,1.57
2025-05-03,2425,EPL,Arsenal,Bournemouth,1,2,away,2.14,3.7,3.62,2.07,3.63,3.62,1.68,4.04,4.93,13,9,4,2,1.43,1.2
2025-05-04,2425,EPL,Chelsea,Liverpool,3,1,home,2.21,3.8,3.24,2.19,3.78,3.21,2.35,3.71,2.86,17,11,7,2,1.13,1.67
2025-05-04,2425,EPL,Brentford,Manchester United,4,3,home,1.71,4.25,4.95,1.7,4.23,4.7,1.65,4.36,4.79,12,14,6,5,1.53,1.1
2025-05-04,2425,EPL,Brighton,Newcastle United,1,1,draw,2.93,3.91,2.38,2.92,3.82,2.33,3.12,3.71,2.21,5,13,2,5,1.67,2.0
2025-05-04,2425,EPL,West Ham United,Tottenham,1,1,draw,2.15,3.85,3.5,2.08,3.73,3.5,1.86,3.93,3.97,11,7,2,2,1.47,1.47
2025-05-05,2425,EPL,Crystal Palace,Nottingham Forest,1,1,draw,2.35,3.47,3.24,2.31,3.44,3.23,2.2,3.43,3.39,20,12,3,4,1.5,1.57
2025-05-10,2425,EPL,Fulham,Everton,1,3,away,1.92,3.71,4.5,1.88,3.57,4.45,1.76,3.68,4.89,18,11,6,7,1.23,1.37
2025-05-10,2425,EPL,Ipswich Town,Brentford,0,1,away,5.1,4.53,1.68,5.1,4.21,1.66,5.66,4.68,1.53,11,15,4,5,1.1,2.17
2025-05-10,2425,EPL,Southampton,Manchester City,0,0,draw,15.0,8.0,1.2,14.01,7.65,1.19,13.84,7.49,1.19,2,26,4,5,0.97,2.3
2025-05-10,2425,EPL,Wolverhampton Wanderers,Brighton,0,2,away,2.8,3.53,2.61,2.76,3.47,2.61,2.98,3.34,2.45,10,7,3,2,1.57,1.47
2025-05-10,2425,EPL,Bournemouth,Aston Villa,0,1,away,2.52,3.8,2.78,2.46,3.75,2.78,2.58,3.53,2.68,10,6,4,3,1.4,1.47
2025-05-11,2425,EPL,Newcastle United,Chelsea,2,0,home,2.16,4.0,3.28,2.15,3.78,3.28,2.24,3.75,3.03,15,10,6,3,1.63,1.53
2025-05-11,2425,EPL,Manchester United,West Ham United,0,2,away,2.0,3.92,4.0,1.93,3.78,3.95,2.01,3.67,3.66,20,9,5,4,1.3,1.3
2025-05-11,2425,EPL,Nottingham Forest,Leicester City,2,2,draw,1.36,5.7,9.8,1.34,5.56,8.99,1.39,5.03,7.8,15,10,4,6,1.9,0.97
2025-05-11,2425,EPL,Tottenham,Crystal Palace,0,2,away,2.71,3.77,2.56,2.69,3.74,2.54,3.05,3.64,2.27,8,23,1,10,1.37,1.67
2025-05-11,2425,EPL,Liverpool,Arsenal,2,2,draw,2.1,3.65,3.71,2.08,3.54,3.71,2.24,3.56,3.16,14,15,5,7,1.53,1.33
2025-05-16,2425,EPL,Aston Villa,Tottenham,2,0,home,1.36,6.2,9.0,1.33,6.02,8.61,1.26,6.66,10.21,18,3,7,1,1.73,1.23
2025-05-16,2425,EPL,Chelsea,Manchester United,1,0,home,1.5,5.1,7.0,1.47,4.89,6.68,1.57,4.53,5.46,11,4,3,1,1.5,1.1
2025-05-18,2425,EPL,Leicester City,Ipswich Town,2,0,home,2.4,3.69,3.0,2.37,3.65,2.97,2.27,3.67,3.04,9,20,3,2,1.6,1.57
2025-05-18,2425,EPL,Brentford,Fulham,2,3,away,1.99,4.0,3.7,1.96,3.95,3.68,2.04,3.75,3.5,11,16,6,7,1.43,1.17
2025-05-18,2425,EPL,Arsenal,Newcastle United,1,0,home,2.08,3.7,3.83,2.03,3.58,3.83,1.9,3.76,3.99,12,14,4,5,1.6,1.5
2025-05-18,2425,EPL,Everton,Southampton,2,0,home,1.43,5.0,8.6,1.4,4.9,8.19,1.43,4.76,7.54,13,6,5,2,1.87,0.93
2025-05-18,2425,EPL,West Ham United,Nottingham Forest,1,2,away,2.88,3.56,2.63,2.84,3.43,2.56,3.0,3.39,2.41,16,10,5,5,1.3,1.47
2025-05-19,2425,EPL,Brighton,Liverpool,3,2,home,2.69,4.04,2.5,2.69,3.83,2.49,2.22,3.89,2.97,25,18,12,5,1.47,2.0
2025-05-20,2425,EPL,Manchester City,Bournemouth,3,1,home,1.58,4.8,5.8,1.57,4.52,5.6,1.34,5.59,8.53,12,8,5,2,1.57,1.23
2025-05-20,2425,EPL,Crystal Palace,Wolverhampton Wanderers,4,2,home,2.31,3.4,3.36,2.29,3.37,3.34,2.37,3.31,3.12,14,12,10,3,1.3,1.33
2025-05-25,2425,EPL,Nottingham Forest,Chelsea,0,1,away,3.2,3.85,2.25,3.15,3.76,2.22,3.44,3.78,2.06,10,6,2,2,1.37,1.4
2025-05-25,2425,EPL,Newcastle United,Everton,0,1,away,1.36,5.85,9.5,1.33,5.85,8.55,1.27,6.18,10.88,17,14,6,6,1.53,1.4
2025-05-25,2425,EPL,Southampton,Arsenal,1,2,away,11.0,6.11,1.31,9.46,5.85,1.3,11.73,6.4,1.25,7,23,2,8,0.73,1.93
2025-05-25,2425,EPL,Manchester United,Aston Villa,2,0,home,4.5,4.33,1.76,4.4,4.26,1.74,4.74,4.29,1.67,25,6,10,1,1.0,1.57
2025-05-25,2425,EPL,Tottenham,Brighton,1,4,away,4.38,4.55,1.73,4.33,4.52,1.71,3.71,4.02,1.91,4,23,2,8,1.53,1.77
2025-05-25,2425,EPL,Ipswich Town,West Ham United,1,3,away,3.1,4.01,2.28,3.02,3.9,2.24,3.2,3.59,2.22,14,10,4,6,1.1,1.73
2025-05-25,2425,EPL,Fulham,Manchester City,0,2,away,5.54,4.59,1.65,5.54,4.19,1.62,6.06,4.53,1.52,13,20,3,5,1.17,1.6
2025-05-25,2425,EPL,Bournemouth,Leicester City,2,0,home,1.38,6.0,9.0,1.34,5.82,8.37,1.34,5.6,8.53,20,3,7,3,1.67,1.0
2025-05-25,2425,EPL,Liverpool,Crystal Palace,1,1,draw,1.43,6.1,6.62,1.42,5.68,6.36,1.37,5.95,6.99,14,8,3,5,1.77,1.47
2025-05-25,2425,EPL,Wolverhampton Wanderers,Brentford,1,1,draw,2.77,3.85,2.48,2.74,3.83,2.45,2.91,3.74,2.32,18,13,6,7,1.27,1.4
